X,Y,rand_point,fid,DN,elev_1,slope_1,aspect_1,rough_1,tri_1
85.4238026172703,22.2302003453292,0,1,1,,,,,
85.4182987627607,22.2300362141623,1,2,1,444,16.4462909698486,360,,15.5884571075439
85.4295572772205,22.229797467281,2,3,1,434,17.279354095459,279.865783691406,9.10844039916992,23.1084403991699
85.429738061714,22.2302389749791,3,3,1,445,18.1621971130371,270,,19.2353839874268
85.4542434314883,22.2297961509076,4,4,1,427,15.4052257537842,103.772644042969,6.52540683746338,20.2731342315674
85.454443548789,22.230224407595,5,4,1,,,,,
85.4539323667881,22.2301792568598,6,4,1,439,15.1312322616577,131.846145629883,,16.3401355743408
85.4612899890153,22.229851911242,7,5,1,416,17.4863452911377,108.200202941895,,18.8944435119629
85.4151852666347,22.2294588508958,8,6,1,427,19.6976451873779,228.377304077148,25.7840614318848,32.4191284179688
85.4147714106822,22.2300369331167,9,6,1,407,15.4689445495605,266.602661132812,,16.0312194824219
85.4159117518415,22.2294911566923,10,6,1,433,18.245512008667,206.434967041016,12.108962059021,25.337718963623
85.416424143166,22.2295948776472,11,6,1,447,11.8281087875366,203.05500793457,17.8828811645508,17.1172428131104
85.4153017404849,22.2299187367941,12,6,1,432,17.7149505615234,283.35791015625,,24.4131107330322
85.4292627037773,22.229322798831,13,7,0,431,13.5851945877075,259.243927001953,10.2036285400391,18.165901184082
85.4308958585033,22.2298286455326,14,7,0,450,7.79674053192139,133.526077270508,13.1314392089844,11.357816696167
85.4298732656516,22.2295020950697,15,7,0,446,11.8465509414673,255.279968261719,8.51392078399658,19.1049728393555
85.4320205592985,22.2300606496132,16,7,0,455,9.79605579376221,90,,10.1980390548706
85.430344306278,22.2301885483805,17,7,0,454,0.989165484905243,270,,1.41421353816986
85.429351080399,22.2299811829259,18,7,0,427,13.5890264511108,270,,14
85.4305107346452,22.2293806219544,19,7,0,441,12.3738794326782,172.083679199219,14.3079328536987,16.7332000732422
85.4316405005377,22.2296036853289,20,7,0,450,14.6355991363525,206.505630493164,8.27181243896484,21.1896209716797
85.4340733621616,22.2295280675287,21,8,1,402,17.7076148986816,115.071441650391,11.7097187042236,22.9346904754639
85.4339467989758,22.2299862141504,22,8,1,407,18.2848892211914,121.40843963623,,18.9208869934082
85.4958758587103,22.2300330597648,23,9,1,398,15.4689445495605,266.602661132812,,18.8944435119629
85.4591482044696,22.229708862072,24,10,1,431,9.52134704589844,309.460723876953,17.6943759918213,16.1245155334473
85.4587037822874,22.2293127886448,25,10,1,442,16.4109535217285,341.190216064453,7.88813781738281,22.1359443664551
85.4605901408569,22.2297674766457,26,11,1,438,14.0286808013916,108.165855407715,12.445240020752,19.2353839874268
85.4601079277044,22.2294463125872,27,11,1,439,13.1161642074585,117.22541809082,13.4977312088013,17.3205089569092
85.4606370215339,22.2292839048774,28,11,1,428,15.4788961410522,117.319702148438,6.96940612792969,19.3390789031982
85.4323671111204,22.2293253426843,29,12,1,432,19.3523807525635,139.355453491211,4.97998237609863,25.9036674499512
85.4326311692672,22.2300195964852,30,12,1,,18.1621971130371,90,,
85.4308968369511,22.2292015727364,31,12,1,439,9.78872394561768,166.987014770508,15.7468137741089,13.5277490615845
85.431820292871,22.2287209129931,32,12,1,418,18.7147045135498,162.958786010742,16.5708694458008,26.9629383087158
85.4288975962632,22.2289912785485,33,12,1,421,19.6181316375732,246.978210449219,9.67292022705078,27.8388214111328
85.4302812447655,22.2288557250379,34,12,1,422,16.6050033569336,167.460021972656,22.5126113891602,24.6170673370361
85.4289370215892,22.2296769494477,35,12,1,424,18.4904918670654,276.334991455078,8.66691398620605,26.77685546875
85.4332599340032,22.22984668984,36,12,1,420,16.5301189422607,125.465019226074,,15.65247631073
85.431551979692,22.2291405103857,37,12,1,435,19.9226245880127,174.532821655273,14.8502902984619,29.7825450897217
85.4290940371139,22.2301718780959,38,12,1,420,16.9691123962402,271.539855957031,,17.8605709075928
85.4177420367956,22.2292301476861,39,13,1,455,19.0984497070312,304.636138916016,19.6325912475586,28.6879768371582
85.4172660612304,22.2286502162377,40,13,1,451,15.4052257537842,283.772644042969,9.8548526763916,20.3715496063232
85.4243230166072,22.2291249889547,41,14,1,398,7.58098840713501,54.175594329834,19.7657775878906,16.0623779296875
85.4248885998954,22.2288294802831,42,14,1,410,15.5055046081543,8.04959106445312,13.0998001098633,20.7123146057129
85.4238949621597,22.228874502429,43,14,1,410,16.9906711578369,25.9719123840332,18.7207775115967,23.021728515625
85.4599681096945,22.2292314692073,44,15,1,445,12.8531723022461,100.351501464844,8.96141147613525,18.3575592041016
85.4627808813316,22.2295236795572,45,16,1,405,9.2425365447998,349.299133300781,19.3265380859375,14.2828569412231
85.4639022102224,22.2297553081468,46,16,1,405,15.6034088134766,345.68212890625,,13.416407585144
85.460938105206,22.2287957623264,47,16,1,437,15.1806592941284,345.25390625,23.9748706817627,30.3150119781494
85.4613570922298,22.2290527629282,48,16,1,420,20.0934677124023,9.50845146179199,19.3134021759033,30.9030742645264
85.4644510502356,22.2300467328846,49,16,1,,,,,
85.4634082194371,22.2294516977255,50,16,1,420,19.0353050231934,337.955474853516,16.0040969848633,26.8328151702881
85.4621412682193,22.2290845101365,51,16,1,420,17.4619808197021,352.113067626953,12.6772384643555,24.1867733001709
85.5546001884175,22.2300740427911,52,17,1,,,,,
85.5540836523855,22.2300338242789,53,17,1,,,,,
85.4597211921649,22.2287611703302,54,18,1,440,15.6514110565186,132.310134887695,8.21585178375244,21.3072757720947
85.463903393703,22.2288453627101,55,19,1,422,17.884557723999,172.312850952148,9.76188278198242,24.8997993469238
85.4644610390204,22.228854397881,56,19,1,419,18.1827545166016,163.9794921875,14.4695072174072,25.3179779052734
85.4481811692623,22.2291145721349,57,20,1,432,10.1858835220337,239.866912841797,15.6006984710693,14.7986488342285
85.4476205881427,22.2286634038863,58,20,1,411,17.7400016784668,181.546340942383,15.0101547241211,26.77685546875
85.4486236230058,22.2286233152497,59,20,1,427,21.0907421112061,196.917037963867,17.8947620391846,29.6479339599609
85.4496339085917,22.2285116095545,60,20,1,437,17.6287841796875,251.961853027344,13.1028652191162,22.3606796264648
85.4488361415062,22.2290720864272,61,20,1,443,6.33173751831055,238.849670410156,25.7119197845459,9.53939247131348
85.4492181450316,22.2287833596361,62,20,1,433,18.8194789886475,217.440826416016,16.2401962280273,26.8141746520996
85.4470653503384,22.2287167732351,63,20,1,413,15.3762311935425,177.301010131836,5.96523475646973,21.7025337219238
85.4219156689764,22.2282840888939,64,21,1,404,11.8711242675781,354.10693359375,12.2232789993286,16.822603225708
85.5101487193375,22.2291100264053,65,22,1,423,6.25539255142212,159.242523193359,18.3717098236084,12.6885776519775
85.5095730554415,22.2290281212288,66,22,1,417,15.3617868423462,179.099746704102,13.5883417129517,21.2132034301758
85.5106369488856,22.2289729301661,67,22,1,414,15.1806592941284,165.25390625,9.5273609161377,20.5426387786865
85.543325576495,22.2293122724724,68,23,1,438,15.3763236999512,30.1508674621582,14.7714824676514,21.3307285308838
85.5538101046964,22.2293867758703,69,24,1,460,16.949068069458,285.608337402344,8.89104652404785,22.8910465240479
85.5694949387612,22.2294849017095,70,25,1,447,17.6637706756592,308.169677734375,11.8861999511719,23.021728515625
85.5777545108295,22.2294256375187,71,26,1,445,9.5676212310791,52.5481796264648,16.1901969909668,15.16575050354
85.4447274876655,22.2291083298049,72,27,1,411,23.9923877716064,272.639953613281,14.7337913513184,31.1769142150879
85.4446847924898,22.2300872956133,73,27,1,399,23.2221031188965,290.120971679688,,26.2488098144531
85.444431693075,22.228446674209,74,27,1,402,19.9720363616943,266.118713378906,5.69705963134766,26.8700580596924
85.4449114790674,22.229528771564,75,27,1,423,17.4915866851807,297.087310791016,23.2673015594482,29.2745628356934
85.4441058406522,22.2275399975181,76,27,1,377,10.1486177444458,228.377304077148,17.2433700561523,16.3707046508789
85.4442527438847,22.2294126260286,77,27,1,387,18.1143283843994,294.430694580078,16.3951377868652,23.021728515625
85.444599277679,22.227716578859,78,27,1,391,19.3297290802002,223.559326171875,11.2698459625244,25.8456954956055
85.445681754451,22.2280055414201,79,27,1,410,21.6206207275391,169.33056640625,13.2967529296875,30.789608001709
85.4468706335775,22.2281271424139,80,27,1,399,17.9176750183105,164.514190673828,6.96150970458984,24.7588367462158
85.4451305884766,22.2281837544648,81,27,1,410,18.3270015716553,195.107116699219,12.5404605865479,27.1108837127686
85.402966889521,22.2274742604571,82,28,1,398,16.7729034423828,250.945465087891,8.76845359802246,24
85.402863694518,22.2282208446736,83,28,1,397,20.6548652648926,259.978576660156,9.37344169616699,28.213472366333
85.4025562742981,22.2286757322137,84,28,1,396,18.6335849761963,253.760162353516,7.62614059448242,24.6170673370361
85.4024927020248,22.2294768266985,85,28,1,398,17.9507369995117,272.175811767578,9.04536437988281,23.0651245117188
85.4028851759729,22.2291271789399,86,28,1,408,21.068531036377,265.727630615234,9.53089714050293,26.8141746520996
85.4027584224611,22.2300380354105,87,28,1,409,17.264533996582,270,,18.9736652374268
85.402978367064,22.2295797090451,88,28,1,407,17.0516471862793,272.298248291016,13.2579689025879,22.3383083343506
85.4235617866752,22.2273634366615,89,29,1,431,14.0204916000366,316.255462646484,8.32706642150879,19.5192203521729
85.4234250534456,22.2280182185327,90,29,1,418,18.8486442565918,283.190521240234,17.0603218078613,26.1151294708252
85.4231509845744,22.2289054025098,91,29,1,394,15.071494102478,298.162750244141,26.3970756530762,29.5634918212891
85.4235499831691,22.2285067898016,92,29,1,418,21.8627643585205,278.224548339844,18.7418441772461,29.9165496826172
85.5550943237452,22.2288805095034,93,30,1,457,17.1936702728271,152.590850830078,10.7375755310059,23.1948261260986
85.555858340431,22.2292990294033,94,30,1,463,12.9176683425903,120.034660339355,11.2527074813843,17.5783958435059
85.555556547301,22.2286591200773,95,30,1,444,11.8370170593262,143.325759887695,17.5312423706055,17
85.5551911271427,22.2293257188229,96,30,1,472,8.17383289337158,143.056304931641,13.9783735275269,12.5698051452637
85.5691987145939,22.2288330839196,97,31,1,448,15.8169355392456,293.905487060547,8.36859226226807,21.2837963104248
85.5690830768981,22.2293353540407,98,31,1,448,15.3509254455566,291.923309326172,9.42025756835938,21.3072757720947
85.4059631814967,22.2272345500779,99,32,1,434,12.8055830001831,243.195785522461,7.26230525970459,17.2626762390137
85.4194014521161,22.2273727051655,100,33,1,419,13.1439743041992,109.486740112305,8.02171516418457,18.0831413269043
85.4554233468009,22.22846683449,101,34,1,418,22.4658126831055,277.405609130859,23.7080154418945,32.2024841308594
85.4557136887072,22.2278820771696,102,34,1,439,21.4544277191162,271.793518066406,24.2584991455078,32.0468406677246
85.4557819965644,22.2288899216202,103,34,1,427,11.495532989502,310.174163818359,15.8037986755371,20.4694900512695
85.455413052608,22.2274021087761,104,34,1,430,9.85836315155029,289.286834716797,15.9377965927124,16.0934772491455
85.4562956045012,22.2290475493711,105,34,1,430,15.7200527191162,334.570434570312,13.0737552642822,21.7485637664795
85.4487516481985,22.2275813004699,106,35,1,419,16.0257587432861,257.636779785156,10.2000713348389,20.688159942627
85.4047192312689,22.2286394365119,107,36,1,441,20.0596046447754,230.208160400391,9.54820442199707,28.5482044219971
85.4048835351362,22.2271413515922,108,36,1,428,18.9724617004395,241.508666992188,23.7737159729004,32.1403160095215
85.4045943903307,22.2277707533203,109,36,1,424,17.4834079742432,251.009552001953,17.1805572509766,23.4093990325928
85.4042450159786,22.2298372347872,110,36,1,434,15.956374168396,308.276580810547,,18.5741748809814
85.4036251713927,22.2294780425032,111,36,1,423,16.6312599182129,290.068206787109,13.7155437469482,21.2837963104248
85.404481614068,22.2268068526213,112,36,1,407,17.279354095459,260.134216308594,20.4784126281738,28.5131549835205
85.4037572529457,22.2287907836716,113,36,1,426,17.516902923584,235.141174316406,12.8715791702271,23.8746719360352
85.4042377122691,22.2288782939109,114,36,1,435,17.8576107025146,211.501449584961,12.5169849395752,24.8596057891846
85.4344785818285,22.2273565123123,115,37,1,395,15.4840288162231,71.8927459716797,14.1563730239868,21
85.4343709529597,22.2269142319794,116,37,1,396,13.8793354034424,109.381301879883,16.9926910400391,19.4935894012451
85.4308677372716,22.2270452382481,117,38,1,427,15.9366588592529,352.180816650391,7.05162525177002,21.4941844940186
85.4329494434874,22.2269889811646,118,39,1,423,15.7540073394775,21.5444889068604,7.36446571350098,22.2934970855713
85.431995991798,22.2270090530818,119,39,1,428,15.5852813720703,1.77361750602722,13.994068145752,21.6101837158203
85.4324960435622,22.227289465982,120,39,1,415,16.4459285736084,13.5306539535522,16.2148017883301,23.8117618560791
85.4153343226982,22.227910093186,121,40,1,434,15.4854488372803,290.803375244141,8.71635246276855,22.1810722351074
85.4153237384604,22.2287290476318,122,40,1,417,16.121696472168,301.656158447266,17.6876487731934,21.8632106781006
85.4149256667263,22.2283560560648,123,40,1,414,19.1535911560059,309.599975585938,11.8071260452271,25.5147018432617
85.4151623556382,22.2269436232476,124,40,1,436,17.7806396484375,291.762084960938,11.9195156097412,23.4520778656006
85.4151633445887,22.2274067536218,125,40,1,434,15.9078435897827,271.648681640625,10.648509979248,20.4694900512695
85.4152994502744,22.2265068540689,126,40,1,444,14.2306823730469,284.033813476562,14.9194459915161,19.1311264038086
85.4160247049046,22.2267533015466,127,41,1,460,18.0555191040039,287.568298339844,8.01287460327148,25
85.4165855114213,22.2271848314042,128,41,1,463,16.2491321563721,318.206329345703,6.79116821289062,21.0950222015381
85.4160721364073,22.2272034327215,129,41,1,449,15.8877048492432,296.522094726562,15.6347951889038,21.5406589508057
85.4282360416041,22.2269591396435,130,42,1,406,16.1439018249512,272.435302734375,7.64561462402344,21.2837963104248
85.4285657205011,22.2266087631931,131,42,1,409,13.8612451553345,238.997802734375,15.1430072784424,18.4119529724121
85.4531957443144,22.2286408385775,132,43,1,435,17.0516471862793,87.7017517089844,16.9503898620605,22.3159141540527
85.4528427585382,22.2297981648968,133,43,1,448,15.0560741424561,111.456466674805,10.1303939819336,19.6723155975342
85.452947729026,22.2282092168794,134,43,1,437,15.7962198257446,127.494346618652,8.25954151153564,21.3775577545166
85.452842167886,22.227734926946,135,43,1,432,17.2060585021973,120.205986022949,10.2229337692261,22.9564800262451
85.4529310492614,22.2291615591792,136,43,1,444,17.0516471862793,92.2982559204102,14.0570316314697,22.5610275268555
85.4527488593405,22.2270854445418,137,43,1,424,15.2362670898438,104.826522827148,10.8309936523438,20.0499382019043
85.4533188533547,22.227624257234,138,43,1,416,14.2725944519043,125.465019226074,18.1375427246094,21.9544982910156
85.4549438551081,22.2273630234384,139,44,1,422,15.9574565887451,284.956695556641,9.23770332336426,20.856653213501
85.4548953017184,22.226883333774,140,44,1,424,14.3038854598999,267.234954833984,8.3987922668457,19.3132076263428
85.4064045498022,22.2264496200952,141,45,1,439,15.2220001220703,259.583160400391,9.01133441925049,19.2093734741211
85.4483629359933,22.2269652281845,142,46,1,412,16.5633354187012,314.671508789062,8.78226757049561,23.0651245117188
85.4026691132527,22.2263087559651,143,47,1,393,15.4514846801758,344.604949951172,8.68815994262695,20.688159942627
85.4215469831788,22.2280200803124,144,48,1,410,13.4101753234863,355.847137451172,11.0905818939209,17.6635208129883
85.4208356735994,22.2269343942148,145,48,1,434,17.6218757629395,309.232330322266,14.7325134277344,25.0399684906006
85.4213457959981,22.2275856836968,146,48,1,429,15.4965877532959,347.410980224609,9.38052463531494,22.7596130371094
85.4207527525682,22.2264386744401,147,48,1,428,15.7122983932495,274.178833007812,13.8457317352295,22.3159141540527
85.4195862858767,22.2261743612002,148,49,1,422,16.0251998901367,13.9133634567261,12.6915016174316,25.278450012207
85.4201264323239,22.2259771806687,149,49,1,434,17.1319332122803,4.01488924026489,7.74044227600098,23.8537216186523
85.5428811412643,22.2271943513068,150,50,1,445,17.6569957733154,98.1451416015625,13.7443799972534,23.3880310058594
85.5429312945974,22.2266930005881,151,50,1,442,15.8636932373047,99.1316299438477,10.4846820831299,20.5426387786865
85.4106974969095,22.2257466544045,152,51,1,510,15.7703638076782,251.374313354492,8.65655994415283,21.5406589508057
85.4263305947704,22.2284263349588,153,52,1,394,15.1981563568115,72.4317016601562,25.397367477417,24.6576557159424
85.4250384310927,22.2253198115179,154,52,1,430,17.5072193145752,164.116500854492,15.7183418273926,24.145393371582
85.4265203828745,22.2262964721458,155,52,1,416,16.5955562591553,132.382995605469,24.9952087402344,25.7293605804443
85.4260819831306,22.2267928101219,156,52,1,436,23.4594173431396,64.8407440185547,22.202392578125,34.4383506774902
85.4257367842197,22.2252806745269,157,52,1,419,17.8290119171143,139.894027709961,17.7131938934326,24.1660919189453
85.4256267302805,22.225744860823,158,52,1,429,19.3297290802002,136.440673828125,18.4435329437256,25.5538654327393
85.4260255255798,22.2260172762866,159,52,1,428,27.1344776153564,123.504661560059,22.7740058898926,38.0394515991211
85.4256369216482,22.2278830602153,160,52,1,423,16.5305995941162,66.3839340209961,19.7282085418701,21.2367610931396
85.426282118639,22.227748495947,161,52,1,398,17.9085369110107,71.5076370239258,27.5385894775391,29.2916374206543
85.4259157159025,22.2272986058185,162,52,1,428,23.7438869476318,70.3948059082031,20.0882530212402,36.7014999389648
85.4271074830015,22.2255324560036,163,53,1,403,16.8451328277588,339.120330810547,21.044282913208,25.0798721313477
85.4277474143348,22.2254103252795,164,53,1,412,19.5902194976807,337.162658691406,11.7526607513428,26.9443874359131
85.4287876180987,22.2259680001343,165,53,1,419,24.8379535675049,300.913421630859,14.2552032470703,32.8024406433105
85.4269535555792,22.2250568656676,166,53,1,412,21.0766353607178,351.627960205078,14.0160789489746,28.6356430053711
85.4264499795891,22.2252511397032,167,53,1,412,17.4619808197021,352.113067626953,14.8153676986694,24.3104915618896
85.4286124116505,22.2251647718424,168,53,1,435,16.0645408630371,308.788909912109,19.950798034668,23.2163734436035
85.4291588475071,22.2263395929441,169,53,1,424,15.3947200775146,309.81201171875,21.4446239471436,21.4476108551025
85.4282865502939,22.2256659875204,170,53,1,406,17.1936702728271,332.590850830078,24.873046875,29.0860786437988
85.4050243158468,22.2251869420596,171,54,1,437,15.4886951446533,281.089202880859,23.2091979980469,22.715633392334
85.4050501566879,22.2260361362832,172,54,1,424,15.9346942901611,314.71923828125,12.8687839508057,21.4242858886719
85.4046417765952,22.2255729862517,173,54,1,423,16.1248207092285,279.798126220703,17.2240180969238,22.8910465240479
85.4045396744656,22.2245444733422,174,54,1,432,15.6253213882446,289.7041015625,12.1047563552856,20.7846088409424
85.4045053111496,22.2250911336319,175,54,1,423,16.8387413024902,284.113098144531,17.2240180969238,27.5680980682373
85.4517285397163,22.2256175893415,176,55,1,420,15.3020992279053,134.771179199219,14.4960823059082,20.7605400085449
85.4510906155301,22.2252559802386,177,55,1,437,15.4236927032471,122.342803955078,8.64312744140625,19.6977157592773
85.4512189556544,22.2257522988522,178,55,1,434,15.349513053894,123.547912597656,7.80865287780762,19.8494338989258
85.4490761317623,22.2250818172871,179,56,1,430,17.8506278991699,262.685760498047,8.86881732940674,22.4499435424805
85.4490508390245,22.2245947258067,180,56,1,423,15.3779592514038,241.508666992188,11.706151008606,20.0748596191406
85.4216943392037,22.2243089230173,181,57,1,456,15.4840288162231,71.8927459716797,12.7437372207642,20.1990089416504
85.4320656346466,22.2245338035708,182,58,1,392,11.2126684188843,27.2107849121094,16.0572242736816,17.7482395172119
85.433551573538,22.2242944353414,183,59,1,395,15.2343816757202,11.8907260894775,5.65265464782715,20.0748596191406
85.407001046356,22.2275688372601,184,60,1,464,26.4178924560547,259.05810546875,30.6268367767334,37.2155876159668
85.4077323963567,22.2264426640119,185,60,1,464,15.3196067810059,220.244079589844,21.2501487731934,22.1359443664551
85.4154720233056,22.2260599436221,186,60,1,451,17.9716033935547,308.267852783203,13.7852611541748,26.4952831268311
85.4086355705019,22.2292114342833,187,60,1,482,19.1937789916992,12.1688098907471,5.56701469421387,27
85.4143124840872,22.2260403768824,188,60,1,474,28.3844242095947,70.4971923828125,9.86093521118164,41.1339263916016
85.4154892392317,22.2248615700294,189,60,1,510,21.1482849121094,326.854858398438,33.2944564819336,33.2565765380859
85.4145328303252,22.225514168738,190,60,1,460,18.5852546691895,77.3218154907227,19.743257522583,26.7207775115967
85.4136588594825,22.2263075417873,191,60,1,479,25.6024551391602,32.1057357788086,13.8626880645752,36.0277671813965
85.4117362132384,22.2278670101124,192,60,1,484,17.0376415252686,8.0973072052002,9.14892196655273,23.5159511566162
85.4111598208068,22.2286395767278,193,60,1,469,16.5740871429443,40.7415542602539,29.0273380279541,27.1477432250977
85.4019606959327,22.2236011459232,194,61,1,382,16.949068069458,285.608337402344,16.0246162414551,22
85.4018056245972,22.2247275704664,195,61,1,378,17.9101142883301,261.243743896484,26.4110622406006,26.8886585235596
85.4021794171357,22.2244327083412,196,61,1,392,23.0675201416016,263.365997314453,14.9439277648926,31.7962265014648
85.4018974443793,22.2252441288665,197,61,1,379,17.9722442626953,266.376770019531,24.7312755584717,28.3196048736572
85.4022021405297,22.22599946337,198,61,1,397,15.9408483505249,292.802673339844,21.055061340332,29
85.4016949976403,22.226039304861,199,61,1,383,19.0955104827881,274.07470703125,18.806604385376,24.839485168457
85.4034860181458,22.223544207472,200,62,1,405,17.7644462585449,233.937789916992,11.7057008743286,23.1948261260986
85.4036673486782,22.2239753368311,201,62,1,416,12.8298292160034,238.528686523438,14.6752052307129,16.822603225708
85.4229516670174,22.2237173999139,202,63,1,446,17.4138107299805,65.272819519043,6.40056800842285,22.538854598999
85.4233283961616,22.224165668357,203,63,1,428,11.3882122039795,74.6559677124023,18.6621341705322,16.0312194824219
85.4225387788106,22.2240763554524,204,63,1,449,19.6745719909668,47.4266967773438,11.6593866348267,25.9036674499512
85.4207935758356,22.224049033818,205,64,1,482,17.4665222167969,98.9955520629883,24.5320053100586,26.8886585235596
85.4208632902469,22.223562730253,206,64,1,465,18.5093383789062,130.472030639648,30.1229820251465,26.8700580596924
85.4202749262453,22.2236894141946,207,64,1,483,16.2822704315186,160.129333496094,26.3578414916992,26.153392791748
85.4327550748096,22.2237480572637,208,65,1,409,14.2701215744019,1.94512355327606,9.30269145965576,20.6155281066895
85.433484210135,22.223557965519,209,65,1,419,15.0270137786865,18.7584819793701,12.0000352859497,22.8254241943359
85.4323284318932,22.2240055578142,210,65,1,404,12.784628868103,20.0236511230469,6.96508312225342,17.3205089569092
85.4157333143857,22.223475887055,211,66,1,503,15.5852813720703,181.773620605469,10.8853616714478,23.4307498931885
85.4218069397559,22.2235139240219,212,67,1,454,16.8839244842529,178.3701171875,10.1261501312256,22.6936111450195
85.4297211427075,22.223597337217,213,68,1,413,15.8487319946289,126.307479858398,6.80703353881836,21.023796081543
85.4197807145586,22.2291244001882,214,69,1,426,17.9507369995117,92.1758041381836,6.04839706420898,23.1948261260986
85.4179595952047,22.2275839330412,215,69,1,453,21.4893779754639,102.632225036621,15.5409736633301,28.7749900817871
85.4178528433426,22.2240429779787,216,69,1,483,15.3509254455566,68.0766830444336,7.44508934020996,19.4164886474609
85.4192143117227,22.2245957529019,217,69,1,474,15.6419734954834,354.692687988281,17.0110740661621,21.4476108551025
85.4192240201381,22.2283611383446,218,69,1,440,19.8531532287598,116.285293579102,11.9393577575684,26.3818111419678
85.4183853009429,22.2280574027907,219,69,1,455,20.833215713501,137.109176635742,10.6935958862305,29.0516777038574
85.4171743909293,22.2253800424415,220,69,1,493,17.1196708679199,65.6296768188477,16.3285655975342,24.9198722839355
85.4176363819869,22.2259510783437,221,69,1,477,17.5477390289307,75.7385864257812,26.1655502319336,24.6779251098633
85.4172779236741,22.2241995727191,222,69,1,491,16.9028491973877,60.0526313781738,8.76560974121094,23.8327503204346
85.4200751663116,22.225129408513,223,69,1,462,20.2051620483398,345.741302490234,9.81785774230957,27.2396774291992
85.4640598983095,22.2239844455144,224,70,1,404,6.39341402053833,17.9494590759277,18.3487567901611,8.71779823303223
85.463395170693,22.223536599748,225,70,1,422,16.1332664489746,341.737701416016,18.974063873291,23.8117618560791
85.464346063946,22.2235509947754,226,70,1,414,15.0037641525269,40.1059646606445,15.1294822692871,20.2977828979492
85.4608427663139,22.2241078654213,227,71,1,423,15.3073949813843,77.8947296142578,20.0103321075439,21.1660099029541
85.4612480308436,22.2235102527133,228,71,1,420,17.2009334564209,46.4739265441895,15.0048751831055,24.020824432373
85.4607120179534,22.2236484075195,229,71,1,429,15.5351457595825,53.8467063903809,20.0103321075439,22.7376346588135
85.4256497704679,22.2238500058944,230,72,1,443,21.0186443328857,352.901672363281,20.6504611968994,32.186954498291
85.4264674926346,22.2234955410881,231,72,1,470,28.667106628418,351.830078125,28.6795711517334,43.7264213562012
85.4256959198511,22.2229318082895,232,72,1,472,19.6049575805664,301.971343994141,12.2637338638306,25.9422435760498
85.427120718196,22.2243975335291,233,72,1,437,18.0649166107178,345.437225341797,12.3172798156738,24.7790241241455
85.4272453188417,22.2236253074381,234,72,1,456,23.4120826721191,344.977722167969,17.5092582702637,32.939338684082
85.4267811739453,22.2238726389451,235,72,1,451,26.8351860046387,344.662963867188,19.4643478393555,40.5092582702637
85.4252863525226,22.224252869656,236,72,1,427,15.5852813720703,358.226379394531,15.9792671203613,21.2367610931396
85.4260433308003,22.2242128356777,237,72,1,422,15.6913747787476,7.06075763702393,11.5496120452881,21.8632106781006
85.4265013879172,22.2243951518917,238,72,1,428,16.3763160705566,324.017242431641,13.3446826934814,22.2485961914062
85.4277372777269,22.2243172625237,239,72,1,442,18.5990791320801,339.737335205078,11.4002456665039,24.7588367462158
85.4186983985517,22.2231546249258,240,73,1,494,16.5619926452637,41.8872489929199,8.14480590820312,24.2693214416504
85.4191105890565,22.2228902597619,241,73,1,492,17.4256649017334,58.5003051757812,11.9404935836792,23.4307498931885
85.4269184459722,22.2229061831589,242,74,1,480,12.1335887908936,105.484519958496,4.75488662719727,16.5831241607666
85.4267811369363,22.2224414462962,243,74,1,469,13.4266128540039,117.626457214355,8.16157054901123,19.0262985229492
85.5726521590814,22.2236955824451,244,75,1,451,16.8891429901123,313.526062011719,12.8820781707764,24.0624179840088
85.4048859647232,22.2225718678437,245,76,1,431,18.7483386993408,250.231811523438,16.9549140930176,28.9827537536621
85.4043681777503,22.2238718515436,246,76,1,429,16.4904403686523,242.803985595703,11.6800098419189,22.9346904754639
85.4048143244382,22.2218038447561,247,76,1,410,18.0898265838623,254.71760559082,20.1029148101807,24.7386341094971
85.4048120148048,22.2230898589308,248,76,1,433,17.8506278991699,262.685760498047,19.0455665588379,24.6981773376465
85.4126814136584,22.2232177136111,249,77,1,499,13.128623008728,87.9852294921875,14.579213142395,18.1383571624756
85.412916555161,22.2218806189219,250,77,1,492,15.7777252197266,111.269691467285,13,21.1423740386963
85.412858086157,22.2224007102598,251,77,1,499,18.7573909759521,101.843460083008,10.8201036453247,24.4948978424072
85.4186845080876,22.2218462252069,252,78,1,488,11.9601058959961,110.388710021973,11.0997505187988,17.3205089569092
85.4186558259964,22.2223159683208,253,78,1,499,15.071494102478,118.162750244141,6.42495632171631,19.4422225952148
85.4394120829233,22.2245687621972,254,79,1,377,19.9720363616943,93.8812789916992,32.8263931274414,34.4093017578125
85.4385279631431,22.2222636177333,255,79,1,400,20.5911273956299,105.183242797852,16.7992324829102,27.5317993164062
85.4393548675325,22.2225485540366,256,79,1,383,15.4689445495605,93.3973388671875,25.698314666748,20.1990089416504
85.4389939076527,22.2259829709868,257,79,1,382,16.2721652984619,355.759704589844,17.3278369903564,21.8174247741699
85.4387046579144,22.223747604483,258,79,1,419,21.4714031219482,87.0125350952148,21.0548725128174,30.2820072174072
85.4393630100353,22.2252194373324,259,79,1,380,19.9109191894531,81.5382537841797,30.2904930114746,29.4108829498291
85.4382568151409,22.2218001819395,260,79,1,406,16.7911739349365,117.513847351074,9.8966064453125,21.7485637664795
85.4390575334274,22.2229644645889,261,79,1,399,28.9732875823975,98.0876083374023,14.2460708618164,38.9101524353027
85.4383181755142,22.2233854017436,262,79,1,431,17.7199592590332,91.4705200195312,30.3600769042969,25.059928894043
85.4392369897359,22.2235293704087,263,79,1,386,25.6459484100342,103.833961486816,21.8067932128906,36.249137878418
85.4333053311294,22.2264934454841,264,80,1,414,20.9078178405762,141.577819824219,15.68727684021,28
85.4278412703363,22.2233831009024,265,80,1,455,15.8008251190186,82.5077514648438,14.1586780548096,19.7737197875977
85.4275979516176,22.2224282606757,266,80,1,452,18.5852546691895,102.678184509277,16.4653663635254,24.7790241241455
85.43044697678,22.2258084495387,267,80,1,424,19.9709815979004,140.102249145508,17.061429977417,26.4007568359375
85.4296609940257,22.2243418764242,268,80,1,423,16.6923236846924,118.589683532715,7.19292259216309,21.6794834136963
85.4321508525683,22.2263444630464,269,80,1,421,25.5058422088623,164.251266479492,22.47727394104,36.7831497192383
85.4302545937028,22.2249187834549,270,80,1,415,20.051290512085,101.009002685547,10.0196170806885,26.2678508758545
85.4290175402428,22.2240240832131,271,80,1,433,18.3819332122803,117.958786010742,6.60240936279297,24.9599685668945
85.427970934734,22.2217221484793,272,80,1,442,16.1248207092285,99.7981262207031,10.1215314865112,20.7605400085449
85.4298879759557,22.2253670178493,273,80,1,434,18.1283760070801,125.172828674316,20.3530387878418,25.278450012207
85.4310393596774,22.2231224148836,274,81,1,409,20.0407466888428,297.440155029297,16.7225723266602,28.7749900817871
85.4307146565555,22.2218814011159,275,81,1,422,15.4236927032471,302.342803955078,9.5916633605957,19.6977157592773
85.4310513696972,22.2223817830713,276,81,1,423,19.4773559570312,278.667541503906,10.7580165863037,25.3968505859375
85.4084565742439,22.2215380964693,277,82,1,462,16.2428379058838,222.964004516602,6.60696411132812,22.4499435424805
85.4090602736367,22.2215073963136,278,82,1,471,11.3093347549438,205.573669433594,11.0528326034546,14.7986488342285
85.4078226542346,22.2216406834616,279,82,1,454,16.2231483459473,212.280288696289,6.47448348999023,21.1423740386963
85.4087116935413,22.2219509334636,280,82,1,476,15.9476308822632,226.473937988281,8.52155494689941,21.1187114715576
85.4265720676195,22.2216611934676,281,83,1,455,14.3281507492065,161.271087646484,13.5017890930176,19.9248580932617
85.4259696520819,22.2216912619036,282,83,1,469,15.6419734954834,174.692687988281,12.9852638244629,21.6333084106445
85.4623683543138,22.2220616018763,283,84,1,439,16.0015163421631,19.3380222320557,10.934365272522,22.0907211303711
85.4615824921395,22.2222370959364,284,84,1,442,19.2015209197998,8.55334568023682,6.8908634185791,26.6645832061768
85.4620306108296,22.221708458052,285,84,1,460,6.10841989517212,43.2892150878906,15.6079807281494,15.3948040008545
85.4002082358849,22.2211602729384,286,85,1,384,15.1124095916748,302.097839355469,10.4562635421753,18.8944435119629
85.430503127655,22.2216093167026,287,86,1,421,15.349513053894,303.547912597656,6.35605144500732,19.4422225952148
85.4020065012748,22.222629401934,288,87,1,393,11.3391571044922,298.050079345703,14.3402166366577,16.6433162689209
85.4011743355152,22.221823361447,289,87,1,397,15.0270137786865,341.241516113281,11.4142799377441,20.3960781097412
85.4024146382039,22.2221539555483,290,87,1,411,20.0479488372803,359.322265625,15.1789627075195,29.7993297576904
85.4018082983377,22.2216469519515,291,87,1,411,19.0689601898193,297.552734375,20.0515804290771,26.907247543335
85.4030626779592,22.2220468092863,292,87,1,407,15.6913747787476,7.06075763702393,10.8959188461304,21.2837963104248
85.4004691353967,22.2213986072412,293,87,1,393,14.6101026535034,289.286834716797,11.4697742462158,19.9248580932617
85.4589865927509,22.2219373592868,294,88,1,441,12.966028213501,4.30063724517822,14.0727481842041,18.3030052185059
85.4577795932686,22.2215415321748,295,88,1,448,15.3613224029541,311.045349121094,9.48575592041016,20.9761772155762
85.4577204768951,22.2221302534053,296,88,1,430,20.3056335449219,342.343994140625,14.8690481185913,27.8028774261475
85.458161460212,22.221844842866,297,88,1,446,16.768404006958,348.430541992188,13.7534322738647,25.4558448791504
85.4595806270524,22.2219364923639,298,88,1,441,12.2618885040283,1.13800013065338,15.6362161636353,17.776388168335
85.4585484043443,22.2221569136557,299,88,1,433,17.0376415252686,8.0973072052002,11.3415756225586,23.2378997802734
85.4574797316209,22.2211788378487,300,88,1,444,16.494421005249,291.100006103516,5.10479736328125,21.2602920532227
85.4039429778026,22.2208307287193,301,89,1,421,23.1671333312988,14.6063680648804,17.5665874481201,33.6600646972656
85.4032724167384,22.2210747199572,302,89,1,415,19.3403873443604,45.503345489502,15.2392807006836,27.1293201446533
85.4044276350136,22.2206353826967,303,89,1,418,7.860023021698,51.4151458740234,15.5248947143555,12.6885776519775
85.40351452427,22.2206034304959,304,89,1,432,9.89804840087891,34.677547454834,26.0442924499512,16.5529460906982
85.4098106457946,22.220969983531,305,90,1,476,16.0752449035645,253.467971801758,10.3462514877319,22.6495037078857
85.4190128869983,22.2209740910143,306,91,1,493,17.9176750183105,15.4858093261719,12.3742961883545,25.3179779052734
85.4196785902452,22.2207657916214,307,91,1,505,14.0914812088013,355.067779541016,20.297269821167,22.4053573608398
85.4201711683698,22.2209685992036,308,91,1,493,16.5523204803467,6.67213344573975,12.9064741134644,22.4053573608398
85.4250168826481,22.2229730181079,309,92,1,449,22.1654243469238,300.881164550781,8.93382453918457,29.6479339599609
85.4244249552163,22.2223514973936,310,92,1,436,18.9328022003174,281.025207519531,21.3264579772949,25.059928894043
85.4249712153778,22.2221069651867,311,92,1,464,17.7363586425781,267.060882568359,19.1355514526367,24.7588367462158
85.4244669983052,22.2218652730344,312,92,1,439,18.2467613220215,264.290435791016,18.6701755523682,23.1300678253174
85.4247234147811,22.2206649673823,313,92,1,450,16.0645408630371,308.788909912109,9.59567165374756,21.8860683441162
85.4249760614443,22.2213621927932,314,92,1,450,14.6810922622681,256.424011230469,14.2736549377441,19.1833267211914
85.4247762497668,22.223555811592,315,92,1,442,16.5305995941162,293.616058349609,10.7542972564697,22.0680770874023
85.4244850087309,22.2230320596967,316,92,1,441,18.8806381225586,299.440002441406,14.640209197998,25.7875938415527
85.4242871666436,22.2213392958496,317,92,1,434,10.5374736785889,266.208709716797,16.5344371795654,17.2626762390137
85.4126165302137,22.2207671661142,318,93,1,491,15.3509254455566,111.923316955566,13.6933336257935,22.912878036499
85.4153388538186,22.221731120554,319,94,1,490,17.1545810699463,263.134582519531,6.48617172241211,22.226110458374
85.4157392299179,22.2207647848781,320,94,1,493,15.2970485687256,222.734954833984,12.8560428619385,22.583179473877
85.4152723173621,22.2205473479124,321,94,1,478,17.930326461792,230.688735961914,10.5201368331909,24.0624179840088
85.4149401284491,22.2209400425565,322,94,1,476,15.1663017272949,232.770111083984,18.7115478515625,20.7605400085449
85.4154211410561,22.2211712840609,323,94,1,489,16.5082454681396,262.048309326172,11.1931762695312,22.538854598999
85.4209201585971,22.2218659525701,324,95,1,465,17.1812076568604,77.7509460449219,18.3258361816406,28.4253406524658
85.4206895831209,22.2205888060162,325,95,1,497,16.2491321563721,41.7936630249023,15.5085868835449,24.020824432373
85.4208648085186,22.2224441096735,326,95,1,461,18.2868213653564,61.0624046325684,15.1286993026733,26.0384330749512
85.4210904352888,22.2229917476644,327,95,1,454,16.1245098114014,76.0491485595703,11.7564182281494,21.931713104248
85.4208548077388,22.2210142768262,328,95,1,479,15.9285306930542,42.8908233642578,8.24020195007324,25.3574447631836
85.4369917527341,22.2214884897184,329,96,1,437,18.2467613220215,95.7095794677734,19.132080078125,23.9582977294922
85.4371275868063,22.221944755999,330,96,1,425,16.2958793640137,102.967010498047,10.1626672744751,22.427661895752
85.4371158851205,22.2209607104574,331,96,1,421,17.1808757781982,135.730117797852,18.5020999908447,27.9821376800537
85.4366792342964,22.2207121274137,332,96,1,425,16.6589202880859,149.676620483398,19.030834197998,28.5131549835205
85.4365803921547,22.2211675948325,333,96,1,443,18.6600437164307,150.941040039062,27.5723495483398,33.8969039916992
85.4615032141529,22.2210190463691,334,97,1,446,16.2618427276611,220.624755859375,7.77661895751953,21.3541564941406
85.4612302064146,22.2213966728154,335,97,1,448,17.2199192047119,227.573089599609,6.84900856018066,22.4053573608398
85.4106384592629,22.2205084555428,336,98,1,480,15.3361530303955,193.655899047852,14.2505073547363,25.278450012207
85.4262728991503,22.2206064658577,337,99,1,462,17.0957374572754,16.3015670776367,17.8825340270996,25.0199928283691
85.4269095821167,22.2206631084089,338,99,1,462,16.3763160705566,35.9827575683594,18.7045440673828,31.432466506958
85.4469436559771,22.2207497409978,339,100,1,423,15.7540073394775,201.544479370117,10.3818111419678,21.7255611419678
85.445409722876,22.2216455743031,340,100,1,409,17.3911590576172,241.885345458984,8.47578811645508,22.3159141540527
85.4458006424661,22.2221654183597,341,100,1,424,16.2958793640137,257.032989501953,7.32203006744385,21.1660099029541
85.4448582875263,22.22333955341,342,100,1,420,14.9243974685669,247.3837890625,13.7748374938965,19.9749851226807
85.4450059558188,22.2213453315167,343,100,1,398,20.2273483276367,259.744964599609,9.76523971557617,26.9629383087158
85.444916903974,22.2226262042338,344,100,1,405,15.194580078125,239.118850708008,12.358302116394,21.3775577545166
85.4450705286971,22.2208812320213,345,100,1,393,17.2011985778809,251.467102050781,12.5268144607544,23.1084403991699
85.4449411093419,22.2219928399368,346,100,1,393,17.2098026275635,235.30712890625,18.2662200927734,27.0370121002197
85.4475219930311,22.2206526621371,347,100,1,429,16.6892147064209,199.338012695312,11.0276947021484,22.226110458374
85.4463545687373,22.2207813788322,348,100,1,418,16.869255065918,224.226623535156,8.63536262512207,21.6564083099365
85.4292561486924,22.2209523539191,349,101,1,432,21.1660022735596,75.9042129516602,6.20426177978516,26.7955226898193
85.429504568223,22.2204988761291,350,101,1,424,15.5152082443237,105.416564941406,14.9978685379028,20.3469905853271
85.4290170797832,22.2204017274708,351,101,1,432,15.8877048492432,116.522087097168,15.3758935928345,20.9045448303223
85.4295113563126,22.2213654340002,352,101,1,420,15.9265842437744,86.7053833007812,14.2655582427979,20.8806133270264
85.4492211777855,22.2207188272477,353,102,1,422,16.2945499420166,119.399444580078,8.62130832672119,21.470911026001
85.4601665202664,22.2206967964589,354,103,1,428,15.0135221481323,173.531387329102,16.7152786254883,23.8327503204346
85.4596858509473,22.2207856623021,355,103,1,430,16.0015163421631,160.661987304688,16.0848388671875,24.3310508728027
85.4061368182514,22.2213052871824,356,104,1,433,19.6565055847168,226.473922729492,14.4595336914062,25.9422435760498
85.4065386606128,22.2210392292094,357,104,1,434,21.7965278625488,193.101165771484,15.512113571167,30.7571125030518
85.4060006213965,22.2206750114953,358,104,1,409,15.5357761383057,207.762771606445,31.4118614196777,28.7923603057861
85.4057926917056,22.2216614381608,359,104,1,432,17.0451011657715,232.038024902344,11.1435947418213,22.3606796264648
85.4072926414434,22.2203362964171,360,104,1,444,19.7977924346924,259.500366210938,30.3478469848633,35.6089859008789
85.4069460018384,22.2207521875524,361,104,1,426,21.1175136566162,253.978164672852,20.1665115356445,33.8673896789551
85.4069758750723,22.2199680308855,362,104,1,422,21.3376293182373,263.975494384766,22.3794460296631,31.3847103118896
85.4107786373194,22.2200152302995,363,105,1,487,15.6777086257935,311.097961425781,5.78175735473633,20.2731342315674
85.4380322999142,22.225069106519,364,106,1,399,19.0464038848877,327.477447509766,8.63057518005371,25.1197128295898
85.4348030354087,22.2221182900265,365,106,1,417,18.2028903961182,339.242523193359,12.945273399353,26.0384330749512
85.436331075573,22.2227288751042,366,106,1,413,20.2585964202881,331.347778320312,20.6611557006836,26.907247543335
85.4358498738079,22.2222968937217,367,106,1,426,16.3125457763672,354.073974609375,14.6240882873535,22.6274166107178
85.4368356105456,22.2228549043311,368,106,1,432,15.5910530090332,299.971282958984,29.595027923584,27
85.4365992797349,22.2232831389045,369,106,1,410,22.6959972381592,288.282287597656,27.6041793823242,32.109188079834
85.4341808916774,22.2207490874569,370,106,1,454,20.3518848419189,300.55908203125,22.071720123291,34.2782745361328
85.4374485205813,22.2244656342638,371,106,1,400,15.8044843673706,325.650909423828,14.1745872497559,26.0192241668701
85.4337700431562,22.2212586470347,372,106,1,425,19.3398551940918,305.737579345703,15.7827243804932,27.6405506134033
85.4344382365628,22.2217742412594,373,106,1,426,18.3660106658936,337.849212646484,11.0301074981689,26.5706596374512
85.4361061192741,22.2200356521549,374,107,1,422,15.2961196899414,136.01789855957,6.77387714385986,20.3224010467529
85.4352800294862,22.219750388745,375,108,1,433,17.7889251708984,117.388175964355,11.322226524353,23.6008472442627
85.4248065789362,22.2196873355711,376,109,1,465,17.3546714782715,276.024505615234,10.9490756988525,21.9772605895996
85.424699740327,22.2202204593154,377,109,1,453,18.3969345092773,272.119354248047,12.487473487854,23.7486839294434
85.4246078644082,22.2192443828826,378,109,1,459,17.2775363922119,283.725311279297,12.9422435760498,23.473388671875
85.4366562579916,22.2196021711149,379,110,1,407,17.3481636047363,122.554573059082,9.06922721862793,22.3383083343506
85.4368145941035,22.2201592232962,380,110,1,420,15.6345834732056,139.623657226562,11.1146936416626,22.3383083343506
85.4373737273719,22.2203115783906,381,110,1,407,16.7276668548584,144.935745239258,13.6519346237183,22.1359443664551
85.4308843605939,22.2201267647646,382,111,1,441,16.2045154571533,281.391387939453,4.92808723449707,21.6794834136963
85.4304274725892,22.2197725893932,383,111,1,435,16.1316184997559,269.187805175781,3.45440292358398,21.9089031219482
85.4310105708238,22.2208241777446,384,111,1,442,15.6985340118408,295.026245117188,7.79176425933838,19.570384979248
85.4305006267777,22.2204667863256,385,111,1,428,15.6253213882446,289.7041015625,5.93908882141113,20.2237491607666
85.4305456641125,22.2193105580576,386,111,1,432,16.6923236846924,241.410308837891,4.21822166442871,22.0227146148682
85.4112156126723,22.2193453438252,387,112,1,504,14.850040435791,307.088806152344,6.06783676147461,19.4422225952148
85.4277020702504,22.2194959757257,388,113,1,448,12.7001667022705,118.229583740234,9.40080547332764,17.0880069732666
85.4489323229399,22.2197560478134,389,114,1,426,17.371997833252,160.661987304688,16.0997276306152,24.3515911102295
85.4479122183259,22.2196301957685,390,114,1,418,15.0135221481323,186.468612670898,14.9171380996704,21.1896209716797
85.4484470180325,22.2197222891557,391,114,1,428,15.4050712585449,175.507568359375,17.2783946990967,23.0867919921875
85.4577232020799,22.2195599692676,392,115,1,427,17.2202053070068,187.20051574707,8.14311504364014,22.7376346588135
85.4582012119301,22.2197930473166,393,115,1,437,7.73996257781982,185.467178344727,13.5180902481079,14.5945196151733
85.4327014322268,22.2215939331479,394,116,1,421,15.6458721160889,112.371711730957,17.6074848175049,21.8174247741699
85.4324048838565,22.2211110598922,395,116,1,425,19.2164096832275,75.0025939941406,9.43217849731445,27.4043788909912
85.432649382263,22.2220572269814,396,116,1,432,16.4904403686523,117.196014404297,14.5153007507324,21.5638580322266
85.4333650842879,22.2194015964071,397,116,1,450,16.3457584381104,11.8907260894775,11.916184425354,22.0907211303711
85.4324812676923,22.219736613593,398,116,1,456,19.9479522705078,25.3501472473145,15.1987018585205,28.2665882110596
85.4330508281719,22.2198463527977,399,116,1,433,15.5767669677734,9.80673980712891,18.6754989624023,23.5372047424316
85.4321362356586,22.2204076247662,400,116,1,442,15.7122983932495,85.8211822509766,10.270975112915,19.9248580932617
85.4018157486931,22.2196650164252,401,117,1,407,15.6370315551758,252.965103149414,22.5415306091309,23.7276210784912
85.4026642948216,22.2190955010996,402,117,1,412,16.727388381958,201.927200317383,8.20570755004883,22.97825050354
85.4022298523271,22.2205276622205,403,117,1,422,17.0401630401611,269.233551025391,14.9492158889771,22.4499435424805
85.4029197414799,22.2194841776303,404,117,1,426,17.9246864318848,210.470031738281,11.6149311065674,23.5796527862549
85.4034152803798,22.2189748441705,405,117,1,415,16.5924301147461,219.598098754883,6.80002403259277,21.5870323181152
85.4021699444147,22.2190216027994,406,117,1,410,15.1355638504028,215.064254760742,12.394434928894,22.3606796264648
85.4017783075183,22.2201360650777,407,117,1,409,15.0093240737915,266.493347167969,22.5415306091309,23.9582977294922
85.445176177843,22.2194412404318,408,118,1,396,16.0570125579834,261.810577392578,21.9700031280518,25.8650341033936
85.4448373893334,22.2198430544792,409,118,1,383,16.1248207092285,260.201873779297,18.6808738708496,22.8035087585449
85.4273141511317,22.2190142582862,410,119,1,451,16.2624797821045,133.526062011719,6.6253604888916,21.0475654602051
85.4342731494002,22.218988312845,411,120,1,451,15.7503099441528,84.1595611572266,8.67117214202881,20
85.434485804133,22.2194018007885,412,120,1,445,16.0865268707275,117.979949951172,7.03575992584229,20.8806133270264
85.4312660954889,22.2188026119795,413,121,1,449,17.0516471862793,272.298248291016,10.9269399642944,21.6333084106445
85.4315111416474,22.2192603367468,414,121,1,451,14.0731868743896,245.86604309082,15.6911582946777,18.4932422637939
85.4261807612285,22.2186025118295,415,122,1,460,15.4954147338867,145.90934753418,8.79808044433594,24.0624179840088
85.4264556866549,22.2189862379258,416,122,1,462,13.9550256729126,125.272529602051,13.0982847213745,20.1990089416504
85.4299327617534,22.218657090692,417,123,1,422,15.1464996337891,349.897644042969,11.5520763397217,20.5426387786865
85.4369852960373,22.2185773457319,418,124,1,395,15.6827116012573,37.9494819641113,21.7100601196289,28.5657138824463
85.4040601684323,22.2185755655821,419,125,1,428,19.1634063720703,236.32453918457,10.6337957382202,25.7875938415527
85.4042535036913,22.2181193914571,420,125,1,418,15.4109964370728,260.583587646484,13.5929441452026,20.1246109008789
85.4035485431885,22.2185420358586,421,125,1,415,16.2491321563721,221.793655395508,11.3104705810547,21
85.4327273327201,22.2186299694551,422,126,1,469,15.0604133605957,201.651351928711,13.4604053497314,24.1660919189453
85.4334905633509,22.2184392442317,423,126,1,455,17.0957374572754,163.698440551758,17.5534896850586,24.5967483520508
85.432241393113,22.2186435538232,424,126,1,457,15.3273506164551,206.165634155273,11.4590902328491,20.7605400085449
85.485010195294,22.2189734293858,425,127,1,407,14.9843578338623,314.798858642578,12.0908546447754,19.078784942627
85.4068642903924,22.2179970542662,426,128,1,470,14.9677362442017,55.4295768737793,12.5458602905273,21.4242858886719
85.4073817673194,22.2180018200406,427,128,1,462,13.0919580459595,47.9388542175293,12.1463241577148,23.9582977294922
85.408081662988,22.2177891102215,428,129,1,466,16.6210098266602,48.7568206787109,10.1522274017334,25.3179779052734
85.4845272137443,22.2185376200154,429,130,1,407,15.4528827667236,331.049652099609,11.205265045166,21.1896209716797
85.4219932063642,22.2204473171507,430,131,1,478,20.7144832611084,15.2204427719116,6.87712860107422,29.2232780456543
85.4224363956668,22.2197683423534,431,131,1,500,16.0056114196777,9.52776718139648,19.1176872253418,22.538854598999
85.4234514550957,22.2194940094764,432,131,1,465,34.045581817627,81.9774322509766,31.4144725799561,51.1272926330566
85.4232356313553,22.2199112938863,433,131,1,489,33.994930267334,73.7601547241211,33.3709754943848,55.0635986328125
85.4233434513947,22.217747036651,434,131,1,479,15.734302520752,122.577613830566,12.453013420105,21.5174350738525
85.4232117766915,22.2206135924136,435,131,1,455,29.7502174377441,40.5031242370605,30.2639923095703,43.5315971374512
85.4239407633008,22.2187898931241,436,131,1,466,22.8639869689941,74.2023086547852,25.4259147644043,30.0499591827393
85.4233544542633,22.2189300395494,437,131,1,493,29.0847358703613,80.2397079467773,33.8142890930176,42.4735221862793
85.4225385170154,22.2208756270969,438,131,1,451,15.3090515136719,19.3380222320557,23.3543148040771,22.4499435424805
85.4217985145532,22.2209076226329,439,131,1,466,15.750168800354,51.3109703063965,8.22806739807129,20.7123146057129
85.4119933795195,22.2178935144951,440,132,1,489,18.7970485687256,124.48127746582,18.8130207061768,24.7991943359375
85.4098842204158,22.2182471375473,441,132,1,483,24.3500022888184,277.286407470703,18.1180458068848,33.3316650390625
85.4096756090918,22.2191054826831,442,132,1,474,23.7960929870605,281.802825927734,22.7629909515381,33.6154708862305
85.4117469319574,22.2195616625124,443,132,1,506,15.1818542480469,20.4847564697266,7.77274703979492,20.3960781097412
85.410631484401,22.2178484905474,444,132,1,494,15.8718719482422,194.956390380859,9.89273834228516,22
85.4128924854886,22.2181703268484,445,132,1,482,15.1806592941284,165.25390625,18.2662200927734,22.1810722351074
85.4092487591747,22.218336845419,446,132,1,462,17.7149505615234,283.35791015625,10.6273136138916,22.8910465240479
85.4101470335698,22.2188506815878,447,132,1,497,25.7002182006836,286.327331542969,20.8806133270264,40.1123428344727
85.4126944410057,22.2186532269375,448,132,1,497,15.7949028015137,105.984710693359,14.8988571166992,21.9544982910156
85.4101315331023,22.2195324718569,449,132,1,482,17.8229846954346,294.083618164062,13.5655326843262,24.7588367462158
85.4841976372071,22.2184940701301,450,133,1,404,13.462254524231,330.865783691406,16.9952583312988,18.8679618835449
85.4841129335242,22.2180368681609,451,133,1,417,10.8285474777222,300.959228515625,11.9733247756958,14.3874950408936
85.4161177162043,22.2171810067996,452,134,1,468,15.5852813720703,358.226379394531,13.1580228805542,20.8806133270264
85.4166019871932,22.2170635370855,453,135,1,476,15.2343816757202,11.8907260894775,11.2251462936401,20.2731342315674
85.4289000884402,22.2169730245866,454,136,1,450,14.0229482650757,350.047637939453,15.0295152664185,21.9544982910156
85.4086738746623,22.2168812364495,455,137,1,462,16.183219909668,12.891471862793,10.7720098495483,21.8860683441162
85.4082684966281,22.2166121297628,456,137,1,476,15.3090515136719,19.3380222320557,14.8606986999512,21.4009342193604
85.4154588359087,22.216901013453,457,138,1,468,16.0442047119141,302.802886962891,10.9302425384521,23.0651245117188
85.4325615307134,22.2167576522902,458,139,1,452,14.1303615570068,77.7770080566406,7.65882110595703,18.7082862854004
85.3981058052385,22.2163118930126,459,140,1,405,15.7106437683105,50.109432220459,10.3891582489014,21.1660099029541
85.4279598406675,22.216613972643,460,141,1,453,16.5585613250732,344.851684570312,11.7717895507812,23.259407043457
85.4284710651628,22.2168933251316,461,141,1,446,18.8531837463379,343.852905273438,13.4455556869507,24.7184143066406
85.4283953364278,22.2164101144532,462,141,1,465,12.6588182449341,338.583526611328,17.2900238037109,17.9443588256836
85.5592117823026,22.2176272017204,463,142,1,443,14.9747200012207,119.373504638672,16.1422386169434,20.6397666931152
85.4049808648979,22.2180134375644,464,143,1,443,20.0047740936279,275.168914794922,22.399097442627,27.4226188659668
85.4045848936946,22.2174549761235,465,143,1,422,25.3188190460205,257.487548828125,22.1836814880371,36.2904930114746
85.4048307515765,22.2160801218739,466,143,1,424,15.8169355392456,246.094497680664,17.761022567749,26.324893951416
85.4043636278433,22.2179363796882,467,143,1,425,11.4887027740479,273.469451904297,19.2842025756836,21.6794834136963
85.4046422702939,22.2165768658102,468,143,1,435,18.4053077697754,245.233947753906,20.2880325317383,34.1174430847168
85.4043711985047,22.2169646706162,469,143,1,419,23.7776203155518,267.866821289062,25.3550624847412,34.3947677612305
85.404355594715,22.2161799456507,470,143,1,409,18.5852546691895,257.321807861328,26.1114387512207,28.5482044219971
85.4046666783866,22.218717253353,471,143,1,439,15.03675365448,236.672103881836,19.8120918273926,22.6936111450195
85.4092184925812,22.2163956067474,472,144,1,474,17.9602222442627,2.28950166702271,5.9169750213623,24.0416297912598
85.4097300750555,22.2165625036932,473,144,1,479,19.1208114624023,322.404693603516,15.9033966064453,25.6709957122803
85.4088563496346,22.2159723292311,474,144,1,495,8.86868476867676,356.828399658203,15.7487134933472,19.1833267211914
85.410211504992,22.2164844611008,475,144,1,488,13.3809108734131,317.826080322266,26.2210521697998,23.8746719360352
85.405553652173,22.2159629203938,476,145,0,433,19.7835254669189,198.905502319336,10.8145771026611,30.0832176208496
85.4297790568914,22.2159276223319,477,146,1,430,14.4669961929321,110.462928771973,13.3808746337891,21.2367610931396
85.4297583011748,22.2163997044643,478,146,1,439,16.4114437103271,114.68327331543,13.6839551925659,21.2367610931396
85.4247116544505,22.2158669715384,479,147,1,464,14.1303615570068,102.222999572754,5.6128978729248,20.5669631958008
85.4277387916084,22.2160409349644,480,148,1,462,15.1663017272949,307.229888916016,9.5053539276123,19.4679222106934
85.4324597851512,22.21616907142,481,149,1,445,15.3048810958862,138.511444091797,6.40050315856934,20.5426387786865
85.42074079174,22.2159987372668,482,150,1,492,18.4904918670654,83.6650161743164,23.2609615325928,28.3196048736572
85.4210726485285,22.2155489128231,483,150,1,484,12.7974519729614,49.4746322631836,26.3433418273926,20.3960781097412
85.4211458583264,22.2162695396162,484,150,1,478,16.5669097900391,103.549980163574,18.2697296142578,23.5159511566162
85.4271603604212,22.2156954186106,485,151,1,452,15.6839876174927,298.806457519531,8.36030864715576,19.5192203521729
85.4222967903557,22.2157482871516,486,152,1,468,17.9256649017334,20.2999324798584,22.9613208770752,27.6767044067383
85.4216326072127,22.2156908798519,487,152,1,471,15.3617868423462,0.900254905223846,22.2716255187988,25.2388591766357
85.4220387933683,22.2153624761028,488,152,1,484,15.7200527191162,25.4295539855957,21.7625198364258,28.6181755065918
85.4064315896954,22.2152469509045,489,153,1,431,15.2970485687256,222.734954833984,8.14852142333984,22.583179473877
85.4085266173919,22.2153728728008,490,154,1,492,15.0894947052002,276.987243652344,9.75860786437988,21.3775577545166
85.4390926183864,22.2163378658877,491,155,1,400,19.8564472198486,70.7777862548828,6.47640419006348,25.3771553039551
85.4393692799686,22.2155636052888,492,155,1,394,16.1684398651123,85.9454956054688,15.4718151092529,21.1187114715576
85.4387347500525,22.215384017739,493,155,1,410,17.0210628509521,99.2481918334961,11.0151453018188,22.427661895752
85.4386018808129,22.216028324574,494,155,1,413,15.5152082443237,74.5834350585938,14.5600290298462,21.1187114715576
85.4171410550775,22.2154283278399,495,156,1,479,18.0276489257812,190.700866699219,11.9065227508545,24.8193473815918
85.4165338314465,22.2154186180695,496,156,1,474,18.1826438903809,183.013320922852,12.8013162612915,25.3771553039551
85.417693372317,22.215165155699,497,156,1,478,16.869255065918,224.226623535156,11.3555612564087,21.8632106781006
85.4320871395862,22.2154430891928,498,157,1,447,17.7199592590332,88.5294799804688,7.8108377456665,22.4053573608398
85.5429845048708,22.2163063527207,499,158,1,422,16.8387413024902,255.886917114258,11.3745756149292,23.6220245361328
85.4310830679081,22.2150240258626,500,159,1,441,17.9121952056885,249.196624755859,17.4759368896484,24.7790241241455
85.430803055117,22.2162992545593,501,159,1,443,15.6868934631348,272.510131835938,15.9199695587158,21.9089031219482
85.4313681093311,22.2170130563847,502,159,1,465,10.6717510223389,304.449645996094,15.8633985519409,23.6643199920654
85.431443540229,22.2146575062597,503,159,1,445,17.1936702728271,207.409149169922,12.4602241516113,25.5929679870605
85.4312296006041,22.2159650870453,504,159,1,455,17.2114372253418,261.628631591797,8.19641494750977,23.2163734436035
85.43110338509,22.2174486605632,505,159,1,438,16.5929775238037,304.34130859375,21.9099712371826,28.6181755065918
85.4307382165946,22.2156695788155,506,159,1,445,15.8984146118164,239.748031616211,15.9951229095459,22.4499435424805
85.448026384024,22.2153809400974,507,160,1,406,20.8138980865479,299.034454345703,11.0336742401123,27.0185127258301
85.4474396709509,22.2147799097882,508,160,1,407,16.7729034423828,289.054534912109,22.6621074676514,33.5708198547363
85.4473417058223,22.2152536196934,509,160,1,400,15.9076251983643,305.129364013672,18.8738822937012,26.0576286315918
85.4482861097246,22.2157668288495,510,160,1,407,16.8891429901123,313.526062011719,12.0853281021118,22.7376346588135
85.5686751239472,22.2154491052927,511,161,1,443,15.7200527191162,154.570449829102,7.78106594085693,21.0475654602051
85.4379374290618,22.2163466673472,512,162,1,420,18.0184097290039,52.7701187133789,12.2645072937012,24.020824432373
85.4371380754194,22.2169039472797,513,162,1,436,21.0861625671387,70.1078567504883,6.13220405578613,28.4780616760254
85.4380383644232,22.2142415378562,514,162,1,412,16.5619926452637,138.112762451172,17.0172386169434,23.366641998291
85.4362954535476,22.2185117385813,515,162,1,413,16.2357788085938,66.7828216552734,11.2273740768433,25.7875938415527
85.4359397897601,22.2180916502153,516,162,1,431,15.349513053894,56.4520950317383,17.4748802185059,21.5406589508057
85.4377077845967,22.2172944816355,517,162,1,410,19.8288135528564,56.9233245849609,8.27691650390625,28
85.4361888997337,22.2171838831855,518,162,1,459,17.8062267303467,21.2758979797363,12.0384731292725,25.9807624816895
85.4374930457118,22.2153788178766,519,162,1,441,16.834156036377,100.145881652832,5.63454246520996,22.4499435424805
85.4372448688969,22.2159247976177,520,162,1,452,20.4374713897705,74.0345306396484,6.22615432739258,27.6224536895752
85.4367965300683,22.2174388494295,521,162,1,438,23.1959743499756,40.9005737304688,7.09197235107422,33.7638854980469
85.4088890277513,22.2136242788584,522,163,1,474,15.0270137786865,198.758483886719,14.8884897232056,21.1660099029541
85.4090603797107,22.214077710931,523,163,1,483,15.467698097229,201.024917602539,14.2887210845947,20.7605400085449
85.4093994723048,22.2136997850928,524,163,1,478,17.1099967956543,208.473724365234,12.0627660751343,22.8910465240479
85.4085700671655,22.2140688000585,525,163,1,480,15.4482097625732,186.277084350586,8.12760543823242,20.2977828979492
85.434473345873,22.2150590115471,526,164,1,434,16.7910861968994,253.421325683594,9.17957496643066,22.583179473877
85.4352066707867,22.2142142743231,527,164,1,438,17.3123970031738,230.849594116211,8.22623825073242,24.4948978424072
85.4347360617106,22.2161855555693,528,164,1,454,18.682710647583,255.966171264648,15.6974182128906,25.1396102905273
85.4352769579465,22.2137019709345,529,164,1,425,15.4482097625732,186.277084350586,11.6042022705078,20.5912609100342
85.434702143661,22.2142874227294,530,164,1,429,19.4715270996094,240.090377807617,10.911096572876,24.839485168457
85.4351169220752,22.214664641632,531,164,1,445,15.3986511230469,245.366714477539,10.7663908004761,19.8494338989258
85.4344085303502,22.2156039268835,532,164,1,439,20.8150787353516,257.543914794922,7.56430053710938,26.6645832061768
85.436047818125,22.2140516622285,533,164,1,435,15.5767669677734,189.806732177734,5.87789154052734,20.6639785766602
85.4347722775472,22.2167795807171,534,164,1,451,20.8631019592285,293.454711914062,11.1337242126465,26.4764041900635
85.428367036345,22.2145075420409,535,165,1,448,15.9671211242676,132.335433959961,7.71982574462891,21.023796081543
85.4278751628909,22.2142425293864,536,165,1,459,15.6253213882446,109.704093933105,15.001166343689,20.5182838439941
85.4286805057699,22.2154739065909,537,165,1,460,24.2732563018799,115.874282836914,25.2591762542725,32.9848442077637
85.4289966146087,22.2162129969691,538,165,1,456,15.5012283325195,84.9114303588867,17.3902626037598,21.3541564941406
85.4289610846615,22.2149298136526,539,165,1,440,17.3546714782715,96.0245056152344,22.9297561645508,24.1039409637451
85.4273898564694,22.2136627231528,540,165,1,456,15.8580598831177,146.836395263672,13.2828302383423,21.3541564941406
85.4279430049405,22.2135460916171,541,165,1,448,18.2784175872803,128.362487792969,9.54672908782959,23.9374179840088
85.4101777618067,22.2135637611027,542,166,1,470,17.4665222167969,98.9955520629883,15.254508972168,24.9599685668945
85.4097363894577,22.2147331794581,543,166,1,484,17.6019420623779,96.6790466308594,22.0752983093262,25.1594905853271
85.4102194094405,22.2148779500973,544,166,1,470,16.5126361846924,106.057250976562,19.0189971923828,25.6320114135742
85.409772540338,22.2132087370366,545,166,1,472,20.1782150268555,163.626663208008,12.7783622741699,29.8663692474365
85.4101432362621,22.214398709712,546,166,1,468,18.8408470153809,87.9342651367188,19.0189971923828,30.1993370056152
85.4097078155177,22.2139457608451,547,166,1,487,16.6374816894531,107.568305969238,21.5585079193115,29.325756072998
85.3996068444795,22.2128339610296,548,167,1,412,15.4886951446533,101.089202880859,10.2296705245972,19.6723155975342
85.4068862255784,22.2125954988435,549,168,0,440,14.4669961929321,290.462921142578,21.9344825744629,21.3541564941406
85.4471063154187,22.2126486678896,550,169,1,412,16.8123722076416,270,24.5149002075195,23.8537216186523
85.4484344467972,22.2141921743329,551,169,1,418,15.2146711349487,269.13623046875,10.5335683822632,19.3132076263428
85.4473244752227,22.2133439091121,552,169,1,399,23.835823059082,294.683288574219,37.8009452819824,42.7200202941895
85.4481323191299,22.2136759731188,553,169,1,409,18.1115112304688,300.926818847656,30.4112777709961,28.0178508758545
85.4041066703895,22.2122814325998,554,170,1,438,17.8666324615479,336.314147949219,14.7381591796875,26.0959758758545
85.4044209893786,22.2127293715786,555,170,1,422,10.8285474777222,300.959228515625,17.5324821472168,16.0312194824219
85.4035780407806,22.2121257765355,556,170,1,426,15.8044843673706,325.650909423828,9.7502326965332,21.3541564941406
85.404548740727,22.2120137136206,557,170,1,445,7.0746922492981,333.118927001953,18.7475070953369,11.357816696167
85.4038773713608,22.2127354955912,558,170,1,417,5.44861173629761,320.687316894531,17.5973052978516,8.88819408416748
85.4491249484719,22.2126886307746,559,171,1,427,16.3099308013916,153.733215332031,8.07398796081543,22.1810722351074
85.4498456493556,22.2131899393248,560,171,1,426,10.7669048309326,107.568305969238,11.3215246200562,15.5884571075439
85.4493141385554,22.2131702151152,561,171,1,432,11.741138458252,94.5256652832031,11.836145401001,16.7032928466797
85.399211020439,22.2126356209689,562,172,1,419,18.8913192749023,94.8107986450195,30.7025527954102,35.3977394104004
85.3989286276036,22.212229283068,563,172,1,431,17.4256649017334,121.499687194824,19.0247592926025,26.8328151702881
85.3990049764326,22.2132951261751,564,172,1,434,21.3836822509766,63.2413597106934,24.7396812438965,31.7647609710693
85.3977420660795,22.2134765093499,565,173,1,419,17.505069732666,318.934387207031,5.47432899475098,22.847318649292
85.3966743043786,22.2130008951049,566,173,1,402,15.8636932373047,279.131652832031,18.4558448791504,20.4205780029297
85.3977588636063,22.2123276775753,567,173,1,424,16.895435333252,243.548278808594,7.34749221801758,24.020824432373
85.3981685356895,22.2117972695954,568,173,1,423,16.0672054290771,215.767120361328,7.19484233856201,21.1896209716797
85.3979339670066,22.2142693471646,569,173,1,407,11.3213710784912,304.987182617188,12.6524648666382,15.2315464019775
85.3978444215805,22.2129082425293,570,173,1,435,11.9951486587524,293.905487060547,4.58698654174805,21.1423740386963
85.3972546588411,22.2127994296658,571,173,1,419,15.1663017272949,232.770111083984,8.58293151855469,20.7605400085449
85.3970622685376,22.213463792919,572,173,1,409,12.8005647659302,322.559173583984,8.97511100769043,17.2336883544922
85.3983715620016,22.2134836518923,573,173,1,431,11.9945554733276,328.113403320312,8.16523361206055,16.4924221038818
85.4435378981877,22.2122940246794,574,174,1,404,16.9191970825195,71.9408721923828,13.4046039581299,22.226110458374
85.443433540014,22.2128638448408,575,174,1,397,15.93874168396,79.2439193725586,14.8604898452759,21.3541564941406
85.4054478359656,22.2158156475138,576,175,1,433,19.7835254669189,198.905502319336,10.8145771026611,30.0832176208496
85.4065881681397,22.2190642326696,577,175,1,440,16.8839244842529,1.62988305091858,10.3394889831543,23.1084403991699
85.4058095853474,22.2161352530954,578,175,1,442,16.5166816711426,207.762771606445,9.1182975769043,23.5372047424316
85.4070783018968,22.2135210202525,579,175,1,468,25.8404121398926,254.281753540039,19.8235759735107,35.2562065124512
85.4064685514358,22.21347067308,580,175,1,436,20.9077606201172,256.342956542969,15.7584419250488,28.8963661193848
85.407181126441,22.2187065866324,581,175,1,447,21.4909286499023,32.4927062988281,22.1825408935547,34.0147018432617
85.4060803905829,22.2141324580879,582,175,1,439,19.7692127227783,265.420043945312,9.96225547790527,25.1396102905273
85.4053027631508,22.2179992448004,583,175,1,451,14.3746147155762,263.570373535156,14.6362018585205,18.165901184082
85.4060025483771,22.2179721543602,584,175,1,477,14.7683372497559,280.756072998047,19.4851360321045,21.8860683441162
85.4062752007184,22.2194591598174,585,175,1,430,19.9512901306152,346.242248535156,7.8642578125,27.5317993164062
85.4182940296912,22.2125345601603,586,176,1,478,18.351770401001,278.529266357422,26.7689151763916,26.8328151702881
85.4178939665904,22.2118920925156,587,176,1,488,16.5301189422607,305.465026855469,25.8262386322021,24.6779251098633
85.4171874211176,22.2117907536699,588,176,1,479,15.6127042770386,315.96484375,19.3762435913086,26.4007568359375
85.4182550108186,22.2130675366606,589,176,1,478,15.7949028015137,285.984710693359,19.9079284667969,26.9443874359131
85.4183962449478,22.2118830847239,590,176,1,496,10.6081256866455,306.231201171875,32.2714309692383,23.4946804046631
85.4019445117991,22.2114058695122,591,177,1,427,16.4294147491455,301.894104003906,9.25509262084961,21.7485637664795
85.4020351673237,22.2109257474104,592,177,1,434,13.8243036270142,269.045318603516,15.8127565383911,21.4476108551025
85.4077366828497,22.2111948277065,593,178,1,450,16.1614475250244,126.455375671387,7.72675704956055,20.4939022064209
85.4015813571424,22.2108366846105,594,179,1,422,15.0093240737915,273.506652832031,13.0739526748657,20.2977828979492
85.415358484973,22.2117290259066,595,180,1,469,19.8394622802734,307.851989746094,22.6569919586182,31.9843711853027
85.4150657666413,22.2109093122264,596,180,1,464,19.6181316375732,293.021789550781,14.0378456115723,25.9422435760498
85.4158329450637,22.2120779977523,597,180,1,462,15.5767669677734,350.193267822266,19.3352603912354,20.9284496307373
85.4155131586314,22.2111132129236,598,180,1,476,14.9243974685669,292.6162109375,22.4253406524658,22.8254241943359
85.4152527119779,22.2103371093585,599,180,1,471,15.221923828125,246.936386108398,9.68862438201904,23.2163734436035
85.4233233620263,22.2125683572329,600,181,1,460,13.8984184265137,67.5990219116211,17.3973731994629,25.5734233856201
85.4232770859264,22.2110274307063,601,181,1,467,17.8506278991699,97.3142318725586,19.733211517334,25.1396102905273
85.4231706580524,22.2130770220828,602,181,1,470,16.5126361846924,73.942741394043,12.8257627487183,22.8691940307617
85.4229976358767,22.2114093218341,603,181,1,480,16.8648452758789,94.654411315918,14.9248132705688,22.6936111450195
85.4229574795835,22.2136336143499,604,181,1,468,17.4665222167969,81.0044403076172,10.8412590026855,24.145393371582
85.4233171352825,22.2119453231031,605,181,1,470,18.6281604766846,87.2113723754883,10.8156976699829,24.2693214416504
85.4234038704553,22.2104709241526,606,181,1,464,16.2045154571533,78.6086044311523,19.3768615722656,29.2061634063721
85.4229442717774,22.2106575061163,607,181,1,481,21.0161952972412,90.6114501953125,15.7386798858643,29.3768615722656
85.5847796407052,22.2119250073237,608,182,1,466,15.0702419281006,347.030670166016,7.11201763153076,20.3469905853271
85.4107736726646,22.2102566433022,609,183,1,444,18.8229007720947,332.879241943359,23.3503112792969,28.7749900817871
85.4112847676181,22.2104057109208,610,183,1,452,17.2405490875244,344.675872802734,19.884334564209,25.9229621887207
85.4255634547699,22.2101043431933,611,184,1,487,9.46965789794922,27.7627735137939,12.2371435165405,17.3205089569092
85.4248453171534,22.2104739257875,612,184,1,470,18.0426635742188,343.050659179688,21.2049160003662,26.0192241668701
85.4240507190819,22.2104410412719,613,184,1,463,15.4418287277222,341.788452148438,25.2721672058105,24.6779251098633
85.426385607691,22.2102617492191,614,184,1,467,16.9801998138428,6.49337387084961,10.7268991470337,22.6936111450195
85.404830745314,22.2096833193978,615,185,1,455,15.9265842437744,273.294616699219,26.7043685913086,25.9229621887207
85.4048043076301,22.2105078753054,616,185,1,456,25.217737197876,272.494812011719,24.748851776123,38.392707824707
85.4046595886374,22.2111923112771,617,185,1,444,17.3492412567139,287.568298339844,22.1806373596191,25.2388591766357
85.405115225284,22.2108687910771,618,185,1,461,15.8132963180542,301.408447265625,26.6880073547363,22.7596130371094
85.4045378646242,22.2100896875644,619,185,1,435,23.0693645477295,283.35791015625,27.7811813354492,37
85.4221954344985,22.2102712431593,620,186,1,489,15.9486675262451,139.496871948242,11.5649318695068,20.688159942627
85.4221099901092,22.2098228317046,621,186,1,481,16.2428379058838,137.035995483398,10.0353202819824,21.2602920532227
85.4275021359384,22.2096143577852,622,187,1,464,16.6617755889893,56.7729911804199,6.1275463104248,21.2602920532227
85.4294092025909,22.2100295347157,623,188,1,457,16.3640842437744,91.600212097168,14.4860677719116,20.9523277282715
85.4291686893012,22.2093629281855,624,188,1,468,15.5787544250488,77.2569198608398,8.8707332611084,20.5912609100342
85.4244765254212,22.209528830258,625,189,1,496,15.9180030822754,328.012969970703,11.6949901580811,21.1660099029541
85.4281325471709,22.2095304966279,626,190,1,460,15.3273506164551,333.834381103516,12.9082555770874,23.8117618560791
85.4291926971472,22.2107203803717,627,190,1,442,16.8839244842529,1.62988305091858,13.2273559570312,22.6715679168701
85.428675874793,22.2096642971634,628,190,1,472,17.4986400604248,314.606597900391,13.7891178131104,25.1594905853271
85.4285729913066,22.2104719279613,629,190,1,448,19.8674926757812,336.784210205078,25.9603462219238,29.6310653686523
85.4301746080173,22.2107227079561,630,190,1,441,15.7602376937866,13.2628831863403,6.49065780639648,21.6564083099365
85.4293145474996,22.2101457488014,631,190,1,465,14.3322248458862,85.39794921875,20.7739562988281,19.4679222106934
85.4296955712532,22.210914673072,632,190,1,441,16.0748920440674,5.15650081634521,7.2396068572998,21.4476108551025
85.4043358482606,22.2092901405885,633,191,1,454,18.3948307037354,326.965209960938,5.05488777160645,25.059928894043
85.4035576606341,22.2094654879753,634,191,1,435,15.4048480987549,323.466217041016,9.14249515533447,20.4694900512695
85.4031846275034,22.2091405675469,635,191,1,430,17.1847801208496,317.936340332031,6.43824481964111,22.0907211303711
85.4039690305236,22.2089530872488,636,191,1,454,16.6526489257812,310.107482910156,12.0031757354736,21.3541564941406
85.4184114757091,22.2101311070899,637,192,1,506,17.0451011657715,307.961975097656,10.6720657348633,24.9198722839355
85.418385560265,22.209627807798,638,192,1,510,16.1316184997559,270.812194824219,10.8423748016357,21.8860683441162
85.4182137056135,22.208857494496,639,192,1,508,16.8387413024902,255.886917114258,13.2026042938232,23.8327503204346
85.413080350383,22.2093304089038,640,193,1,477,16.6526489257812,310.107482910156,15.4142904281616,21.9772605895996
85.4138042876385,22.2099525106192,641,193,1,463,21.6490993499756,13.8422069549561,17.4321327209473,32.2645301818848
85.4141231832022,22.2094805076174,642,193,1,476,16.6047134399414,26.6618843078613,16.5165138244629,25.5342903137207
85.4143545766718,22.2099682763862,643,193,1,463,16.742094039917,5.76478385925293,17.8783206939697,23.1516742706299
85.4128633476155,22.2087958604494,644,193,1,484,16.6580486297607,275.503997802734,16.3971881866455,21.5870323181152
85.4133497749403,22.2097087051827,645,193,1,474,18.4485187530518,332.237213134766,20.697940826416,25.7099208831787
85.4047813069195,22.2085435204802,646,194,1,445,18.4812679290771,107.121604919434,14.0801725387573,26.0384330749512
85.4047357496121,22.2090583953061,647,194,1,449,15.3360767364502,109.20174407959,14.2062730789185,21.1896209716797
85.5691642010993,22.2101397905425,648,195,1,426,16.4462909698486,360,13.2240133285522,22.8254241943359
85.5697649671186,22.2102918449739,649,195,1,425,15.1806592941284,345.25390625,13.2240133285522,23.643180847168
85.5685526117793,22.2101240639673,650,195,1,427,17.2202053070068,7.20051717758179,13.2233572006226,24.0624179840088
85.4231849620637,22.2085398536794,651,196,1,473,23.0943374633789,300.636016845703,24.9321403503418,35.7211418151855
85.4237294565745,22.2091568852815,652,196,1,488,18.5093383789062,310.472045898438,19.1294136047363,24.1246757507324
85.4231301925739,22.209007320658,653,196,1,466,13.5965538024902,268.05712890625,30.8549880981445,28.65309715271
85.4288044893221,22.2083237586416,654,197,1,462,16.4109535217285,161.190216064453,9.90678882598877,21.5638580322266
85.4283403820144,22.2084728575072,655,197,1,465,16.8199214935303,161.691329956055,10.6242189407349,22.1133441925049
85.4313753361512,22.2090729664688,656,198,1,428,14.8349761962891,96.2205047607422,17.9786071777344,23.0651245117188
85.4311628302295,22.2085506060455,657,198,1,447,17.6019420623779,83.3209533691406,23.6110382080078,29.9332599639893
85.4312947451653,22.2081020412093,658,198,1,435,16.0865268707275,117.979949951172,16.5663528442383,22.4944438934326
85.4202392259356,22.2092249072268,659,199,1,505,15.9148483276367,110.18726348877,10.3927898406982,21.1660099029541
85.4205270289805,22.2082889406033,660,199,1,483,17.8970909118652,119.678718566895,11.5356893539429,23.3880310058594
85.420635084103,22.2096452141634,661,199,1,498,15.5152082443237,105.416564941406,8.040696144104,20.2731342315674
85.4199802856793,22.2080517480892,662,199,1,496,16.121696472168,121.656158447266,9.42426681518555,20.9761772155762
85.420687451827,22.2088030508551,663,199,1,493,19.2791290283203,102.867851257324,8.04205131530762,25.7875938415527
85.586567500468,22.2095093160387,664,200,0,481,14.8480854034424,331.824462890625,5.05009841918945,20.1990089416504
85.4261473532046,22.2094082271347,665,201,1,492,24.1460151672363,23.8542671203613,13.5400657653809,33.4215507507324
85.4267397855054,22.2091089632844,666,201,1,487,15.8984146118164,59.7480316162109,13.9463310241699,20.44504737854
85.426490477984,22.2083093282993,667,201,1,492,16.4225368499756,127.73755645752,10.59144115448,21.1660099029541
85.4260711738279,22.2088804968037,668,201,1,507,16.0012722015381,83.4324035644531,10.5995388031006,20.8806133270264
85.425647280211,22.2095063756594,669,201,1,498,21.4889068603516,358.743499755859,18.0898323059082,29.6816444396973
85.4260635856991,22.2078720545708,670,201,1,492,16.9266948699951,141.385940551758,9.76405429840088,25.4165306091309
85.3965083634444,22.2077536477502,671,202,1,417,18.3224811553955,102.150024414062,13.643970489502,26.2106857299805
85.3954504362372,22.2083366424091,672,202,1,417,16.512638092041,349.088928222656,6.79615211486816,22.3383083343506
85.3957658544649,22.2087419129855,673,202,1,400,10.4076156616211,10.8365821838379,13.291898727417,13.7840490341187
85.3962497482238,22.2086286242723,674,202,1,405,15.3361530303955,13.6559066772461,15.6167583465576,21.0713081359863
85.3963438809136,22.2081804359214,675,202,1,412,18.4799652099609,48.5128898620605,11.7803344726562,27.0185127258301
85.4397092160095,22.2080961697663,676,203,1,413,16.3640842437744,88.3997955322266,13.9809999465942,22.0907211303711
85.4395371697232,22.2085915833418,677,203,1,413,16.5988349914551,87.6352005004883,12.9193201065063,22.538854598999
85.4248713564997,22.207747767218,678,204,1,474,16.4529438018799,181.675140380859,8.4019718170166,26.1342678070068
85.42549928501,22.207774437649,679,204,1,489,15.0922164916992,216.3154296875,11.1130647659302,20.4694900512695
85.4252475559494,22.2083705697285,680,204,1,499,15.5506248474121,212.881408691406,6.42896842956543,20.5426387786865
85.4243204033765,22.2082141788187,681,204,1,501,7.72653722763062,159.515243530273,20.294605255127,13.6381816864014
85.4243785299834,22.207756832543,682,204,1,478,19.9302539825439,146.797027587891,8.95199966430664,27.7668876647949
85.4024796812764,22.2076297602408,683,205,1,432,15.0093240737915,273.506652832031,5.48887348175049,18.8679618835449
85.4229157118844,22.2079624815817,684,206,1,483,12.0647449493408,329.676635742188,12.1122236251831,15.8113880157471
85.4092578934217,22.2073307941267,685,207,1,441,15.5917596817017,199.895538330078,25.9951934814453,27.1293201446533
85.4100146319242,22.2073988346534,686,207,1,449,17.4901371002197,223.229080200195,18.2763633728027,27.2763633728027
85.409339754002,22.207843391176,687,207,1,459,10.0386753082275,271.327117919922,21.9754447937012,15.0665187835693
85.4456531969486,22.207757563163,688,208,1,423,15.4050712585449,4.49242877960205,12.9627342224121,21.7944946289062
85.4462204762257,22.2076426776735,689,208,1,419,17.4377861022949,33.3454284667969,11.6272230148315,23.8746719360352
85.4461343159077,22.207175274595,690,208,1,432,10.3167219161987,84.8310928344727,15.4748477935791,16.2172756195068
85.4467116776833,22.2076917571523,691,208,1,407,15.3196067810059,40.2440719604492,14.0018892288208,20.9523277282715
85.4478100785932,22.2071985802024,692,209,1,413,2.42776727676392,54.534984588623,25.3502941131592,3.87298345565796
85.4479244532849,22.2076777233558,693,209,1,395,13.5140399932861,346.497924804688,28.0605506896973,30.1662063598633
85.4473277311338,22.207761265224,694,209,1,398,15.6034088134766,14.3178749084473,26.6574268341064,26.68332862854
85.4473272629114,22.2072693543984,695,209,1,417,3.8322696685791,31.0316066741943,26.3823623657227,8.12403869628906
85.4307584438347,22.2073389993124,696,210,1,432,15.6317949295044,133.526077270508,9.28101348876953,20.3715496063232
85.5852675558164,22.2086953334483,697,211,1,483,19.6462440490723,342.405426025391,12.1927127838135,26.645824432373
85.5859679541692,22.2094638664519,698,211,1,472,14.335503578186,333.9501953125,17.2667999267578,19.3132076263428
85.5865863804292,22.2092291415043,699,211,1,486,15.6385688781738,337.325500488281,5.07944107055664,22.6495037078857
85.5883843110592,22.2102419907913,700,211,1,469,13.0585870742798,317.936340332031,27.4436073303223,18.7349948883057
85.5889844131861,22.210192284629,701,211,1,483,19.8522205352783,347.573028564453,22.6420402526855,31.3687744140625
85.5871080776631,22.2093137418234,702,211,1,497,18.6412792205811,325.735870361328,11.496862411499,24.2280826568604
85.5877774815823,22.2097822646667,703,211,1,483,21.248950958252,352.345153808594,8.4228401184082,29.3938770294189
85.5864329174613,22.2098490633064,704,211,1,473,16.5076885223389,335.932006835938,7.92674827575684,21.9089031219482
85.5876545896612,22.2102436412673,705,211,1,465,8.89980697631836,345.6357421875,19.8492107391357,12.1655254364014
85.4207799436523,22.2065453558046,706,212,1,496,15.2836151123047,244.207992553711,16.0922336578369,21.3072757720947
85.4207774693872,22.2076576942802,707,212,1,481,17.1936702728271,332.590850830078,14.0345907211304,26.5894718170166
85.4212636447709,22.2076708839296,708,212,1,488,20.6988105773926,342.721130371094,14.0345907211304,27.5680980682373
85.4204844496673,22.2071960863137,709,212,1,486,15.4109964370728,279.416412353516,24.4618396759033,22.5610275268555
85.4447854164456,22.2066538896067,710,213,1,420,14.9824857711792,270,12.7187013626099,19.2873020172119
85.444738263982,22.2074217309767,711,213,1,424,15.0427894592285,275.251800537109,15.8548412322998,19.8746070861816
85.4109932030563,22.2063615455507,712,214,1,454,11.253381729126,245.66276550293,16.443531036377,17.0293865203857
85.4115416247365,22.2064398876735,713,214,1,474,15.6188821792603,225.255340576172,15.4048671722412,20.3960781097412
85.424744434528,22.2063631370409,714,215,1,469,16.2045726776123,110.65225982666,14.4243144989014,21.6101837158203
85.4101755278302,22.2055151532937,715,216,1,461,14.4648752212524,35.849006652832,18.2380256652832,21.4009342193604
85.5896243433292,22.2072681335494,716,217,1,489,15.58131980896,123.291801452637,,18.4661846160889
85.4130688443741,22.2054117721683,717,218,1,461,16.8587474822998,170.985488891602,9.12405586242676,23.366641998291
85.4123244795134,22.2057467200321,718,218,1,469,18.7242450714111,187.316329956055,7.8559684753418,25.6709957122803
85.4133776677009,22.2059353190394,719,218,1,477,16.9646739959717,130.174163818359,16.7538356781006,23.4946804046631
85.4124760339952,22.2052626286789,720,218,1,453,5.3610954284668,16.0205039978027,14.3916168212891,22.8910465240479
85.4117927964354,22.2056444065205,721,218,1,466,15.0604133605957,201.651351928711,12.1672878265381,20.44504737854
85.5778315280717,22.206907054483,722,219,1,467,15.4886951446533,281.089202880859,15.4966793060303,22.912878036499
85.5828223646217,22.2070619937496,723,220,1,498,16.0015163421631,19.3380222320557,9.30951118469238,21.3541564941406
85.5821734114776,22.2072819125654,724,220,1,492,16.4462909698486,360,7.06422233581543,22.2710571289062
85.5816766733104,22.2071594511406,725,220,1,492,15.1413259506226,360,7.30442714691162,20.5912609100342
85.4367319566808,22.2070516419011,726,221,1,450,19.5876426696777,69.0731964111328,10.568323135376,26.1725044250488
85.4370630291765,22.2067083266525,727,221,1,440,18.5422039031982,82.2727279663086,11.3392648696899,24.5967483520508
85.4369823540013,22.2078009801342,728,221,1,435,12.983585357666,82.8496398925781,13.5941181182861,17.3493518829346
85.4372602790761,22.2053851109675,729,221,1,455,17.8925342559814,63.6103248596191,10.8879985809326,23.5159511566162
85.4367787644441,22.2058218286325,730,221,1,462,17.4665222167969,81.0044403076172,22.8115520477295,26.4386081695557
85.4372118038279,22.2060930858131,731,221,1,446,19.6416797637939,75.3612289428711,13.7684364318848,26.608268737793
85.4372055790013,22.2072773972117,732,221,1,435,16.5990028381348,60.3212738037109,14.6399421691895,21.9544982910156
85.5806882251359,22.2064053509193,733,222,1,490,16.6549377441406,247.434646606445,19.834285736084,24.0831890106201
85.5807862057855,22.2068912367478,734,222,1,490,15.4052257537842,283.772644042969,19.834285736084,22.6053085327148
85.5803176528543,22.2067145191476,735,222,1,479,15.4495325088501,268.299835205078,24.9470710754395,22.5166606903076
85.4101479897387,22.204772961562,736,223,1,477,15.6317949295044,313.526062011719,19.9805335998535,21.023796081543
85.4343768018441,22.2049804147113,737,224,1,483,15.0718269348145,330.205139160156,10.9235124588013,20.0499382019043
85.4343034975894,22.205443326139,738,224,1,476,17.1936702728271,332.590850830078,8.53554821014404,22.583179473877
85.4122823532614,22.2048167304537,739,225,1,466,23.5111198425293,11.4456977844238,17.2593288421631,33.3916168212891
85.4104243440308,22.2054384238665,740,225,1,457,18.1783046722412,18.39040184021,18.8525447845459,24.6373691558838
85.4111828273611,22.205143832081,741,225,1,465,21.4238376617432,6.95038175582886,19.5630855560303,29.7321376800537
85.413076182283,22.204556896462,742,225,1,475,16.7097949981689,345.851440429688,16.8565635681152,23.1948261260986
85.4136875664918,22.2048842511414,743,225,1,468,18.1826438903809,356.986663818359,9.30484199523926,25.278450012207
85.4116935886143,22.2052132970548,744,225,1,456,15.3090515136719,19.3380222320557,26.2176532745361,32.9848442077637
85.4108887813858,22.2047630751336,745,225,1,482,17.3654937744141,16.8497848510742,22.8049507141113,26.5518360137939
85.4447786185029,22.2050485267149,746,226,1,427,16.2042217254639,288.082061767578,13.6932783126831,24.556058883667
85.4433347663385,22.2048109963851,747,227,1,424,15.0702419281006,12.9693355560303,9.34483909606934,19.9749851226807
85.4474727109521,22.2046440926251,748,228,1,430,15.4052257537842,76.2273559570312,7.93268871307373,20.1990089416504
85.4101960441314,22.2039343635822,749,229,1,479,15.4816999435425,232.635055541992,11.9637155532837,21.023796081543
85.4178067538357,22.2042137422041,750,230,1,494,15.0560741424561,291.456451416016,9.62428379058838,20.0997505187988
85.4174509676674,22.203746764773,751,230,1,493,16.5619926452637,318.112762451172,7.18795871734619,21.5406589508057
85.4105595227279,22.2031117789109,752,231,1,476,15.5910530090332,240.028701782227,4.25961494445801,20.3224010467529
85.4104927146781,22.2036037266554,753,231,1,478,15.4109964370728,260.583587646484,4.48467254638672,19.8242282867432
85.3939034982776,22.202645974225,754,232,1,414,18.332836151123,71.9811172485352,21.7780628204346,26.5329990386963
85.393252017582,22.2031987445147,755,232,1,414,13.1731672286987,3.17160701751709,18.1879730224609,18.4119529724121
85.3926901057822,22.2030003938882,756,232,1,423,15.2073221206665,354.532806396484,12.1160097122192,21.3072757720947
85.3920486538089,22.2024925355797,757,233,1,432,17.1099967956543,331.526275634766,8.28080272674561,22.7376346588135
85.3915648415188,22.2026456311071,758,233,1,420,11.6508293151855,339.152801513672,9.54672908782959,17.3205089569092
85.5818537040201,22.2047336299091,759,234,1,502,12.7307100296021,204.855499267578,18.3384990692139,24.6373691558838
85.5811497011897,22.2053050212225,760,234,1,490,17.7227764129639,260.3994140625,6.38335990905762,22.3159141540527
85.5829433575178,22.2045958354561,761,234,1,503,16.2231483459473,212.280288696289,9.1537504196167,22.715633392334
85.5829644160153,22.2040429918077,762,234,1,493,15.3779592514038,241.508666992188,4.44893646240234,19.7737197875977
85.5812596189535,22.2058587008172,763,234,1,494,15.0472021102905,251.320892333984,9.90239906311035,19.4422225952148
85.5824616477228,22.2047374083605,764,234,1,506,13.8349828720093,215.338256835938,18.858268737793,22.226110458374
85.3900758027333,22.2022398337837,765,235,1,427,16.4002838134766,349.863708496094,,17.3781471252441
85.4151425302378,22.2025963959133,766,236,1,486,15.7122983932495,265.821166992188,13.77516746521,21.023796081543
85.4148756870828,22.2022169581497,767,236,1,478,15.6370315551758,252.965103149414,11.8330774307251,22.0907211303711
85.4101877062731,22.2023963868022,768,237,1,453,16.2491321563721,221.793655395508,5.39253616333008,22.0680770874023
85.4119377005934,22.2024324747731,769,238,1,472,17.705394744873,188.553344726562,13.4907636642456,24.020824432373
85.4113507412928,22.2025811987156,770,238,1,478,12.3259582519531,205.759292602539,18.3698310852051,17.1755638122559
85.4108430101373,22.2021911820333,771,238,1,454,15.3046522140503,196.494323730469,11.2318239212036,21.1423740386963
85.4183590244091,22.2023418811703,772,239,1,502,12.1283369064331,336.314147949219,19.7386341094971,20.4694900512695
85.4474838016025,22.2035359429224,773,240,1,431,17.2114372253418,98.3713760375977,6.492844581604,22.1133441925049
85.4473681339477,22.2024909713622,774,240,1,429,16.2822704315186,160.129333496094,15.643180847168,23.4946804046631
85.4479159756579,22.2031813175472,775,240,1,422,14.3746147155762,96.4296264648438,9.86589527130127,18.6547584533691
85.4461046171108,22.2023499256274,776,241,1,430,10.9735383987427,186.390609741211,19.6538562774658,18.3303031921387
85.4466479855111,22.202162258431,777,241,1,421,15.3762311935425,182.698989868164,15.4491577148438,21.2837963104248
85.5828468645021,22.2034946086361,778,242,1,484,15.4348678588867,231.415145874023,7.39747905731201,20.0997505187988
85.4340953408482,22.2093277409476,779,243,1,425,26.1798229217529,277.186126708984,26.5957641601562,38.3796806335449
85.4317506333566,22.2050725143407,780,243,1,440,25.6244220733643,333.834381103516,35.1433181762695,41.5210800170898
85.4343354139581,22.2063901018795,781,243,1,452,19.6534881591797,298.078399658203,11.08571434021,25.8456954956055
85.4342215261098,22.2077672906141,782,243,1,445,23.7959136962891,266.802062988281,17.6475715637207,32.9089660644531
85.4312709483341,22.2048608660634,783,243,1,456,27.3236751556396,0.957409918308258,21.7891426086426,39.9374504089355
85.4287092407201,22.2024633727951,784,243,1,464,27.0670471191406,278.768524169922,21.2568435668945,40.1248054504395
85.4350965236997,22.2102257257427,785,243,1,417,20.2587833404541,358.659759521484,28.7209091186523,32.2800254821777
85.4295776513158,22.203539105702,786,243,1,484,20.236177444458,317.224822998047,11.3183689117432,27.2763633728027
85.4303391502013,22.2046635334954,787,243,1,451,23.4175338745117,353.705963134766,16.9025688171387,32.186954498291
85.4291645478799,22.2031667128366,788,243,1,477,24.1751861572266,298.951263427734,20.5932350158691,34.9428100585938
85.3910904975555,22.2017485287175,789,244,1,438,15.8044843673706,325.650909423828,18.727991104126,20.856653213501
85.3914625499589,22.2014056226861,790,244,1,451,11.7436151504517,350.438232421875,17.5621871948242,18.3030052185059
85.3910154278063,22.2011706677715,791,244,1,455,10.1858835220337,300.133087158203,17.5621871948242,23.473388671875
85.4136258134841,22.2019594194162,792,245,1,481,15.2207164764404,125.992416381836,11.4750604629517,21.1187114715576
85.4135569718136,22.201500939722,793,245,1,474,15.0560741424561,111.456466674805,9.6295862197876,20
85.5071381403985,22.2023382636142,794,246,1,415,13.2559871673584,326.654571533203,18.690465927124,22.5166606903076
85.5887854750591,22.2030693445683,795,247,1,508,16.494421005249,68.8999786376953,10.1530160903931,21.6564083099365
85.5885852310197,22.205540876286,796,247,1,503,16.8648452758789,85.345588684082,24.3327713012695,24.020824432373
85.5885112632548,22.2040329616751,797,247,1,513,19.1905460357666,78.4482116699219,22.1127052307129,26.9258232116699
85.5891266461174,22.2036149206864,798,247,1,495,16.253963470459,82.7289657592773,14.2943105697632,20.8086528778076
85.5892057779167,22.2026837401917,799,247,1,506,15.2831420898438,60.3212738037109,6.82401180267334,19.4935894012451
85.5886568204392,22.2049654032515,800,247,1,507,22.2406711578369,79.0181655883789,18.9920921325684,31.1448230743408
85.5889765087051,22.2043810668275,801,247,1,495,20.6548652648926,79.9785766601562,20.007209777832,30.0499591827393
85.5090620679537,22.2021609825493,802,248,1,403,15.0093240737915,93.5066680908203,8.40929222106934,19.3132076263428
85.4290945146839,22.2011047531981,803,249,1,485,15.3073949813843,282.105255126953,15.97825050354,20
85.4238865763873,22.2067801429861,804,250,1,488,19.7079010009766,77.4396743774414,14.1956033706665,26.7207775115967
85.422663287084,22.2015824839506,805,250,1,494,17.1812076568604,77.7509460449219,7.54743766784668,22.1810722351074
85.4235629625408,22.2072310667119,806,250,1,494,21.5753517150879,79.2439193725586,14.3564777374268,28.3372554779053
85.4226583993545,22.2027259215122,807,250,1,507,18.9835090637207,126.577423095703,10.04660987854,25.826343536377
85.423378408742,22.2046707536669,808,250,1,513,21.9062805175781,102.363227844238,17.0360450744629,30.4959011077881
85.4233168971653,22.2034543525596,809,250,1,475,23.8543186187744,95.3200759887695,28.6942138671875,41.8090896606445
85.4232763988326,22.2056511400175,810,250,1,510,14.9128456115723,72.992317199707,22.7218360900879,19.3907203674316
85.4235623033305,22.2061892356102,811,250,1,499,21.2475242614746,92.4172821044922,11.2202110290527,27.9821376800537
85.423261004364,22.2018697347302,812,250,1,478,15.2818193435669,124.764762878418,9.81211471557617,21.771541595459
85.4240879365382,22.2052993274211,813,250,1,490,24.9350490570068,96.5828018188477,18.3819274902344,33.3316650390625
85.4180436667697,22.2011511315028,814,251,1,505,17.3481636047363,237.445434570312,9.85306549072266,22.3830299377441
85.4180376817638,22.2006594351688,815,251,1,500,14.7683372497559,280.756072998047,10.7587776184082,19.261360168457
85.4287485622162,22.2008198834673,816,252,1,476,15.9408483505249,292.802673339844,10.2896728515625,22.97825050354
85.4393152476377,22.2032366318697,817,253,1,426,17.6019420623779,96.6790466308594,20.7912273406982,25.1793575286865
85.4390800738037,22.2039421203175,818,253,1,444,23.7751083374023,106.212539672852,24.1256103515625,32.8329086303711
85.439147974488,22.2050968941888,819,253,1,437,18.7561683654785,72.4317016601562,25.7456741333008,27.3861274719238
85.439241294367,22.2010049500715,820,253,1,435,15.1492929458618,98.7098999023438,7.83411502838135,19.3907203674316
85.439227861871,22.201859949483,821,253,1,436,16.8123722076416,90,9.55281543731689,21.3775577545166
85.4388681578394,22.2013292632557,822,253,1,443,16.253963470459,97.2710266113281,7.79552268981934,21.2132034301758
85.4394367049163,22.2045317262165,823,253,1,433,24.6730976104736,84.8795928955078,23.8630523681641,33.6303443908691
85.4387849737812,22.202742565197,824,253,1,446,16.3580436706543,90,11.4590606689453,21.0713081359863
85.4395291584852,22.2027702507381,825,253,1,425,16.4123115539551,85.2093200683594,19.7130928039551,24.1039409637451
85.5801806190393,22.2038704380623,826,254,1,474,14.1204090118408,275.611755371094,9.60957145690918,18.5741748809814
85.5802655151985,22.2020594693195,827,254,1,469,15.7949028015137,254.015289306641,8.92874908447266,22.912878036499
85.5803443403039,22.2025145316044,828,254,1,479,17.2701854705811,268.488647460938,13.6388101577759,23.7276210784912
85.5803936604932,22.2030206826322,829,254,1,477,15.9015922546387,270,15.098729133606,20.8086528778076
85.5800605364597,22.2034139586045,830,254,1,469,16.6735610961914,254.924896240234,5.56884765625,21.9089031219482
85.4133674097891,22.2005787101688,831,255,1,452,12.2806329727173,183.410430908203,16.7149772644043,19.4422225952148
85.4127383214718,22.2010716142841,832,255,1,473,16.5446929931641,197.766677856445,6.76123809814453,22.6495037078857
85.412791697381,22.2005871543606,833,255,1,454,15.5852813720703,181.773620605469,11.4776554107666,20.6397666931152
85.413751889768,22.2010749750203,834,255,1,468,15.0922164916992,143.6845703125,9.46035766601562,20.9523277282715
85.4165386462063,22.2004480405031,835,256,1,478,16.2721652984619,184.240280151367,12.754940032959,22.538854598999
85.4157750810634,22.2007778519744,836,256,1,489,15.6065692901611,183.543838500977,15.343448638916,21.3775577545166
85.4170474836881,22.2006863568989,837,256,1,486,16.4728775024414,183.347412109375,12.0657682418823,24.9799919128418
85.4155346499763,22.2003479865554,838,256,1,471,11.3911323547363,167.628784179688,12.3632020950317,16.7332000732422
85.4162631459125,22.200827326083,839,256,1,489,17.5957164764404,185.467178344727,13.266921043396,24.6170673370361
85.4220652103181,22.2006303699952,840,257,1,497,15.0303010940552,164.14045715332,7.79611682891846,21.470911026001
85.4269544387755,22.2005933654104,841,258,1,454,15.7106437683105,309.890563964844,6.36939430236816,20.2977828979492
85.4179566877258,22.2002880468776,842,259,1,494,15.6253213882446,289.7041015625,8.85039234161377,20.1494407653809
85.4217619967978,22.2002865546921,843,260,1,487,15.4965877532959,167.41096496582,8.82180023193359,21.4476108551025
85.580740774215,22.20162282494,844,261,1,458,11.8321437835693,183.543838500977,13.530797958374,16.3707046508789
85.5896224711377,22.2016821750109,845,262,1,514,10.3393535614014,41.4885444641113,,9.48683261871338
85.4151575279896,22.2013335352549,846,263,1,478,16.9191970825195,288.059112548828,8.36520767211914,22.8910465240479
85.4144478022237,22.2005374738791,847,263,1,467,17.6569957733154,261.854858398438,11.4510192871094,22.715633392334
85.4146853557387,22.1999226192714,848,263,1,465,17.7397804260254,213.587600708008,10.0163116455078,23.5372047424316
85.4147077517861,22.2009443635415,849,263,1,474,18.0898265838623,285.282379150391,10.1159601211548,22.8691940307617
85.3900755251068,22.2000513646477,850,264,1,458,19.9479522705078,154.649841308594,,25.2982215881348
85.3917673484245,22.2002136537204,851,264,1,431,16.9554767608643,162.703536987305,12.0415945053101,23.345235824585
85.3911778544614,22.2002606668675,852,264,1,441,16.164909362793,146.565475463867,16.2027168273926,21.1660099029541
85.3907044114421,22.2000597973245,853,264,1,446,15.655312538147,140.839050292969,11.8135261535645,22.538854598999
85.4388602852689,22.2000563377192,854,265,1,438,15.7503099441528,84.1595611572266,5.56244277954102,19.8242282867432
85.5842669222135,22.2015772108154,855,266,1,490,15.3347272872925,227.716262817383,9.00170421600342,20.4939022064209
85.5849023858458,22.2015280181686,856,266,1,502,16.831729888916,212.833221435547,8.58260154724121,22.0907211303711
85.5844045598309,22.2021367676112,857,266,1,494,15.8008251190186,277.492248535156,6.53690910339355,20.2977828979492
85.5847027658524,22.2011077522559,858,266,1,483,13.8612451553345,238.997802734375,6.49083137512207,18.7082862854004
85.5842411718033,22.2026327850848,859,266,1,497,16.121696472168,238.343841552734,6.69486522674561,21.0475654602051
85.5830832117631,22.201530987637,860,267,1,464,15.5012283325195,275.088562011719,12.693902015686,21.3541564941406
85.5828545602635,22.2011297914921,861,267,1,467,15.4689445495605,273.397338867188,9.56433010101318,19.5959186553955
85.4367623519852,22.1996380422145,862,268,1,455,18.8210105895996,203.907363891602,12.8726530075073,28.0713367462158
85.4357867898689,22.1997135710287,863,268,1,451,16.5523204803467,186.672134399414,18.6799201965332,24.3310508728027
85.4362741597586,22.1995230599019,864,268,1,453,18.7242450714111,187.316329956055,17.2546825408936,26.3628520965576
85.4485462395413,22.2010617070959,865,269,1,433,19.2471981048584,3.54383873939514,8.8798770904541,26.8328151702881
85.4477970256701,22.201121281148,866,269,1,428,20.2491893768311,337.286224365234,8.80032157897949,27.3678646087646
85.4477098785518,22.2004782213781,867,269,1,437,16.8252487182617,294.000183105469,15.2665424346924,22.427661895752
85.4490217465721,22.201157873783,868,269,1,425,16.5635051727295,20.3842430114746,11.3756227493286,23.2378997802734
85.4468977892285,22.2000358942575,869,269,1,419,16.8738842010498,318.022827148438,12.6630077362061,23.6854381561279
85.447248414475,22.200650604715,870,269,1,426,16.3561344146729,287.0595703125,11.9547843933105,22.3159141540527
85.4473836232684,22.2000071480845,871,269,1,431,17.8872127532959,303.982849121094,9.8013858795166,26.68332862854
85.4233173239408,22.1995333924232,872,270,1,476,17.371997833252,160.661987304688,16.5156917572021,23.6854381561279
85.4072299172401,22.1994655010995,873,271,1,453,15.3779592514038,298.491333007812,16.4938201904297,25.5929679870605
85.4075880335101,22.1990014804958,874,271,1,469,15.60400390625,278.441711425781,19.2075119018555,23.5372047424316
85.4073648703528,22.199957177154,875,271,1,460,16.5113277435303,300.780395507812,13.7857789993286,26.0384330749512
85.5094270213928,22.2000200821108,876,272,1,411,15.1631021499634,342.384460449219,9.0076150894165,20.2484569549561
85.585093967487,22.2007326875083,877,273,1,490,16.1248207092285,260.201873779297,7.58455657958984,20.2731342315674
85.4118295691523,22.1986224099395,878,274,1,463,15.1818542480469,339.515228271484,8.63587951660156,20.2977828979492
85.4233167943641,22.1984076566092,879,275,1,477,15.071494102478,61.8372497558594,6.88026428222656,20.0499382019043
85.4470714592447,22.19855088878,880,276,1,437,15.5042457580566,238.849670410156,6.2018871307373,20.2237491607666
85.447392747747,22.198501123027,881,277,1,444,12.9981327056885,235.363861083984,13.9485788345337,18.3030052185059
85.5466237265283,22.1997162623194,882,278,1,406,1.40916395187378,360,29.7825450897217,3.16227769851685
85.545996818985,22.1993369873113,883,278,1,427,18.0276489257812,10.7008800506592,29.4094295501709,32.0936126708984
85.5454267180441,22.1995432705008,884,278,1,410,20.9701499938965,354.182434082031,28.8498687744141,32.5883407592773
85.5448625794563,22.1991983447559,885,278,1,421,15.9281034469604,336.843200683594,23.9434242248535,25.4165306091309
85.5848121682836,22.1997742672383,886,279,1,483,10.5174341201782,268.734588623047,14.778733253479,15.033296585083
85.5861996972835,22.1996268858853,887,280,1,487,15.5852813720703,181.773620605469,12.2104949951172,21.4242858886719
85.4313426470863,22.1986117980138,888,281,1,489,18.2377376556396,129.387344360352,24.6993255615234,32.7719383239746
85.4316049946738,22.1989944554592,889,281,1,478,16.7729034423828,109.054534912109,19.5431823730469,23.6008472442627
85.43099319342,22.1979511695059,890,281,1,478,16.6312599182129,110.068214416504,12.0513048171997,23.7065391540527
85.5880253348843,22.1994279901534,891,282,1,504,15.3347272872925,227.716262817383,13.2600212097168,20.8806133270264
85.5875059069842,22.1997069866674,892,282,1,502,18.2212181091309,210.755706787109,10.5441703796387,24.4744758605957
85.5870046342989,22.1998036393252,893,282,1,500,15.6827116012573,217.949493408203,7.92840576171875,20
85.4232451198372,22.1979410781279,894,283,1,477,15.2836151123047,115.791999816895,7.61774730682373,19.6977157592773
85.4308784650685,22.1976539137342,895,284,1,476,15.7573556900024,144.457458496094,9.52909183502197,21.0950222015381
85.4333402154677,22.1976344985068,896,285,1,469,16.9353542327881,4.87915420532227,7.55003070831299,22.5166606903076
85.4260802645436,22.1984201301642,897,286,1,467,21.0769329071045,307.326934814453,13.6720685958862,27.658634185791
85.4258181392102,22.1973146596044,898,286,1,473,15.6809186935425,284.375640869141,14.2488098144531,20.1742401123047
85.4258016450201,22.1980259725947,899,286,1,464,16.9018211364746,304.5205078125,20.4335918426514,23.3238067626953
85.4135561847768,22.197651020029,900,287,1,467,11.5601787567139,34.734375,8.1027946472168,15.65247631073
85.4143549844292,22.1973943880949,901,287,1,468,14.835485458374,24.0421371459961,12.9852638244629,19.5192203521729
85.4137050645272,22.1971844790194,902,287,1,482,15.3273506164551,26.1656303405762,6.84536075592041,20.6397666931152
85.4148548603242,22.1973966389472,903,287,1,462,10.2114753723145,21.0655956268311,16.1418075561523,14.5945196151733
85.5882133821651,22.1989780065498,904,288,1,507,13.839056968689,272.861907958984,8.79756736755371,19.3390789031982
85.3989995520644,22.1969755971627,905,289,1,408,8.3491096496582,30.0001258850098,18.1950931549072,17.9443588256836
85.4090263012552,22.1971169492776,906,290,1,468,14.3525152206421,41.1410102844238,12.0798997879028,20.1742401123047
85.542686255372,22.1981185406752,907,291,1,423,15.7976589202881,359.125823974609,10.5427980422974,21.3307285308838
85.5421611389738,22.1981998423264,908,291,1,422,15.1707000732422,356.349060058594,10.0613012313843,20.1246109008789
85.4561798393896,22.1968706057356,909,292,1,439,16.831729888916,32.8332214355469,20.3891162872314,24.6779251098633
85.4555222205245,22.1969595807645,910,292,1,431,20.46142578125,0.662851214408875,10.6806011199951,27.658634185791
85.4563657848132,22.1972919712157,911,292,1,418,8.43352699279785,27.7627735137939,21.7296714782715,11.5758371353149
85.4471934577059,22.1971941576474,912,293,1,435,11.253381729126,294.337219238281,13.6122808456421,15.4596252441406
85.4469951914538,22.1964670917649,913,293,1,452,16.4294147491455,301.894104003906,16.1675796508789,21.4476108551025
85.4474811817756,22.1964627466205,914,293,1,459,9.79554176330566,319.455780029297,16.1675796508789,15.4919338226318
85.5883381712569,22.1984225555609,915,294,1,506,14.8892250061035,262.022583007812,12.7485637664795,21.470911026001
85.5884206420225,22.1978036231926,916,294,1,500,15.0720729827881,254.095153808594,19.7790241241455,22.8910465240479
85.4512111163753,22.1960967050527,917,295,1,447,15.0439882278442,49.009578704834,5.78272247314453,19.9248580932617
85.4076868790773,22.1962366697921,918,296,1,476,16.6580486297607,275.503997802734,8.1956844329834,21.3775577545166
85.4078544036302,22.1956066378649,919,296,1,478,17.7991313934326,281.043609619141,6.95907974243164,23.0434379577637
85.4081002691799,22.1969578224948,920,296,1,478,15.2970485687256,317.265045166016,11.1588926315308,22.1133441925049
85.4077954794575,22.1950226630262,921,296,1,483,11.655161857605,298.491333007812,6.86719512939453,18.5741748809814
85.4076303502467,22.1967623246398,922,296,1,471,16.4732780456543,306.597351074219,7.72584915161133,22.1133441925049
85.410148926751,22.1975066924037,923,297,1,459,17.5344123840332,2.34889698028564,28.1009883880615,23.7907543182373
85.4129535755644,22.1969987320373,924,297,1,497,15.0170841217041,47.743824005127,25.8330307006836,21.5638580322266
85.4110173551805,22.1970828109791,925,297,1,476,24.0278186798096,353.327880859375,22.0358428955078,34.0881195068359
85.4099509342317,22.1970063364403,926,297,1,493,25.9227905273438,338.100555419922,29.6836967468262,45.6836967468262
85.409329644119,22.1969904994686,927,297,1,471,16.0406951904297,337.955474853516,21.5804462432861,23.5159511566162
85.4098274578974,22.1957924290735,928,297,1,487,17.384407043457,254.816757202148,17.5845069885254,24.6779251098633
85.412228032903,22.1969029677523,929,297,1,505,18.1783046722412,341.609588623047,23.6600589752197,29.9165496826172
85.4101252781433,22.1951953866505,930,297,1,496,15.60400390625,261.558288574219,20.1898727416992,21.5638580322266
85.4098380901866,22.1965299661337,931,297,1,488,22.7899875640869,297.929748535156,30.0312194824219,30.1164398193359
85.410953239518,22.1976557302793,932,297,1,454,9.29682159423828,305.172821044922,18.824857711792,14.8323965072632
85.4566993374828,22.1960387458409,933,298,1,427,15.9265842437744,93.2946243286133,7.73142910003662,20.6155281066895
85.4565989661666,22.1955799829434,934,298,1,427,15.60400390625,98.4417037963867,9.52499198913574,19.5959186553955
85.4562393205767,22.1961939227808,935,298,1,437,15.227855682373,92.5897216796875,8.61552810668945,19.5192203521729
85.4236002927597,22.1953026129951,936,299,1,483,16.7364196777344,302.122802734375,16.0399684906006,24.145393371582
85.4237092312454,22.1958667400031,937,299,1,470,16.2822704315186,340.129333496094,14.6195411682129,22.715633392334
85.4243571622774,22.1957771133761,938,299,1,490,15.3493061065674,337.826965332031,19.2717819213867,22.6936111450195
85.581422894392,22.1963924562122,939,300,1,496,5.80619621276855,49.8258285522461,27.4342212677002,15.4919338226318
85.580717494257,22.1964917551977,940,300,1,488,21.2639045715332,328.579406738281,20.8336009979248,34.626579284668
85.5803655583889,22.1968095815299,941,300,1,468,16.79758644104,335.501342773438,19.2317752838135,27.2580261230469
85.4565021143363,22.195472672874,942,301,1,433,15.1492929458618,98.7098999023438,9.35428142547607,19.2093734741211
85.4563451199525,22.1950336930588,943,301,1,433,15.0372133255005,101.443344116211,8.97808742523193,19.6214160919189
85.5886322220679,22.1969035269606,944,302,1,510,15.6868934631348,272.510131835938,18.6825332641602,29.3598365783691
85.5886394343985,22.1960192469,945,302,1,513,15.9078435897827,271.648681640625,17.7956962585449,22.4499435424805
85.5883343283432,22.1964944592389,946,302,1,496,16.0701141357422,291.718170166016,24.8195610046387,26.4764041900635
85.4071627780311,22.1950364955496,947,303,1,473,19.4590492248535,291.797882080078,20.1873264312744,26.4196891784668
85.4063265933243,22.1947136380537,948,303,1,465,18.6051063537598,2.93996787071228,18.1357498168945,26.6270542144775
85.4069509538429,22.1965021928803,949,303,1,450,18.1674976348877,268.568176269531,20.8885955810547,26.907247543335
85.4070283190694,22.1944382072671,950,303,1,482,22.3580265045166,336.497680664062,23.9976768493652,32.0780296325684
85.4072746159418,22.1961282246516,951,303,1,466,14.9892015457153,271.754974365234,13.5847911834717,27.1845550537109
85.4069273893302,22.195637747735,952,303,1,451,16.5082454681396,277.95166015625,20.7872505187988,27.495454788208
85.4065725748135,22.1942764264954,953,303,1,480,21.601188659668,353.741455078125,24.8061408996582,31.0805397033691
85.4222788173311,22.1944274076779,954,304,1,486,17.9068660736084,17.8934516906738,15.5461978912354,24.7386341094971
85.4217111312244,22.1945724741734,955,304,1,490,16.7029876708984,4.12451410293579,13.1750984191895,23.2163734436035
85.4080481652244,22.1941244357738,956,305,1,504,15.6514110565186,312.310150146484,8.51033592224121,20.2977828979492
85.440226607062,22.194363099253,957,306,1,452,17.6359004974365,17.3801498413086,9.43367958068848,24.0416297912598
85.4405067288638,22.1947853827118,958,306,1,438,15.1818542480469,20.4847564697266,14.4187669754028,21.9089031219482
85.4407657110024,22.1943274231186,959,306,1,447,16.512638092041,10.9110584259033,15.9383792877197,22.6495037078857
85.4397434796474,22.1942892093589,960,306,1,455,16.768404006958,11.5694608688354,9.41289138793945,23.1300678253174
85.4399718328086,22.1947524932265,961,306,1,442,15.1302089691162,24.5235157012939,11.0240135192871,21.0950222015381
85.44341155654,22.194666664982,962,307,1,441,20.4420433044434,18.9206161499023,16.9824676513672,29.5803985595703
85.4427047139987,22.1943585846025,963,307,1,459,17.3316707611084,356.828399658203,20.3692817687988,26.0384330749512
85.4444070429266,22.1945906690294,964,307,1,445,14.9785928726196,43.9266777038574,17.8243865966797,24.020824432373
85.4439273712997,22.1948096484627,965,307,1,437,17.3897609710693,14.3642520904541,17.7408866882324,24.556058883667
85.5776727850373,22.1953256685382,966,308,1,467,17.4051170349121,277.515106201172,18.2577171325684,24.7386341094971
85.5777865809647,22.1960554105263,967,308,1,463,16.5669097900391,283.549987792969,20.1287937164307,23.5796527862549
85.5887295017887,22.1954527768503,968,309,1,508,15.519458770752,246.506973266602,11.3275566101074,20.2731342315674
85.4209486221055,22.193881977364,969,310,1,490,15.93874168396,280.756072998047,15.1441020965576,22.2485961914062
85.4211104301368,22.1943483756954,970,310,1,488,15.0720729827881,285.904846191406,12.0444116592407,20.7846088409424
85.4922487326945,22.1946021811947,971,311,1,412,16.6768531799316,2.47744131088257,19.3783683776855,25.0798721313477
85.4927519311754,22.1946102099522,972,311,1,412,15.6065692901611,356.456146240234,16.3049087524414,22.6495037078857
85.4917126482306,22.1947101650455,973,311,1,412,16.7029876708984,4.12451410293579,20.06911277771,26.645824432373
85.4919226331577,22.1942517845921,974,311,1,427,16.5060367584229,5.01400947570801,20.6870288848877,26.5894718170166
85.4556487382123,22.1941119549237,975,312,1,437,17.0210628509521,80.7518081665039,14.4085807800293,23.3238067626953
85.4551785403443,22.1939708053661,976,312,1,450,16.5082454681396,82.0483245849609,13.3801355361938,23.7486839294434
85.4555751461839,22.1936592538242,977,312,1,439,15.9078435897827,91.6486740112305,14.0533237457275,20.7364406585693
85.4080900514819,22.1934261205489,978,313,1,510,13.8612451553345,301.002197265625,9.33413696289062,19.5192203521729
85.4101335022948,22.1929774900132,979,314,1,500,15.5012283325195,84.9114303588867,11.6053085327148,20.0997505187988
85.4096637639674,22.192734774867,980,314,1,512,15.1304931640625,76.8534088134766,9.60269451141357,20.9761772155762
85.4405779401194,22.1931038923581,981,315,1,482,20.4595832824707,14.7460861206055,4.73084831237793,27.658634185791
85.4415298802338,22.1934580860961,982,315,1,466,16.5523204803467,6.67213344573975,10.8934669494629,22.8691940307617
85.4414558009646,22.1928784477472,983,315,1,486,18.5343837738037,26.7835845947266,8.88273429870605,24.7184143066406
85.4407469835401,22.1937250825194,984,315,1,463,17.7814445495605,28.1039695739746,12.2710399627686,23.6643199920654
85.4401146173767,22.1933860556887,985,315,1,480,16.5635051727295,20.3842430114746,7.2206859588623,22.3606796264648
85.4399849468568,22.1928157563228,986,315,1,497,15.2073221206665,5.46717882156372,11.1819448471069,21.2132034301758
85.4410335169472,22.1933210535403,987,315,1,468,20.0934677124023,9.50845146179199,6.63582611083984,27.5680980682373
85.4262585799021,22.1926680814816,988,316,1,477,15.4886951446533,258.910797119141,9.8362340927124,19.7230834960938
85.4261133474242,22.1934367629426,989,316,1,481,15.1302089691162,204.523513793945,7.60530853271484,20.9761772155762
85.4267416889477,22.1927422724281,990,316,1,486,15.4840288162231,251.89274597168,9.54704570770264,21
85.446262120452,22.1942617778843,991,317,1,445,22.3780517578125,275.141845703125,15.7928619384766,29.4108829498291
85.4469161347775,22.1931679481135,992,317,1,461,16.3625411987305,247.850234985352,9.58621406555176,20.6155281066895
85.4458359212312,22.1951847177133,993,317,1,431,15.6741724014282,269.162811279297,7.47756481170654,20.1990089416504
85.4466236712607,22.1948941635679,994,317,1,456,18.3865013122559,269.293273925781,11.333703994751,24.4540386199951
85.446874936738,22.1926052510182,995,317,1,454,16.5301189422607,234.53498840332,8.48978042602539,22.5610275268555
85.446489891004,22.195350772989,996,317,1,457,16.6225528717041,273.937347412109,8.54806518554688,21.7025337219238
85.4460408490926,22.1960168818052,997,317,1,438,15.194580078125,300.881164550781,4.6566333770752,20.3715496063232
85.4456042677633,22.1957592277963,998,317,1,432,16.0012722015381,276.567596435547,7.89517211914062,20.2977828979492
85.5200262560216,22.1933891336944,999,318,1,426,13.8793354034424,70.6186981201172,10.2956867218018,18.6279354095459
85.4271977352759,22.192239111818,1000,319,1,486,13.8349828720093,144.661743164062,9.47743797302246,20.8326663970947
85.4275918137815,22.1925856434616,1001,319,1,485,13.8793354034424,109.381301879883,13.137921333313,20.6639785766602
85.4114140596313,22.1917835973172,1002,320,1,493,15.4495325088501,91.7001647949219,10.2944307327271,19.8242282867432
85.4115233638397,22.1912770188546,1003,320,1,493,15.0372133255005,101.443344116211,6.90138053894043,19.3390789031982
85.4248309089895,22.191968540864,1004,321,1,475,8.83969211578369,76.2746810913086,30.4328022003174,12.1243553161621
85.4256145356736,22.191378100841,1005,321,1,497,9.87598514556885,26.50563621521,27.2788925170898,14.2478065490723
85.4241880525582,22.1920205868946,1006,321,1,478,6.52551698684692,34.4743499755859,24.059928894043,12.9228477478027
85.4267591828431,22.1914312202646,1007,321,1,484,16.1839027404785,8.55334568023682,8.85749435424805,23.5584373474121
85.4262312598871,22.1912967119442,1008,321,1,492,11.4229354858398,6.13181114196777,19.9945259094238,16.3095073699951
85.4250952425493,22.191354614923,1009,321,1,500,5.5166540145874,20.949031829834,31.3616561889648,10.0498752593994
85.4253181095163,22.1918749177271,1010,321,1,473,19.5183811187744,16.2643547058105,28.7978839874268,33.8969039916992
85.4246001780371,22.1912741984145,1011,321,1,501,3.32197427749634,351.446655273438,29.7332630157471,9.38083171844482
85.425904838139,22.1919821262843,1012,321,1,470,3.52782416343689,4.01488924026489,27.0785903930664,4.58257579803467
85.447358915766,22.1919510974469,1013,322,1,452,17.111270904541,255.3427734375,27.5589160919189,28.2311878204346
85.4475399528648,22.1937440245548,1014,322,1,480,20.3840160369873,267.470428466797,9.32774543762207,26.1725044250488
85.4473944759412,22.1924699610987,1015,322,1,461,18.9336433410645,232.442962646484,22.2054672241211,29.7153167724609
85.4474624867733,22.1932483316975,1016,322,1,469,18.4818782806396,243.008941650391,13.7045078277588,29.9499588012695
85.4482842317229,22.1914839688402,1017,322,1,471,15.0037641525269,220.105972290039,7.6442756652832,20.1742401123047
85.4476375367222,22.1912512110186,1018,322,1,456,9.2169246673584,259.812805175781,16.1240577697754,16.4012203216553
85.4552312204042,22.1915814645555,1019,323,1,439,16.949068069458,105.608322143555,16.4117908477783,24.7184143066406
85.3998739434615,22.1909961868585,1020,324,1,453,15.7962198257446,307.494354248047,7.82035350799561,20.856653213501
85.4003556524062,22.1908591686016,1021,324,1,467,12.9176683425903,300.03466796875,11.3698205947876,19.1833267211914
85.4528910711,22.1917862730513,1022,325,1,459,16.0672054290771,144.232879638672,18.4240303039551,25.4950981140137
85.4525342734518,22.1914199441467,1023,325,1,450,16.2196006774902,152.613388061523,15.4950981140137,22.97825050354
85.4016180451924,22.191038097361,1024,326,1,470,13.3170289993286,31.9269351959229,19.6813945770264,17.8044929504395
85.4008169051276,22.1919410444903,1025,326,1,444,21.0762825012207,360,18.070104598999,29.5127086639404
85.4013706854934,22.1914963244097,1026,326,1,457,24.3917179107666,18.3086719512939,20.5611305236816,36.5923500061035
85.4021264190862,22.1908019745483,1027,326,1,471,11.7550249099731,43.1981544494629,21.4159450531006,24.7790241241455
85.4020325651873,22.1914816121518,1028,326,1,451,23.14089012146,18.2458896636963,14.7640991210938,35.5246391296387
85.4016903303348,22.1920155900419,1029,326,1,431,6.26025533676147,13.6559066772461,29.8114414215088,9.5916633605957
85.4025911480579,22.1910197541687,1030,326,1,453,22.2065181732178,35.5601463317871,11.6994037628174,29.7825450897217
85.4008194142844,22.1913148494021,1031,326,1,463,11.3626413345337,328.968383789062,19.1949157714844,15
85.4421236759657,22.1913249658056,1032,327,1,492,16.6225528717041,93.9373550415039,5.65691184997559,21.6564083099365
85.4419531054364,22.1918800857471,1033,327,1,488,16.2347297668457,74.4830856323242,6.93589973449707,20.9761772155762
85.4049346554926,22.1910118713058,1034,328,0,492,10.5174341201782,271.265411376953,18.5616111755371,18.4932422637939
85.4050283040318,22.1905685275418,1035,328,0,506,16.6210098266602,311.2431640625,19.6070613861084,26.645824432373
85.5695669859256,22.1925617807818,1036,329,1,466,16.494421005249,68.8999786376953,17.2334060668945,25.3574447631836
85.5697200532489,22.1920962072492,1037,329,1,468,13.839056968689,87.1381072998047,16.0015125274658,19.8997478485107
85.4457222559757,22.1923096429137,1038,330,1,443,17.4665222167969,98.9955520629883,15.7018413543701,22.97825050354
85.4451273721954,22.191274895908,1039,330,1,471,20.1313858032227,70.3948059082031,15.1344909667969,26.5141468048096
85.4449834999378,22.1930703647644,1040,330,1,460,23.2942142486572,65.8284683227539,7.85304832458496,31.3687744140625
85.4457408282663,22.1909683732748,1041,330,1,463,15.8562498092651,17.6945838928223,14.2561292648315,21.6564083099365
85.4444578142168,22.1931431506276,1042,330,1,478,16.4060020446777,25.1603755950928,16.9501247406006,25.2586612701416
85.4449790375437,22.1919428870169,1043,330,1,480,16.3821907043457,86.8020782470703,27.041296005249,26.2868785858154
85.4463131483883,22.1907391928917,1044,330,1,473,11.0662221908569,15.3575391769409,17.5164051055908,20.8806133270264
85.4454646758157,22.1918863380049,1045,330,1,454,21.4459342956543,90.598014831543,9.16206550598145,27.7848873138428
85.4441835112543,22.1935558436101,1046,330,1,457,15.467698097229,21.0249156951904,12.8225526809692,20.9284496307373
85.3898905812898,22.1901800096865,1047,331,0,445,15.5781755447388,360,,17.0293865203857
85.3898423989041,22.1907742823863,1048,331,0,,14.7026634216309,360,,
85.427414466033,22.1906631091299,1049,332,1,479,15.9728136062622,56.0391159057617,8.7169189453125,20.5912609100342
85.4273410759012,22.1912356203719,1050,332,1,478,15.8984146118164,59.7480316162109,6.28944969177246,20.2237491607666
85.4397112112168,22.1906708237572,1051,333,1,499,15.3542242050171,253.519226074219,8.66025352478027,20.6397666931152
85.4391973207366,22.1919561764712,1052,333,1,485,22.3780517578125,275.141845703125,22.0627059936523,31.8590641021729
85.4394090477829,22.1925368514254,1053,333,1,479,24.8610954284668,284.344451904297,23.6308822631836,37.4432907104492
85.4394566584777,22.1933969242563,1054,333,1,480,15.3196067810059,319.755920410156,8.37491226196289,22.2934970855713
85.4396464286542,22.1916198134247,1055,333,1,501,16.8123722076416,270,23.7350254058838,26
85.4391763616528,22.1929652942271,1056,333,1,475,17.9121952056885,290.803375244141,21.3353843688965,26.0384330749512
85.4396935826255,22.19212347052,1057,333,1,503,21.3376293182373,276.024505615234,29.3992881774902,36.3455619812012
85.4368789241318,22.1904796159737,1058,334,1,474,21.1660022735596,284.095794677734,11.1014080047607,26.9443874359131
85.4373096163239,22.1920229759963,1059,334,1,462,16.5585613250732,344.851684570312,23.5919952392578,26.4386081695557
85.4366178175629,22.1916252157873,1060,334,1,463,15.6777086257935,311.097961425781,19.7676582336426,21.931713104248
85.4373645866553,22.1913992685148,1061,334,1,482,3.50600433349609,330.450958251953,22.6364402770996,12.0830459594727
85.4368651725251,22.1910019049232,1062,334,1,467,17.0956497192383,280.756072998047,16.5156917572021,24.9399280548096
85.4364735446796,22.1902137081203,1063,334,1,469,17.6218757629395,309.232330322266,12.0783185958862,22.8254241943359
85.3996873463543,22.1899425377209,1064,335,1,468,15.3048810958862,318.511444091797,15.0613822937012,20.7605400085449
85.3995132779628,22.1894632517659,1065,335,1,472,13.8984184265137,292.400970458984,17.4464836120605,20.1494407653809
85.3991294156119,22.1899472148475,1066,335,1,451,15.9685668945312,320.687316894531,15.9478340148926,24.1660919189453
85.3995491857393,22.190482310703,1067,335,1,453,16.7083606719971,295.05029296875,8.86903381347656,23.7907543182373
85.3985746730543,22.1896427224057,1068,336,1,447,15.0472021102905,288.679107666016,17.0437107086182,20.6639785766602
85.3984728759539,22.1891832962732,1069,336,1,446,12.6589260101318,267.907806396484,22.9811687469482,20
85.3938406368107,22.1896597165311,1070,337,1,430,18.8408470153809,92.0657348632812,13.6997890472412,26.2297534942627
85.3939802700649,22.1900937902588,1071,337,1,416,16.4123115539551,85.2093200683594,14.1695985794067,22.0907211303711
85.3936226410311,22.1892397047642,1072,337,1,435,16.6526489257812,130.107498168945,12.5184440612793,23.9165210723877
85.4070792685214,22.189472731128,1073,338,1,547,16.6169986724854,218.457763671875,8.24691390991211,22.3383083343506
85.4067184232049,22.1890044289344,1074,338,1,533,15.306206703186,211.363464355469,7.5201244354248,20.7123146057129
85.4072376038449,22.191687128722,1075,339,1,536,18.5387401580811,336.482971191406,28.6738624572754,29.068883895874
85.4047283208404,22.1906985654694,1076,339,1,492,20.2273483276367,280.255004882812,16.9468479156494,33.1662483215332
85.4073477809429,22.1922011566919,1077,339,1,517,20.8570442199707,301.821899414062,18.8504047393799,27.9821376800537
85.4062567931517,22.1915303974864,1078,339,1,521,24.8596324920654,332.237213134766,25.5285606384277,40
85.4054081209806,22.1906707176931,1079,339,1,503,19.3293075561523,286.291290283203,8.46969604492188,26.9629383087158
85.4072514861747,22.19289405641,1080,339,1,506,22.5740051269531,287.209167480469,12.25954246521,30.3150119781494
85.4042265859985,22.1918823709717,1081,339,1,455,16.5955562591553,312.382995605469,17.7776679992676,21.771541595459
85.406789343791,22.1924986339555,1082,339,1,492,15.3149747848511,313.526062011719,12.0549449920654,20.856653213501
85.4062192889002,22.1919948839487,1083,339,1,502,27.6657867431641,336.206115722656,18.5627117156982,39.761791229248
85.4068302659771,22.1919529764947,1084,339,1,510,26.0042610168457,345.13134765625,15.1713943481445,37.5898933410645
85.5884245503457,22.1906102892774,1085,340,1,508,15.2836151123047,115.791999816895,8.89855194091797,19.8746070861816
85.4290141935735,22.1897718463213,1086,341,1,464,15.3986511230469,65.3667221069336,15.6567163467407,20.3715496063232
85.428826388837,22.1893181347645,1087,341,1,468,19.2755870819092,64.2928771972656,19.4515342712402,29.6984844207764
85.4288130822515,22.1888188717999,1088,341,1,480,16.0257587432861,77.6367721557617,16.7850875854492,20.4205780029297
85.4285489097565,22.1899345654518,1089,341,1,473,16.3533725738525,56.9808197021484,10.2831678390503,21.931713104248
85.3915384871633,22.190883629279,1090,342,1,458,19.0917644500732,354.274169921875,21.293249130249,28.7054004669189
85.3908213384483,22.1904272263912,1091,342,1,449,22.3177051544189,318.511444091797,14.3108425140381,29.6310653686523
85.3922799553989,22.1900633547876,1092,342,1,455,20.5510063171387,68.8451766967773,9.66337203979492,27.6767044067383
85.3909838573724,22.1918574397091,1093,342,1,406,17.4377861022949,326.654571533203,22.847053527832,26.4575138092041
85.3925896045234,22.1896162779193,1094,342,1,450,18.1643543243408,80.6508560180664,15.7360887527466,24.2074375152588
85.392024406824,22.1884783255846,1095,342,1,460,19.5449695587158,99.975959777832,10.2771320343018,27.5136337280273
85.392652699152,22.1891657163224,1096,342,1,450,19.6983337402344,124.930610656738,17.2120971679688,29.4108829498291
85.3920573270343,22.1890609620133,1097,342,1,460,19.9964447021484,108.388893127441,12.0468788146973,26.0576286315918
85.3905784254801,22.1898336266175,1098,342,1,468,15.5858039855957,296.164489746094,10.9613552093506,22.9564800262451
85.3923954121793,22.1881589800428,1099,342,1,445,16.7052364349365,97.0624313354492,12.1513423919678,22.8035087585449
85.3989109570829,22.1889845673092,1100,343,1,455,19.9720363616943,266.118713378906,18.3557739257812,26.8886585235596
85.3987514164151,22.1885382257302,1101,343,1,454,18.0472640991211,263.497497558594,22.0307674407959,25.3574447631836
85.3917082553374,22.188293836823,1102,344,1,463,15.4032869338989,169.163421630859,8.01102066040039,21
85.3907090993705,22.1884653612489,1103,344,1,470,15.4032869338989,190.836578369141,10.7454662322998,20.856653213501
85.391435537332,22.1878335106419,1104,344,1,454,17.3129577636719,181.587020874023,8.10636711120605,23.0434379577637
85.3911958475109,22.1882728505876,1105,344,1,464,17.1319332122803,184.014892578125,8.01102066040039,23.7907543182373
85.4457606243606,22.1886714451778,1106,345,1,482,16.7364196777344,57.8772010803223,12.5989255905151,22.538854598999
85.4459664531993,22.1882331436319,1107,345,1,476,18.1643543243408,80.6508560180664,6.58522796630859,24.020824432373
85.4453805228927,22.1890746525667,1108,345,1,483,16.1129035949707,34.5970878601074,15.9712972640991,23.7065391540527
85.446348830604,22.1886148294575,1109,345,1,466,15.3986511230469,65.3667221069336,10.704701423645,19.7737197875977
85.4457527899554,22.187812620875,1110,345,1,489,15.2541790008545,85.6890106201172,13.8227853775024,20.3960781097412
85.4461174017205,22.1890940241673,1111,345,1,467,16.3396244049072,49.9618873596191,12.5570402145386,21.5174350738525
85.4555450251595,22.1893830783398,1112,346,1,449,16.5929775238037,124.34130859375,16.4661827087402,24.1246757507324
85.4557828552904,22.1904042480881,1113,346,1,441,15.5858039855957,63.8355178833008,16.2842712402344,24.8997993469238
85.4553894157051,22.1888771472532,1114,346,1,446,18.4818782806396,116.991058349609,18.1547603607178,25.278450012207
85.4559570637187,22.1897336247204,1115,346,1,443,17.4911804199219,89.2545471191406,13.0078783035278,23.2808933258057
85.4554644153397,22.1884052034784,1116,346,1,439,17.8872127532959,123.982833862305,10.5849914550781,23.4307498931885
85.4562561632617,22.1892212713899,1117,346,1,431,17.621618270874,101.918663024902,17.2763633728027,22.8910465240479
85.4549957123441,22.1879966899428,1118,346,1,435,15.1981563568115,107.568305969238,7.69216823577881,20.0997505187988
85.4562361375306,22.1902432710827,1119,346,1,430,21.6964778900146,86.455322265625,9.84518241882324,28.2842712402344
85.3989787901927,22.1874278678872,1120,347,1,440,16.5740871429443,220.741561889648,15.2696142196655,24.6170673370361
85.454839676812,22.187474218685,1121,348,1,435,15.9931287765503,131.148376464844,8.19759845733643,20.44504737854
85.5704600404308,22.1885036816402,1122,349,1,476,15.258415222168,7.27246618270874,24.6182861328125,23.3238067626953
85.4404979952613,22.1873644963124,1123,350,1,512,16.2913475036621,14.5414953231812,6.71142864227295,21.7025337219238
85.4410141117943,22.1870613384375,1124,350,1,512,16.5076885223389,24.0679836273193,8.35641479492188,22.158519744873
85.4400660118378,22.1877265316224,1125,350,1,497,12.2719011306763,11.4456977844238,11.2868871688843,16.4924221038818
85.467018407904,22.1873605479868,1126,351,1,432,15.5506248474121,327.118591308594,6.93755340576172,23.2163734436035
85.4677348408695,22.1876242548204,1127,351,1,428,15.6248760223389,333.411071777344,11.9282302856445,20.7364406585693
85.393676079887,22.1864521461228,1128,352,1,425,11.7821483612061,344.393920898438,16.9509143829346,17.0587215423584
85.3936547939881,22.1859988862044,1129,352,1,441,10.1938962936401,343.258392333984,16.9440460205078,15.3948040008545
85.4014995458129,22.1874368675923,1130,353,1,483,21.7871208190918,218.78076171875,9.80864906311035,29.8161029815674
85.4065639633733,22.1878372655185,1131,353,1,509,16.1245098114014,256.049163818359,8.91141319274902,20.5912609100342
85.4000275880142,22.1871681267043,1132,353,1,449,17.6533107757568,194.933975219727,13.0086507797241,24.3515911102295
85.404464995733,22.1875887087265,1133,353,1,495,22.5966930389404,135.982269287109,18.5463752746582,32
85.4042189756246,22.1868294944215,1134,353,1,482,20.2461910247803,134.449661254883,14.646203994751,26.6270542144775
85.4037507896414,22.1862876168222,1135,353,1,461,24.1392936706543,188.865188598633,33.0569458007812,37.1483497619629
85.4020184827785,22.1863240685799,1136,353,1,449,24.524772644043,188.706497192383,26.3771133422852,35.9444007873535
85.4006238930115,22.1874056632449,1137,353,1,467,21.094970703125,198.934722900391,10.7124366760254,28.9136638641357
85.4060377677743,22.1867496351538,1138,353,1,487,18.6896057128906,264.435882568359,11.3818111419678,23.8327503204346
85.405899287762,22.1862592711782,1139,353,1,486,17.621618270874,258.081329345703,11.3818111419678,22.8035087585449
85.4368050600462,22.1860110489862,1140,354,1,484,16.6225528717041,273.937347412109,15.5452241897583,24.5967483520508
85.437186007321,22.1863682461087,1141,354,1,497,16.2045154571533,281.391387939453,15.215916633606,24.3310508728027
85.4371765074838,22.1857027444947,1142,354,1,496,14.0437078475952,259.612976074219,17.1884746551514,19.8746070861816
85.405183095348,22.1859142317733,1143,355,1,466,15.7122983932495,265.821166992188,7.33035850524902,19.7737197875977
85.4050034315754,22.1865005447433,1144,355,1,467,17.538745880127,259.536010742188,10.1564693450928,21.9089031219482
85.4048377351845,22.1855652133605,1145,355,1,458,16.3872585296631,259.557830810547,6.28001880645752,21.2132034301758
85.3939222409028,22.1854330133543,1146,356,1,438,16.2429656982422,135.865188598633,17.3087158203125,27.6043472290039
85.394269519661,22.1859286536706,1147,356,1,433,15.0093240737915,86.4933395385742,16.1041488647461,19.7737197875977
85.4677378915288,22.1860401633104,1148,357,1,430,16.442943572998,158.552947998047,8.02048683166504,22.226110458374
85.5115486938323,22.1864016809264,1149,358,1,436,11.4836721420288,351.446655273438,20.3476943969727,21.5406589508057
85.4537558354843,22.1860707409805,1150,359,1,448,15.0604133605957,338.3486328125,9.72290229797363,20.1990089416504
85.4529710813459,22.1856846298514,1151,359,1,444,15.3696298599243,322.234466552734,12.3737535476685,21.6101837158203
85.4543492146869,22.186086025267,1152,359,1,449,8.17241096496582,13.9133634567261,14.5798387527466,10.9544515609741
85.4534334370161,22.1855428839757,1153,359,1,460,12.614086151123,305.892517089844,15.3969697952271,21.2602920532227
85.5097308434426,22.186202121521,1154,360,1,423,15.3763236999512,329.84912109375,7.70908164978027,19.8746070861816
85.4081037502716,22.1874891556,1155,361,1,501,15.0922164916992,143.6845703125,4.94048309326172,22.97825050354
85.4073182059452,22.186744788606,1156,361,1,511,18.5440940856934,129.460723876953,12.7960338592529,25.826343536377
85.409853854087,22.1895235871344,1157,361,1,501,20.5600109100342,101.986755371094,6.77240371704102,28.2665882110596
85.4071069680884,22.185424640718,1158,361,1,496,21.8795471191406,143.759475708008,15.9919891357422,32.3882713317871
85.409113065976,22.1897109147906,1159,361,1,520,16.6580486297607,95.5040054321289,8.83281517028809,21.5638580322266
85.4090094756363,22.1886947619509,1160,361,1,513,18.1884250640869,108.931663513184,8.01280403137207,24.6576557159424
85.4086587600464,22.1878566978842,1161,361,1,500,18.6295909881592,127.451820373535,6.49361228942871,24.4540386199951
85.409228154698,22.1891289218765,1162,361,1,509,20.1392459869385,127.94393157959,14.3367576599121,27.2580261230469
85.4097389347872,22.1890437261849,1163,361,1,498,18.6129322052002,110.672973632812,13.6378498077393,26.645824432373
85.4064702487161,22.1849273043088,1164,361,1,475,21.3102474212646,183.171600341797,7.82877731323242,29.5634918212891
85.4381335801344,22.184989349426,1165,362,1,514,16.1248207092285,279.798126220703,7.95156002044678,20.1990089416504
85.4003703546537,22.1845881877325,1166,363,1,448,16.9032344818115,356.742858886719,9.5571460723877,22.583179473877
85.4015771146006,22.1845781138438,1167,363,1,451,17.2405490875244,344.675872802734,10.8076076507568,23.5796527862549
85.4009622849843,22.1846764505045,1168,363,1,447,19.3233051300049,353.639221191406,12.6567573547363,27.1661548614502
85.4018578240284,22.1849876444468,1169,363,1,446,17.087459564209,335.086090087891,10.5796527862549,22.5166606903076
85.4530663292618,22.1850551045787,1170,364,1,453,15.4236927032471,302.342803955078,11.7420711517334,22.2710571289062
85.5835879026036,22.1863891172481,1171,365,1,512,20.2740497589111,2.67902731895447,21.7962532043457,31.1448230743408
85.5833077931966,22.1859790144828,1172,365,1,531,16.8839244842529,358.3701171875,30.5212230682373,33.8378486633301
85.5838185198965,22.1859827418121,1173,365,1,528,16.742094039917,5.76478385925293,30.5212230682373,28.1780052185059
85.4546471750045,22.1848533961092,1174,366,1,457,18.4118366241455,58.849681854248,15.1467971801758,23.8537216186523
85.4548656101482,22.1855105154888,1175,366,1,443,15.5012283325195,84.9114303588867,10.9242277145386,19.5959186553955
85.4551358910119,22.1845195512693,1176,366,1,453,17.9256649017334,20.2999324798584,10.5253677368164,23.9582977294922
85.4483296763493,22.1856582787614,1177,367,1,476,20.735502243042,51.880786895752,13.964262008667,27.892650604248
85.4486594720994,22.1852766564277,1178,367,1,474,16.5301189422607,54.534984588623,9.37239074707031,22.7596130371094
85.4474568926734,22.1860520308482,1179,367,1,480,16.2178382873535,23.6209754943848,14.1314830780029,21.8860683441162
85.4467087745064,22.1859839500048,1180,367,1,487,7.78679323196411,43.9820976257324,22.2229919433594,10.6770782470703
85.4487343626827,22.1847668960494,1181,367,1,472,16.5126361846924,106.057250976562,9.56102752685547,21.6333084106445
85.448948665373,22.1857086700206,1182,367,1,459,18.8194789886475,37.4408226013184,8.71588325500488,24.9599685668945
85.4480729856486,22.1861769101577,1183,367,1,466,15.467698097229,21.0249156951904,15.5136337280273,21.1660099029541
85.4465064367185,22.186487034746,1184,367,1,472,15.6188821792603,45.2553405761719,12.2822971343994,24.3926219940186
85.4553644267156,22.1848270981363,1185,368,1,442,15.6804733276367,329.507629394531,8.36056137084961,24.1660919189453
85.4557595816303,22.1845410688303,1186,368,1,457,15.2970485687256,317.265045166016,8.86558151245117,21.3072757720947
85.4016134127604,22.1842205944293,1187,369,1,469,15.5917596817017,340.104461669922,7.92734718322754,20.856653213501
85.4567163530976,22.184561476615,1188,370,1,451,17.5265426635742,20.8160629272461,8.11900615692139,23.643180847168
85.4423851461248,22.1843367974166,1189,371,1,499,19.2726249694824,90.6718368530273,12.9306230545044,25.8843574523926
85.4423083814978,22.185155973475,1190,371,1,499,16.1439018249512,92.435302734375,15.099214553833,24.3104915618896
85.4423801122811,22.1856286131295,1191,371,1,506,15.1933631896973,110.318214416504,12.3839588165283,19.570384979248
85.3992302311039,22.184335890773,1192,372,1,443,15.0093240737915,266.493347167969,13.0357532501221,22.0227146148682
85.399332964028,22.1837660553063,1193,372,1,434,16.1245098114014,256.049163818359,7.86259365081787,21.6333084106445
85.405452303484,22.1841330045584,1194,373,1,455,17.4092292785645,21.8195934295654,24.2335243225098,28.0356922149658
85.4045854850956,22.1840431874895,1195,373,1,469,18.6051063537598,2.93996787071228,9.39566421508789,25.6320114135742
85.4040971875898,22.184523833427,1196,373,1,457,16.1226959228516,353.139038085938,9.50219821929932,21.4476108551025
85.4059093410113,22.1838374158085,1197,373,1,464,18.0426635742188,16.9493274688721,14.0432767868042,26.9814758300781
85.4046246202314,22.1845292155545,1198,373,1,458,16.6637649536133,359.173736572266,16.0541572570801,21.6794834136963
85.4004983756587,22.1837230382367,1199,374,1,459,15.9353160858154,221.696182250977,4.94014453887939,20.4939022064209
85.4524182734027,22.1842780595757,1200,375,1,450,15.3542242050171,286.480773925781,8.28459453582764,19.1311264038086
85.4584693572569,22.1842984603644,1201,376,1,436,15.6741933822632,100.098114013672,16.3114566802979,20.3224010467529
85.4012923091921,22.1835280103014,1202,377,1,462,15.0922164916992,216.3154296875,5.62164115905762,19.8494338989258
85.4007727615787,22.1835135460538,1203,377,1,457,15.7573556900024,215.542541503906,5.62164115905762,20.688159942627
85.4582627608206,22.1840360643071,1204,378,1,443,17.2448501586914,131.330718994141,13.0683708190918,23.8327503204346
85.4491611272709,22.183690648827,1205,379,1,480,17.1099967956543,331.526275634766,17.2997131347656,27.349588394165
85.4493998778368,22.1841375395596,1206,379,1,470,17.6094226837158,349.024261474609,13.349588394165,23.6220245361328
85.4559238563969,22.1838440826029,1207,380,1,453,17.9602222442627,177.710510253906,16.182466506958,26.2868785858154
85.4568971216523,22.1838948695267,1208,380,1,446,21.7556114196777,164.954254150391,18.5429191589355,32.124755859375
85.4574422222537,22.1838776281134,1209,380,1,444,17.1896514892578,168.735122680664,17.9095687866211,24.0831890106201
85.4564149041467,22.1837260412688,1210,380,1,450,22.9224071502686,165.819488525391,17.6496543884277,32.6496543884277
85.455487152391,22.1833650151235,1211,381,1,455,15.1124095916748,122.097831726074,8.46280479431152,21.0475654602051
85.5831639046383,22.1846858826462,1212,382,1,519,16.3986759185791,255.477081298828,10.7770128250122,22.0907211303711
85.5858290400024,22.1841249178147,1213,383,1,522,15.2818193435669,124.764762878418,11.4466323852539,19.8494338989258
85.58576999736,22.1838962183337,1214,384,1,524,15.0718269348145,150.205123901367,8.79756736755371,20.8806133270264
85.4427630772191,22.1825117241512,1215,385,1,507,18.416524887085,76.4704895019531,8.25016784667969,23.3880310058594
85.4428709549161,22.18295758857,1216,385,1,502,18.2940368652344,64.2753372192383,11.0479793548584,24.1246757507324
85.3943594637376,22.1840051906765,1217,386,1,430,20.8798179626465,334.532653808594,21.2778701782227,30.5614128112793
85.3943166471593,22.1832303807306,1218,386,1,455,18.8806381225586,299.440002441406,14.2044124603271,24.0624179840088
85.3951634184771,22.183815092308,1219,386,1,460,21.0955638885498,2.56518173217773,15.6604156494141,35.1283378601074
85.3963378881641,22.1837048229044,1220,386,1,432,19.2755870819092,64.2928771972656,13.5897884368896,25.9807624816895
85.3961868875235,22.1829041062317,1221,386,1,449,21.6630058288574,91.1829071044922,5.35037612915039,28.6879768371582
85.3952509369849,22.1821382755071,1222,386,1,464,17.7994041442871,136.710784912109,14.2257175445557,23.345235824585
85.3956721847376,22.1834078432554,1223,386,1,466,17.0339469909668,35.2844924926758,19.9955921173096,25.9807624816895
85.3960410303272,22.1823547053198,1224,386,1,443,19.0978355407715,114.484413146973,10.6279468536377,25.278450012207
85.3937420355334,22.1815460620268,1225,386,1,443,21.2475242614746,267.582702636719,20.0950489044189,29.6647930145264
85.3937205097534,22.1824503866532,1226,386,1,437,23.5786666870117,272.692138671875,24.8750877380371,36.5786819458008
85.395199953087,22.1815194843041,1227,387,1,454,13.7368640899658,118.008720397949,5.02271461486816,18.3303031921387
85.3950051872047,22.1809823365991,1228,387,1,447,16.5955562591553,132.382995605469,9.93362331390381,22.1810722351074
85.5562684732866,22.1830093841421,1229,388,1,457,14.5824947357178,264.574157714844,17.7422695159912,21.8860683441162
85.5560805771091,22.1823278726272,1230,388,1,454,14.5268936157227,271.813446044922,18.9966278076172,20.7605400085449
85.555810580651,22.1828388065869,1231,388,1,442,15.0372133255005,258.556640625,19.4549770355225,24.145393371582
85.3986688659886,22.1810913529697,1232,389,1,441,17.4446315765381,11.8907260894775,7.49883842468262,24.8193473815918
85.3990840636285,22.1808457441196,1233,389,1,446,10.918475151062,34.0148162841797,8.72587013244629,18.2482872009277
85.4070436321368,22.1811652840265,1234,390,1,486,15.1124095916748,57.902172088623,11.1922006607056,21.0950222015381
85.4075229529194,22.1806937647058,1235,390,1,489,12.5618162155151,68.408203125,14.1695985794067,16.822603225708
85.4069853771362,22.180657725681,1236,390,1,497,12.7116231918335,73.0935821533203,13.3640909194946,17.4642486572266
85.4557755206075,22.1811346647391,1237,391,1,456,14.0626592636108,268.124084472656,10.0402698516846,19.4164886474609
85.4414916830812,22.1807300917102,1238,392,1,515,9.69417285919189,123.504661560059,17.7893524169922,12.6491107940674
85.4418119895252,22.1811661478051,1239,392,1,523,23.2184658050537,132.731964111328,20.9362602233887,35.4964790344238
85.4419652627206,22.182834371559,1240,392,1,526,19.9594020843506,64.5962600708008,13.1758642196655,28.1424942016602
85.4422548365395,22.1819030064547,1241,392,1,515,15.8636932373047,99.1316299438477,16.8241271972656,26.9443874359131
85.4421700125562,22.1832543239979,1242,392,1,507,15.4816999435425,52.6350593566895,15.0657978057861,26.4196891784668
85.4423492829479,22.1807974396063,1243,392,1,497,11.9689874649048,106.86400604248,20.6561088562012,17.2626762390137
85.4419974132721,22.1823747601483,1244,392,1,531,18.6127586364746,88.604866027832,18.6013069152832,26.9629383087158
85.4416607279686,22.1831956204567,1245,392,1,526,15.6188821792603,45.2553405761719,11.4991779327393,20.5669631958008
85.4507448369958,22.1821578235386,1246,393,1,463,17.384407043457,74.8167572021484,19.9781398773193,22.8254241943359
85.4502387282897,22.1841305372075,1247,393,1,455,18.4196109771729,80.0755004882812,18.7962265014648,24.7386341094971
85.4507415616832,22.1831260651525,1248,393,1,451,11.6454200744629,54.7670593261719,28.7141494750977,16
85.4505255184159,22.1816218865495,1249,393,1,468,18.7573909759521,78.1565399169922,18.6938228607178,23.9582977294922
85.4501361951316,22.1823331284268,1250,393,1,486,20.2874374389648,82.9924011230469,27.0911827087402,29.0172367095947
85.4499818585545,22.1817962470518,1251,393,1,493,17.4477005004883,77.1874923706055,28.8100662231445,30.1164398193359
85.4501999187587,22.1831870461333,1252,393,1,457,23.6161460876465,69.6988754272461,21.9740524291992,35.4964790344238
85.4503049065851,22.1805778045305,1253,393,1,475,13.5965538024902,91.94287109375,10.2545776367188,18.8679618835449
85.4531030751291,22.1805791089121,1254,394,1,457,14.9581880569458,104.213409423828,10.6170892715454,20.5669631958008
85.4019593231295,22.1800479145824,1255,395,1,449,15.6615419387817,303.758697509766,15.0519237518311,21.1423740386963
85.4016584786387,22.1796147021894,1256,396,1,441,16.5669097900391,283.549987792969,15.5999507904053,22.0454082489014
85.4563892337401,22.1805630167252,1257,397,1,466,16.3821907043457,266.802062988281,8.23936367034912,21.0713081359863
85.4564681011663,22.181338384082,1258,397,1,475,20.3593654632568,309.851715087891,20.6546230316162,30.9515743255615
85.4566466739009,22.182024810124,1259,397,1,449,21.2020053863525,321.454650878906,21.6498947143555,29.6816444396973
85.4571000428973,22.1815790988675,1260,397,1,474,16.5060367584229,5.01400947570801,14.2752876281738,26.5141468048096
85.4564708978749,22.1796329653319,1261,397,1,473,15.2541790008545,274.311004638672,7.90027046203613,19
85.4559602225395,22.1817806601996,1262,397,1,442,11.9293279647827,351.777404785156,21.2955093383789,17.2336883544922
85.4571908046979,22.1820839100027,1263,397,1,456,13.8514986038208,331.79345703125,17.8707122802734,19.1833267211914
85.4009556197149,22.178877614196,1264,398,1,447,18.1874694824219,63.3044166564941,12.4371614456177,24.2693214416504
85.4038833129415,22.1787379440911,1265,399,1,467,15.4348678588867,308.584869384766,9.42154884338379,21.2602920532227
85.4040534176455,22.1815978795889,1266,400,1,461,16.8357200622559,266.893249511719,7.9304780960083,22.538854598999
85.4046188522544,22.1790215808865,1267,400,1,481,15.9015922546387,270,18.5195846557617,23.9374179840088
85.4046898521243,22.1804737724669,1268,400,1,479,16.0012722015381,276.567596435547,14.5130386352539,21.6333084106445
85.4058956516964,22.1784393398659,1269,400,1,484,15.2073221206665,185.467178344727,26.6487693786621,22.7376346588135
85.404547393154,22.1813471581995,1270,400,1,480,20.5600109100342,258.013244628906,9.62937164306641,27.4043788909912
85.4054958421028,22.1788228919169,1271,400,1,498,17.3654937744141,196.84977722168,24.7254199981689,27.6767044067383
85.4049326638676,22.1798198835172,1272,400,1,492,26.7933254241943,277.4638671875,23.7755718231201,37.1079521179199
85.4040332452384,22.1789509128522,1273,400,1,465,16.0645408630371,308.788909912109,12.1360788345337,21.0713081359863
85.4049805461925,22.1809680102301,1274,400,1,490,19.4963130950928,271.327117919922,18.2093772888184,26
85.4613177909324,22.1788926366707,1275,401,1,449,15.9486675262451,40.5031242370605,12.725474357605,24.5153007507324
85.4620726751148,22.1789799378655,1276,402,1,445,15.0604133605957,21.6513538360596,10.5885219573975,20.8806133270264
85.5579799783787,22.1798117371597,1277,403,1,450,15.3090515136719,199.338012695312,7.77549362182617,20.44504737854
85.4502909986692,22.1793997607858,1278,404,1,474,17.9722442626953,93.6232452392578,16.0035037994385,25.9036674499512
85.4502451985637,22.1788062216242,1279,404,1,478,19.0557079315186,88.6397247314453,14.9733428955078,24.556058883667
85.4627942192289,22.178709114663,1280,405,1,437,15.3986511230469,65.3667221069336,11.3293361663818,20.856653213501
85.462321069943,22.17855473573,1281,405,1,449,15.7829179763794,62.3434906005859,9.18083000183105,21.8174247741699
85.4704949162014,22.1788467337789,1282,406,1,470,16.6892147064209,19.3380222320557,7.41619968414307,22.2485961914062
85.4709764867359,22.1786819617634,1283,406,1,468,16.2701320648193,17.2052955627441,9.1337194442749,21.9089031219482
85.4586238544527,22.1810635628227,1284,407,1,457,24.6324672698975,33.7396812438965,13.0570507049561,33.5708198547363
85.4605189910138,22.178927344915,1285,407,1,467,21.238353729248,55.2734375,10.5074253082275,27.7308483123779
85.4597939218822,22.1800764073504,1286,407,1,455,24.9080028533936,46.4739265441895,12.1435871124268,33.6600646972656
85.4580719468008,22.1812466526015,1287,407,1,461,21.238353729248,55.2734375,11.1355895996094,30.0832176208496
85.4590232693399,22.1798146264351,1288,407,1,491,15.5288791656494,23.8217144012451,23.4793014526367,24.879711151123
85.4598888487988,22.179502862715,1289,407,1,475,18.4118366241455,58.849681854248,18.4607791900635,25.9422435760498
85.4584428031696,22.1802909198992,1290,407,1,474,17.7018413543701,29.1342220306396,8.71940040588379,24.4948978424072
85.4604335951719,22.1797062233242,1291,407,1,448,17.3394527435303,35.4965019226074,15.7061138153076,23.7486839294434
85.4582631644663,22.1817861171838,1292,407,1,449,16.2042217254639,71.9179306030273,9.22501087188721,22.3383083343506
85.4535405054114,22.1783236049237,1293,408,1,472,15.0303010940552,344.140441894531,10.3353824615479,19.6977157592773
85.506606695783,22.1789223560799,1294,409,1,438,16.0406436920166,356.557159423828,6.86691951751709,21.5638580322266
85.5061303819036,22.178710834417,1295,409,1,438,15.6419734954834,5.30731153488159,10.6094064712524,20.9284496307373
85.5780024616577,22.1794109074316,1296,410,1,504,15.1745080947876,243.031311035156,10.5440282821655,20.4939022064209
85.3991437833324,22.1793485533468,1297,411,1,480,20.7408351898193,21.3926124572754,11.2332515716553,28.4253406524658
85.3977285356492,22.179921382533,1298,411,1,452,15.1745080947876,296.968688964844,8.16325092315674,19.078784942627
85.3995868720177,22.1779920285118,1299,411,1,492,20.1585254669189,91.9200286865234,11.2515830993652,26.9443874359131
85.3996873956598,22.1788175054946,1300,411,1,482,23.2671890258789,74.5154724121094,7.55085372924805,32.2490310668945
85.4000756183682,22.1798661206046,1301,411,1,442,16.8199214935303,18.3086719512939,17.830020904541,24.0831890106201
85.3978108895996,22.1782037361304,1302,411,1,464,19.9765930175781,260.259765625,13.9473247528076,26.6645832061768
85.3981381094048,22.1789561169448,1303,411,1,475,20.1492748260498,269.359771728516,8.50568962097168,25.8843574523926
85.4000800050322,22.1784633979042,1304,411,1,470,16.1684398651123,94.0545043945312,17.3618183135986,21.1896209716797
85.3988330597584,22.1798892909768,1305,411,1,465,15.4050712585449,4.49242877960205,10.4266948699951,21.3307285308838
85.3997861418307,22.1792670489257,1306,411,1,477,22.8943252563477,60.3212738037109,8.0784969329834,31.1126976013184
85.5004071664287,22.1785150746188,1307,412,1,449,16.5060367584229,354.985992431641,27.9774169921875,28.5482044219971
85.4994634849081,22.178574630998,1308,412,1,452,15.831503868103,10.5250844955444,25.7757091522217,27.8028774261475
85.4989143719055,22.1788187037028,1309,412,1,440,17.9602222442627,2.28950166702271,15.3863201141357,25.0998001098633
85.4999765746479,22.1787607967582,1310,412,1,432,17.558967590332,3.91093397140503,25.9647216796875,30.8058433532715
85.5009068400255,22.1787513936717,1311,412,1,433,17.7883529663086,4.6300573348999,23.6812171936035,27.9821376800537
85.4983140938508,22.1786995889848,1312,412,1,438,15.0702419281006,347.030670166016,17.3775463104248,21.7944946289062
85.4010087733728,22.1775420465516,1313,413,1,466,15.2426443099976,32.5872116088867,5.23725318908691,19.9749851226807
85.4040923302792,22.1776218672039,1314,414,1,458,15.3361530303955,193.655899047852,5.55492115020752,20.1494407653809
85.4450283980722,22.1778466597032,1315,415,1,493,13.636739730835,54.9293060302734,15.1845388412476,19.1572437286377
85.4901318339921,22.1786406602966,1316,416,1,464,19.6942043304443,32.0466156005859,26.706672668457,37.5233268737793
85.4918789371656,22.1781330968529,1317,416,1,446,17.8663063049316,27.0838394165039,13.7502317428589,24.4131107330322
85.4877605632828,22.1788829870891,1318,416,1,464,15.3020992279053,45.2288246154785,16.1479377746582,22.1810722351074
85.4903642375677,22.1790522676032,1319,416,1,445,25.4200267791748,21.3024673461914,19.8032817840576,36.6060104370117
85.4912846098584,22.1780843934933,1320,416,1,455,20.576150894165,10.601282119751,10.5463256835938,28.1247215270996
85.4884336858477,22.1790412880107,1321,416,1,443,12.143500328064,28.7798843383789,32.3160095214844,17.776388168335
85.4890363256006,22.1786491375863,1322,416,1,474,20.3349571228027,5.34639406204224,37.7083129882812,39.9874992370605
85.4907399642244,22.1782728809928,1323,416,1,449,14.406530380249,49.1270713806152,12.676197052002,23.021728515625
85.4875920100109,22.1794197692242,1324,416,1,458,15.5462942123413,83.2290420532227,15.4017210006714,21.6101837158203
85.4897660839145,22.1789867882621,1325,416,1,452,26.3220348358154,6.01006984710693,19.2455139160156,37.6828880310059
85.3990244556824,22.1779836996543,1326,417,1,490,19.6218681335449,258.726043701172,9.76429176330566,26.4196891784668
85.3986348336847,22.1774296757996,1327,417,1,471,19.6645584106445,262.086608886719,16.7624588012695,26.2488098144531
85.3991700855978,22.1771475064149,1328,417,1,493,15.2818193435669,235.235244750977,16.575855255127,23.9582977294922
85.3986881433704,22.1783351822005,1329,417,1,481,16.5305995941162,246.383926391602,7.65802574157715,23.7276210784912
85.4624167106089,22.1775399671119,1330,418,1,448,15.345890045166,97.7272720336914,5.86462688446045,19.1311264038086
85.4643925734492,22.1787636018329,1331,419,1,446,19.3523807525635,319.355438232422,25.3290309906006,31.5753059387207
85.4641508249289,22.1774051236561,1332,419,1,446,15.467698097229,201.024917602539,17.9316501617432,23.9582977294922
85.463680153262,22.1782415660217,1333,419,1,450,18.8307285308838,269.311157226562,24.5925140380859,25.7293605804443
85.463474802604,22.1787734703437,1334,419,1,432,17.0339469909668,324.715515136719,34.0658340454102,32.0156211853027
85.4634489370214,22.1777227527257,1335,419,1,446,22.4422168731689,248.452270507812,16.1867523193359,30.1496276855469
85.4647206507855,22.1783101989285,1336,419,1,465,16.0056114196777,350.472229003906,24.7241630554199,25.6515102386475
85.5718905922711,22.1783827167111,1337,420,1,483,15.9574565887451,255.04328918457,17.0634422302246,21.470911026001
85.450264506821,22.1768898383559,1338,421,1,481,19.0417003631592,98.8835220336914,14.3594408035278,25.0399684906006
85.4503450541688,22.1773792025651,1339,421,1,483,13.5965538024902,88.05712890625,12.2371654510498,18.788293838501
85.4013916932606,22.1761544830792,1340,422,1,476,15.3020992279053,134.771179199219,11.5168962478638,20.7364406585693
85.5838448773556,22.1780644193845,1341,423,1,533,8.71137046813965,188.097305297852,19.9196243286133,18.2756671905518
85.5842838675371,22.1778639193577,1342,423,1,518,15.185733795166,146.178848266602,15.4973554611206,21.2837963104248
85.4018003753096,22.1769103109218,1343,424,1,462,21.9777565002441,65.3849716186523,13.525806427002,30.7083053588867
85.4019928975832,22.1761058047411,1344,424,1,449,18.8610572814941,93.4402389526367,20.3153400421143,26.5141468048096
85.401380304112,22.1773403097148,1345,424,1,468,15.9285306930542,42.8908233642578,7.45938110351562,20.5669631958008
85.4014766199284,22.1764665995155,1346,424,1,474,15.0560741424561,111.456466674805,18.0440902709961,20
85.4020726572922,22.1756203322869,1347,424,1,447,14.5009117126465,100.042221069336,20.5345497131348,21.3541564941406
85.401948144367,22.1773597971051,1348,424,1,455,16.8252487182617,65.9998092651367,17.2546806335449,22.8035087585449
85.4468037776878,22.1757513464216,1349,425,1,490,15.0303010940552,164.14045715332,10.2186279296875,19.9499378204346
85.5857861624029,22.1766157509111,1350,426,1,491,16.2976188659668,115.766616821289,8.36079692840576,22.0907211303711
85.5858256684284,22.1771936003594,1351,426,1,497,15.4854488372803,110.803382873535,10.476372718811,20.8086528778076
85.4053888863953,22.1744048910224,1352,427,1,475,15.6370315551758,287.034881591797,8.3834867477417,19.9248580932617
85.4055704060578,22.1748633930134,1353,427,1,472,15.7829179763794,297.656524658203,7.48355770111084,20.7123146057129
85.450948920444,22.1752610844734,1354,428,1,485,16.0570125579834,278.189422607422,7.61066341400146,20.9523277282715
85.451071589894,22.1747856961364,1355,428,1,482,12.7807216644287,261.686340332031,9.38662338256836,16.7928562164307
85.3966270666488,22.1740242444882,1356,429,1,467,14.7985134124756,246.202880859375,8.52173614501953,19.9248580932617
85.4922907442457,22.1753791114483,1357,430,1,462,17.0451011657715,127.961967468262,6.4168758392334,21.7944946289062
85.4927382760533,22.1761725279797,1358,430,1,459,15.6741724014282,90.8371887207031,7.02915954589844,20.1246109008789
85.492118039137,22.1747658527916,1359,430,1,456,16.2491321563721,138.206344604492,9.47981452941895,21.3541564941406
85.4927168773319,22.1756476244524,1360,430,1,453,16.5301189422607,125.465019226074,8.92875289916992,21.9544982910156
85.4741754637924,22.1751542183896,1361,431,1,462,17.5022964477539,87.7646484375,5.70824813842773,22.7376346588135
85.4741606531993,22.1740020731043,1362,431,1,460,15.0372133255005,101.443344116211,7.73587322235107,20
85.4744004259216,22.1744276096032,1363,431,1,461,16.45436668396,96.3760452270508,5.80911064147949,21.771541595459
85.4654063198428,22.1759543459094,1364,432,1,457,20.141040802002,296.560943603516,9.94207572937012,28.5131549835205
85.464028661759,22.1746037806943,1365,432,1,460,23.4418258666992,303.258270263672,13.7211894989014,31.3847103118896
85.4648238609718,22.1756889742743,1366,432,1,447,16.5990028381348,299.6787109375,19.4402275085449,21.931713104248
85.4646255745902,22.1747176377686,1367,432,1,467,18.74391746521,313.526062011719,10.6844120025635,25.1197128295898
85.4636781214538,22.1741650397995,1368,432,1,454,22.3748779296875,301.860687255859,12.5698223114014,29.2232780456543
85.4653265983293,22.1750791902249,1369,432,1,475,17.276180267334,303.619171142578,8.22212409973145,22.6495037078857
85.4646685825321,22.1752251885469,1370,432,1,460,21.5162124633789,310.933013916016,6.64012145996094,28.3196048736572
85.4650594285685,22.1765384191793,1371,432,1,449,15.0372133255005,258.556640625,6.80641460418701,19.3390789031982
85.4590660111946,22.1741097153804,1372,433,1,474,15.1663017272949,307.229888916016,6.90427780151367,20.8326663970947
85.4572011493103,22.1739291424936,1373,434,1,491,15.1124095916748,57.902172088623,4.6018533706665,19.4422225952148
85.4911913079372,22.1744341948577,1374,435,1,462,17.5552196502686,131.372024536133,7.17963409423828,22.4499435424805
85.4908760648878,22.1739426409148,1375,435,1,456,15.0439882278442,130.990417480469,9.70639419555664,19.6977157592773
85.4915258186088,22.1748985230615,1376,435,1,462,15.2358055114746,152.638977050781,6.02825164794922,22.0454082489014
85.4910011607706,22.1748724652126,1377,435,1,470,17.1879119873047,134.627410888672,10.2216682434082,22.6715679168701
85.4730239676085,22.1738646925944,1378,436,1,477,16.9266948699951,141.385940551758,7.50555801391602,22.538854598999
85.4727924635626,22.1734450774759,1379,436,1,468,15.0439882278442,130.990417480469,5.27617835998535,20.8086528778076
85.4693786429528,22.1731874495652,1380,437,1,504,16.0672054290771,35.7671279907227,7.3254508972168,24.6170673370361
85.4698974348448,22.1733387047929,1381,437,1,501,16.4459285736084,13.5306539535522,5.72394752502441,21.8174247741699
85.4594382716092,22.1729599114284,1382,438,1,476,16.2822704315186,199.870666503906,15.8809156417847,22.6053085327148
85.4664099217412,22.1731939220454,1383,439,1,502,15.0922164916992,216.3154296875,23.1355972290039,23.5372047424316
85.4657930103042,22.1729453578163,1384,439,1,482,15.3361530303955,193.655899047852,18.097225189209,22.6715679168701
85.4901877967593,22.1731666518802,1385,440,1,457,17.574686050415,153.273712158203,10.0022287368774,24.5967483520508
85.4907111652136,22.1731803033037,1386,440,1,451,16.5277366638184,147.437866210938,11.7126493453979,22.226110458374
85.4047705080061,22.1720859729778,1387,441,1,474,15.4048480987549,143.466232299805,8.86616325378418,20.3469905853271
85.5751172641996,22.1736062200394,1388,442,1,470,15.2362670898438,104.826522827148,12.4554834365845,19.9749851226807
85.4669612590738,22.1725527777612,1389,443,1,498,15.6777086257935,228.902053833008,6.58989524841309,20.5182838439941
85.4309852096851,22.1721954076874,1390,444,1,469,13.1911144256592,263.975494384766,16.1329116821289,18.8414440155029
85.5719984072401,22.1730871171088,1391,445,1,467,15.6839876174927,241.193542480469,5.70763206481934,20.1990089416504
85.403686749106,22.1715258044258,1392,446,1,474,17.8290119171143,139.894027709961,11.7215309143066,23.4307498931885
85.4041097637116,22.1718116485685,1393,446,1,469,15.5917596817017,160.104461669922,11.8811511993408,22.0680770874023
85.5516583700538,22.1730632894759,1394,447,1,437,6.83593654632568,16.7415943145752,11.1588439941406,13.6747941970825
85.5522768562689,22.1730546737759,1395,447,1,430,7.56521224975586,33.5398712158203,21.7991943359375,12.2882061004639
85.551012820134,22.1729550436874,1396,447,1,446,15.4032869338989,349.163421630859,10.0970134735107,20.5912609100342
85.5522664672474,22.1725966543951,1397,447,1,449,15.1505851745605,28.571044921875,18.3184547424316,24.5356884002686
85.39557599271,22.1711680709287,1398,448,1,471,15.6458721160889,67.6282806396484,9.36186790466309,20.688159942627
85.3960805688623,22.1712400127086,1399,448,1,462,15.1933631896973,69.6817932128906,10.9087610244751,19.6468830108643
85.455966165335,22.1718218586768,1400,449,1,505,15.194580078125,120.881156921387,6.08883380889893,19.261360168457
85.5541509367881,22.1725637085661,1401,450,1,436,10.2374277114868,2.73982977867126,14.9405727386475,14.4222049713135
85.3956895578799,22.1708061965616,1402,451,1,474,14.7531623840332,90.8920822143555,12.3375606536865,21.771541595459
85.3957213051707,22.1703458812446,1403,451,1,471,14.9243974685669,112.616218566895,13.3256320953369,22.7596130371094
85.4612218182174,22.1708657915056,1404,452,1,457,17.0080089569092,76.8288879394531,11.4096946716309,23.5584373474121
85.4612115336763,22.1723448340977,1405,452,1,452,21.4714031219482,92.9874649047852,23.0796089172363,31.7332630157471
85.4607564093038,22.1732015745771,1406,452,1,485,22.8641757965088,112.886871337891,33.2872772216797,39.3700408935547
85.461031216247,22.1738460957305,1407,452,1,471,15.0093240737915,86.4933395385742,18.2604541778564,21.5174350738525
85.4612307546599,22.1715985123231,1408,452,1,455,21.1033229827881,84.513557434082,13.1561489105225,27.7668876647949
85.461204207877,22.1734167287854,1409,452,1,470,22.7014255523682,97.8862533569336,26.3700408935547,31.1769142150879
85.4608189593576,22.1727178140048,1410,452,1,472,22.4092540740967,103.219345092773,27.6318626403809,33.3166618347168
85.4607588830186,22.1720672629185,1411,452,1,467,15.9577550888062,94.9351425170898,28.7332630157471,24.7386341094971
85.4029580030637,22.1706027432853,1412,453,1,470,20.0934677124023,170.491561889648,16.9782238006592,29.325756072998
85.4024298713005,22.1707575806265,1413,453,1,471,18.5304183959961,191.890731811523,17.8229141235352,29.068883895874
85.4037539915886,22.1729694414888,1414,453,1,476,20.5238761901855,336.919128417969,19.2740650177002,28.65309715271
85.4029957476935,22.1723413657927,1415,453,1,477,15.6205587387085,318.405426025391,19.0760688781738,21.8860683441162
85.4045256418168,22.1728986784981,1416,453,1,481,15.6617670059204,348.454559326172,23.3271217346191,23.1948261260986
85.4025673845191,22.1725828313812,1417,453,1,461,19.2875366210938,326.285583496094,16.964262008667,25.3179779052734
85.4020243029861,22.1716289769999,1418,453,1,468,20.814001083374,289.532440185547,12.4879636764526,27.9463768005371
85.4017421843497,22.1709393305266,1419,453,1,458,16.9055194854736,263.8046875,18.9839038848877,22.7815723419189
85.4034112959495,22.1708389857017,1420,453,1,473,11.1496105194092,121.335777282715,21.0191326141357,17.1172428131104
85.4019712462315,22.1721080583707,1421,453,1,452,16.4884204864502,288.577178955078,19.579776763916,22.427661895752
85.4615985956703,22.1706298811123,1422,454,1,457,16.4529438018799,1.67513990402222,7.21624565124512,22.3159141540527
85.4620937568058,22.170533022808,1423,454,1,457,15.831503868103,10.5250844955444,8.60460472106934,21.0475654602051
85.3907463439799,22.1723761865736,1424,455,1,456,21.5822906494141,283.791259765625,9.91973495483398,29.9666481018066
85.3909467392186,22.1738141733694,1425,455,1,451,28.6279144287109,288.388885498047,19.0055809020996,41.0243835449219
85.390428040396,22.1719149741072,1426,455,1,449,16.895435333252,296.451721191406,14.0790033340454,22.1359443664551
85.3913061198452,22.1742636068656,1427,455,1,458,26.6853866577148,295.614807128906,27.0080184936523,39.2683067321777
85.390486151809,22.1733430191933,1428,455,1,445,19.5349369049072,266.024353027344,20.2532768249512,25.5538654327393
85.3914070059386,22.1754975934158,1429,455,1,446,18.5532379150391,323.729370117188,14.7994918823242,25.3574447631836
85.3910205984751,22.1713209926164,1430,455,1,466,22.727783203125,268.317352294922,13.5839748382568,31.9374389648438
85.3910077206905,22.1727663104421,1431,455,1,464,24.2649459838867,288.561981201172,17.6494216918945,32.4807624816895
85.3907057913039,22.1704911912507,1432,455,1,471,19.9992542266846,311.653839111328,20.8040313720703,27.2763633728027
85.3922872502368,22.176208183931,1433,455,1,433,7.79674053192139,313.526062011719,17.1913948059082,10.908712387085
85.3960887503322,22.169319622444,1434,456,1,443,13.7372255325317,132.132476806641,21.3602828979492,22.2036037445068
85.3948818492133,22.169249512573,1435,457,1,467,15.3947200775146,129.81201171875,10.5750169754028,19.7737197875977
85.3950423157162,22.1688111727324,1436,457,1,455,15.3779592514038,118.491333007812,10.9580163955688,19.9499378204346
85.3946738856384,22.1688031269384,1437,458,1,468,15.0170841217041,132.25617980957,8.54874801635742,19.0525588989258
85.5572719141164,22.1696343536606,1438,459,1,459,15.1818542480469,20.4847564697266,5.80213165283203,20.0499382019043
85.3939739033569,22.1695709761927,1439,460,1,473,15.2836151123047,295.7919921875,12.345235824585,21.4242858886719
85.393409542004,22.1689620280828,1440,460,1,459,15.4109964370728,260.583587646484,10.4047260284424,19.1311264038086
85.3936451482531,22.1679429513778,1441,460,1,443,15.5951251983643,235.049102783203,25.5124378204346,25
85.3938273829118,22.1686658326703,1442,460,1,463,15.734302520752,237.422378540039,6.25152015686035,20.5426387786865
85.3939310376019,22.1700310485142,1443,460,1,467,15.7122983932495,274.178833007812,8.12760543823242,20.44504737854
85.4546688905184,22.1692056368386,1444,461,1,493,18.1914081573486,124.154922485352,6.69391822814941,23.9165210723877
85.4554285561597,22.1700216874106,1445,461,1,481,19.683084487915,121.048141479492,23.4724769592285,27.349588394165
85.4553889352957,22.1705314319306,1446,461,1,500,23.186637878418,114.908325195312,17.7713432312012,33.1662483215332
85.4556942448689,22.1711022198254,1447,461,1,505,15.3763236999512,149.849136352539,18.6306400299072,26
85.4535032097008,22.1689919834587,1448,461,1,513,17.5305404663086,132.447616577148,12.0416297912598,22.6053085327148
85.4545738608974,22.1698046252629,1449,461,1,504,17.8872127532959,123.982833862305,14.0634984970093,23.1732597351074
85.4539771323588,22.1688152580598,1450,461,1,505,18.1094665527344,135.609771728516,7.00743293762207,23.6220245361328
85.4539708799046,22.1692896197535,1451,461,1,514,16.8738842010498,138.022827148438,13.8752298355103,22.2934970855713
85.4311723936952,22.1679632082347,1452,462,1,469,16.6846618652344,36.1899833679199,10.4020547866821,22.0227146148682
85.4528743779936,22.1682618329299,1453,463,1,525,18.7355175018311,96.9429016113281,22.950008392334,26.1151294708252
85.452747550534,22.1687425219878,1454,463,1,527,15.9203977584839,107.568305969238,22.950008392334,24.1246757507324
85.4527394652141,22.1678042374791,1455,463,1,524,16.8648452758789,94.654411315918,16.9443874359131,23.8327503204346
85.3900352127987,22.1672148905612,1456,464,1,443,16.0278816223145,216.943695068359,,19.078784942627
85.3900425692778,22.1677399405222,1457,464,1,456,17.7018413543701,209.134216308594,,18.3030052185059
85.3905264396418,22.1673864655542,1458,464,1,457,10.4818563461304,197.655990600586,11.852388381958,27.440845489502
85.3934211861127,22.1705647178326,1459,465,1,462,15.9353160858154,138.303817749023,12.208065032959,24.2487106323242
85.393048672387,22.170232055795,1460,465,1,464,16.2045726776123,110.65225982666,19.3149070739746,23.302360534668
85.3922485462286,22.169269479621,1461,465,1,454,15.8718719482422,165.043609619141,12.0479536056519,22.3830299377441
85.3918103905028,22.1687670384092,1462,465,1,456,16.4711380004883,146.305191040039,5.50800323486328,21.6564083099365
85.3912570759252,22.1682147081815,1463,465,1,451,21.3893337249756,119.47029876709,17.7088813781738,30.8382873535156
85.3912326948245,22.1689083306082,1464,465,1,466,19.4951572418213,128.709350585938,17.3883056640625,26.0192241668701
85.391115100014,22.1668905668979,1465,465,1,435,15.2970485687256,137.265045166016,13.7681980133057,21.3072757720947
85.3906309562998,22.1681283910981,1466,465,1,465,17.8062267303467,158.724090576172,21.0423851013184,25.7293605804443
85.3928076768877,22.1706664490516,1467,465,1,480,18.74391746521,133.526062011719,18.4754676818848,24.4744758605957
85.3929276118804,22.1693525619291,1468,465,1,456,16.0278816223145,143.056304931641,13.680721282959,23.366641998291
85.454177942633,22.1679701243975,1469,466,1,490,17.4061260223389,28.8099517822266,17.9218788146973,30.2158889770508
85.4542262327021,22.167506277566,1470,466,1,507,16.1129035949707,34.5970878601074,21.2830772399902,30.6104564666748
85.5589909888421,22.1685593010222,1471,467,1,460,15.071494102478,61.8372497558594,6.25425434112549,19.5959186553955
85.4525528248285,22.1671073602431,1472,468,1,501,19.2015209197998,171.446655273438,9.65460395812988,26.2678508758545
85.451501589311,22.1674772697408,1473,468,1,513,21.6490993499756,193.842208862305,13.7893943786621,31.0322418212891
85.4508319354541,22.1675996261401,1474,468,1,506,19.248498916626,198.001281738281,19.6430835723877,28.4956130981445
85.4521079048168,22.1676169760896,1475,468,1,520,17.0957374572754,196.301559448242,12.0477523803711,23.8117618560791
85.4512206796413,22.1679284832235,1476,468,1,526,15.0303010940552,195.85954284668,26.4567489624023,27.1661548614502
85.4951168107625,22.1680696709233,1477,469,1,482,20.5412578582764,41.923641204834,10.5456256866455,27.3313007354736
85.4944613087297,22.1680738695946,1478,469,1,492,17.9176750183105,15.4858093261719,9.47165107727051,24.1246757507324
85.4950361093162,22.1675109826169,1479,469,1,496,15.7949028015137,74.0152893066406,16.5589866638184,20.9045448303223
85.4947863633795,22.1686419614275,1480,469,1,463,6.48115253448486,37.4408226013184,15.6449918746948,10.4880886077881
85.4939295919881,22.1680689773052,1481,469,1,493,15.9366588592529,352.180816650391,13.0780248641968,21.0950222015381
85.4942160694456,22.1684766063969,1482,469,1,472,15.7234163284302,16.0205039978027,16.6116180419922,22.3830299377441
85.4502882899334,22.1669747106167,1483,470,1,494,16.7276668548584,144.935745239258,14.5863857269287,25.4950981140137
85.4501192718564,22.1674067188746,1484,470,1,514,9.77397632598877,121.57470703125,26.4893798828125,20.0748596191406
85.4960996647363,22.1672378460165,1485,471,1,483,17.2011985778809,71.4671020507812,16.2947120666504,23.0434379577637
85.4959844780703,22.168013982179,1486,471,1,469,15.7962198257446,52.5056533813477,12.7725439071655,21.5406589508057
85.5509844280019,22.1679572787432,1487,472,1,470,16.3147163391113,278.863433837891,20.0543899536133,24.8596057891846
85.5507206677919,22.1683384253717,1488,472,1,455,14.9892015457153,268.245025634766,16.656156539917,21.4242858886719
85.550640972521,22.1676101252418,1489,472,1,458,17.3153076171875,274.525665283203,15.9218597412109,22.912878036499
85.4544613057252,22.166574005111,1490,473,1,505,15.9982089996338,64.5962600708008,6.1447582244873,20.5669631958008
85.4866432936272,22.1671803511117,1491,474,1,486,16.768404006958,348.430541992188,7.97967720031738,23.3238067626953
85.4873121280102,22.1672294230363,1492,474,1,481,12.1209049224854,353.073699951172,12.9857521057129,16.4620780944824
85.4870222358847,22.1668362291771,1493,474,1,500,15.7213335037231,341.214691162109,8.80380058288574,23.4307498931885
85.5514422909111,22.1674193185337,1494,475,1,468,15.9366588592529,187.819198608398,15.2488880157471,22.847318649292
85.4313550250164,22.1663440554228,1495,476,1,473,15.4109964370728,99.4164199829102,11.076135635376,20.6155281066895
85.4315067271516,22.1657824282083,1496,476,1,471,13.7757635116577,99.6264572143555,12.9875965118408,19
85.5591452725522,22.1673651887887,1497,477,1,470,19.1491146087646,21.1304416656494,10.1317081451416,27.964262008667
85.559761329203,22.167351266793,1498,477,1,467,18.1827545166016,16.0205039978027,11.7160797119141,24.9599685668945
85.5601554068563,22.1670150822941,1499,477,1,475,11.8465509414673,75.2799606323242,7.58344650268555,15.3948040008545
85.5594568940634,22.1668900439924,1500,477,1,486,9.52134704589844,50.5392684936523,18.3225269317627,13.2664995193481
85.4857283653393,22.1661361369114,1501,478,1,494,17.1895637512207,336.131103515625,12.3566055297852,23.1516742706299
85.4860129875261,22.1665952114615,1502,478,1,489,15.2358055114746,332.638977050781,15.9621572494507,21.5638580322266
85.5427321369743,22.166357209192,1503,479,1,458,19.0179672241211,77.6367721557617,18.1451988220215,25.826343536377
85.5424868948967,22.1659630616244,1504,479,1,459,12.8489198684692,71.1224517822266,14.5504083633423,18.3303031921387
85.4528397469365,22.1649517625636,1505,480,1,475,15.7703638076782,251.374313354492,16.4614715576172,24.2074375152588
85.4529755542021,22.1657608672804,1506,480,1,491,16.7639865875244,261.389556884766,13.2324018478394,22.7376346588135
85.4531330767116,22.1662149035254,1507,480,1,493,16.5988349914551,267.635192871094,5.94293022155762,21.7025337219238
85.4531298820094,22.1653159032034,1508,480,1,491,15.6809186935425,255.624359130859,13.7193489074707,23.6220245361328
85.4851117005926,22.1653612154024,1509,481,1,498,15.2426443099976,327.412780761719,13.7620296478271,21.8860683441162
85.4474012815427,22.164663286083,1510,482,1,496,15.3046522140503,163.505676269531,9.07783794403076,20.5669631958008
85.5014963132893,22.1650707358817,1511,483,1,470,7.61692953109741,11.1668348312378,18.7212886810303,11.0905361175537
85.5019218064812,22.1652967149825,1512,483,1,465,15.2073221206665,5.46717882156372,14.3417387008667,22.6715679168701
85.4553230908352,22.165371293246,1513,484,1,499,18.7360763549805,54.534984588623,12.6555595397949,23.8327503204346
85.4540940508958,22.1643106733652,1514,484,1,487,15.6132612228394,222.814544677734,13.437819480896,21.0713081359863
85.4545583483863,22.1641072828014,1515,484,1,484,15.1505851745605,208.571044921875,14.4291610717773,21.0950222015381
85.4551808140201,22.1647338273214,1516,484,1,508,16.2347297668457,105.516914367676,17.1550712585449,25.4558448791504
85.4553676076169,22.1642375196485,1517,484,1,497,16.2618427276611,139.375244140625,9.76819801330566,23.3880310058594
85.4542394353109,22.1649378211236,1518,484,1,498,16.5990028381348,240.321273803711,6.55121994018555,21.6333084106445
85.5612461917264,22.1649981331017,1519,485,1,462,20.3192386627197,19.7581615447998,13.4300689697266,27.6405506134033
85.5618905027609,22.1649556884999,1520,485,1,450,18.4612636566162,39.3126792907715,22.0593128204346,27.7308483123779
85.5606345367067,22.1650020707353,1521,485,1,472,16.1332664489746,18.2622947692871,12.9658489227295,23.1084403991699
85.5469034762748,22.1648001367555,1522,486,1,461,19.1412563323975,7.14396286010742,18.3010940551758,26.907247543335
85.5493604063543,22.1647357422187,1523,486,1,471,16.4529438018799,1.67513990402222,8.19738960266113,23.259407043457
85.5498901017036,22.1649497298232,1524,486,1,467,16.5740871429443,40.7415542602539,10.4519090652466,22.7815723419189
85.5489263577096,22.1645335016266,1525,486,1,479,16.9906711578369,334.028076171875,14.4125366210938,24.2693214416504
85.5473290984252,22.1644473466181,1526,486,1,478,17.9840431213379,356.187774658203,22.7732315063477,30.0166625976562
85.5484226410259,22.1645706548266,1527,486,1,475,17.5265426635742,339.183929443359,10.6984214782715,23.8327503204346
85.5500232517189,22.1642553626673,1528,486,1,482,15.194580078125,59.1188468933105,14.4551973342896,21.2367610931396
85.5479236666124,22.1648138832391,1529,486,1,460,17.644567489624,7.01537799835205,14.7456331253052,26.7207775115967
85.3965942165394,22.1624080829857,1530,487,1,438,17.1066074371338,2.41146159172058,13.5696496963501,25.1197128295898
85.3960748498477,22.1624095179294,1531,487,1,434,17.6359004974365,342.619842529297,12.0801734924316,24.9599685668945
85.4612892919388,22.1630293408118,1532,488,1,467,15.185733795166,33.8211517333984,9.10212230682373,20.1742401123047
85.4984094975489,22.1634972962316,1533,489,1,469,17.279354095459,99.8657760620117,17.9655303955078,21.8403301239014
85.4982296487971,22.1644102210897,1534,489,1,477,21.0148944854736,98.5929183959961,15.5779104232788,28.2842712402344
85.4980527292998,22.1630540328751,1535,489,1,470,16.2357788085938,113.217170715332,14.3878288269043,21.3541564941406
85.4983561910786,22.1649514221014,1536,489,1,483,16.8357200622559,93.1067352294922,18.5306854248047,25.690465927124
85.4976133843122,22.1633435390036,1537,489,1,484,15.8984146118164,120.251960754395,10.7041006088257,21.0713081359863
85.4979918697996,22.1638507723736,1538,489,1,480,17.9085369110107,108.49235534668,13.1281766891479,23.0867919921875
85.4745450388885,22.1628682837143,1539,490,1,484,15.3020992279053,314.771179199219,21.073169708252,21.2132034301758
85.4742991404073,22.1624728622592,1540,490,1,496,15.6615419387817,303.758697509766,23.5938549041748,28.2842712402344
85.4713631254831,22.1628390360345,1541,491,1,475,16.0748920440674,5.15650081634521,24.2860012054443,27.0924339294434
85.4718952993428,22.1628217808593,1542,491,1,476,16.9032344818115,356.742858886719,24.3618125915527,26.68332862854
85.4710271917609,22.162495234519,1543,491,1,490,16.6768531799316,357.522552490234,21.2414283752441,24.4948978424072
85.3938782434026,22.1613455164597,1544,492,1,433,13.1581296920776,50.8495941162109,12.6158504486084,17.5499286651611
85.3953154781774,22.1612506912047,1545,493,1,439,17.6218757629395,309.232330322266,8.38055992126465,23.0434379577637
85.3949177282854,22.1609792211723,1546,493,1,439,15.6827116012573,322.050506591797,9.36864376068115,20.6155281066895
85.3954827584346,22.1616910879644,1547,493,1,437,12.6778736114502,304.401824951172,5.77535629272461,16.822603225708
85.4711369779187,22.1618905057462,1548,494,1,496,11.1087551116943,318.737915039062,13.0703639984131,18.6547584533691
85.5209150835328,22.1621071737573,1549,495,1,461,16.1245098114014,103.95085144043,10.1572027206421,21.470911026001
85.5218468103091,22.1621899626409,1550,496,1,465,15.7503099441528,264.159576416016,11.4082765579224,21.7255611419678
85.5613685894919,22.1626094492354,1551,497,1,476,17.3153076171875,85.4743347167969,11.0374917984009,23.6643199920654
85.56154463113,22.163182526151,1552,497,1,474,13.0468692779541,80.8375625610352,17.1584415435791,18.3303031921387
85.4741138733621,22.161917404379,1553,498,1,488,13.3866529464722,303.454772949219,19.3928451538086,22.3830299377441
85.4740438419468,22.1614040165269,1554,498,1,499,15.6839876174927,298.806457519531,9.43950271606445,20.8806133270264
85.5609843973489,22.1622229381689,1555,499,1,488,15.0170841217041,132.25617980957,9.36628913879395,20.5912609100342
85.5625614373935,22.1624070026109,1556,500,1,454,10.1141672134399,42.6518211364746,16.2781524658203,14.3178215026855
85.3945090209267,22.1601121717223,1557,501,1,447,15.4528827667236,331.049652099609,5.82153987884521,20.1742401123047
85.3920594343944,22.1615426693953,1558,502,1,453,23.0423851013184,349.474914550781,18.1112937927246,36.0277671813965
85.391345507039,22.1608754491007,1559,502,1,446,22.6995792388916,298.702850341797,17.8818435668945,31.8276615142822
85.3913505805508,22.1600138445531,1560,502,1,450,18.2377376556396,230.612655639648,28.3999252319336,36.5239639282227
85.3932405282701,22.1616152237646,1561,502,1,431,14.3878192901611,7.73615407943726,14.2730827331543,19.8997478485107
85.3916019079132,22.1613325534667,1562,502,1,436,24.9238166809082,320.138275146484,17.7489414215088,33.4514579772949
85.3927149834105,22.1618658896749,1563,502,1,434,21.3766098022461,5.69589471817017,20.6333084106445,30.1164398193359
85.391618882401,22.1618743991618,1564,502,1,420,4.88662910461426,329.676635742188,27.1736450195312,13.0384044647217
85.3919434046216,22.1598141202693,1565,502,1,436,15.3238115310669,170.936645507812,19.3149070739746,22.847318649292
85.4723812555962,22.160195910443,1566,503,1,493,17.276180267334,123.619171142578,9.58810520172119,22.2485961914062
85.4723472853773,22.1608030713608,1567,503,1,501,16.0570697784424,109.124664306641,8.35936737060547,21.8174247741699
85.4724183504539,22.161528130261,1568,503,1,504,16.2045154571533,78.6086044311523,8.08463382720947,21.023796081543
85.4715328433606,22.160239181181,1569,504,1,507,15.6804733276367,149.507629394531,6.78473281860352,21.4476108551025
85.4740084332407,22.1601377017328,1570,505,1,499,14.2350854873657,260.699584960938,6.21247482299805,18.4390888214111
85.4692158014174,22.1603069566279,1571,506,1,481,16.4711380004883,213.694808959961,17.9450054168701,30.5941162109375
85.4692387875272,22.1598496936295,1572,506,1,463,4.75901699066162,222.378707885742,24.5278644561768,7.07106781005859
85.4703460717083,22.1597883548825,1573,506,1,478,15.1186561584473,231.523880004883,15.6325397491455,23.0867919921875
85.4702448939307,22.1602857383058,1574,506,1,500,15.6777086257935,228.902053833008,20.9658966064453,27.0924339294434
85.4698829800724,22.1599342919763,1575,506,1,479,23.5947570800781,217.072998046875,16.0422134399414,32.9241561889648
85.4708103607818,22.1600001242956,1576,506,1,499,16.79758644104,204.498672485352,11.7797555923462,23.4520778656006
85.4773629090549,22.1592112503033,1577,507,1,481,15.3986511230469,114.633277893066,14.6011075973511,21.7944946289062
85.4958224276123,22.1589910645412,1578,508,1,487,14.0554227828979,90,11.8562917709351,18.6547584533691
85.4711459647422,22.1588113210708,1579,509,1,478,17.0019092559814,230.934707641602,10.0576286315918,21.5638580322266
85.4707090053728,22.1591379483061,1580,509,1,477,19.1548480987549,216.618530273438,11.1579637527466,26.0576286315918
85.4701240283883,22.1590884152791,1581,509,1,467,15.3273506164551,206.165634155273,18.364990234375,22
85.4738599670534,22.1589347886226,1582,510,1,488,17.3012428283691,244.255645751953,10.0850353240967,24
85.4742736505624,22.1600770790523,1583,510,1,505,15.9577550888062,265.064849853516,11.3137521743774,21.3541564941406
85.474134766625,22.1593602485259,1584,510,1,504,16.915563583374,258.333251953125,6.24831199645996,22.4053573608398
85.4742426045799,22.1585592048447,1585,510,1,496,16.4114437103271,245.31672668457,12.2070951461792,21.7944946289062
85.5649874058604,22.1589043602697,1586,511,1,464,17.4446315765381,348.109283447266,12.4420833587646,26.153392791748
85.5644703342853,22.1590113736019,1587,511,1,461,15.5288791656494,336.178283691406,14.153392791748,23.9374179840088
85.565556059994,22.1590759245515,1588,511,1,464,16.7029876708984,4.12451410293579,12.5319223403931,24.1867733001709
85.4618682910176,22.1573817274741,1589,512,1,497,15.4816999435425,52.6350593566895,8.78106784820557,21.6333084106445
85.4617730538027,22.1590210419835,1590,512,1,489,16.0012722015381,83.4324035644531,5.79780769348145,20.9523277282715
85.4618117376735,22.1585565760796,1591,512,1,492,17.0080089569092,76.8288879394531,6.55706691741943,22.4944438934326
85.461150025876,22.1579682620108,1592,512,1,509,22.1028499603271,81.2901000976562,15.5214595794678,30.7083053588867
85.4612747797503,22.158536628861,1593,512,1,505,15.5910530090332,60.0287094116211,14.8909931182861,21.1423740386963
85.4610129830192,22.1572596476718,1594,512,1,528,16.5869617462158,89.2113342285156,21.7272338867188,23.4307498931885
85.4617613756156,22.1579542515523,1595,512,1,493,15.2220001220703,79.5831680297852,6.39982128143311,19.9248580932617
85.4623826919183,22.1573460396584,1596,513,1,486,13.0753602981567,30.1191082000732,15.5567541122437,21.1423740386963
85.4474558019026,22.1576751646405,1597,514,1,521,21.5035724639893,260.41552734375,17.0460205078125,30.4138126373291
85.4490389916468,22.1568571064881,1598,514,1,508,15.5055046081543,188.049591064453,14.2307634353638,21.2367610931396
85.4475560953723,22.1581859236022,1599,514,1,516,19.6416797637939,284.638763427734,16.5738410949707,25.5147018432617
85.4485488676262,22.1571894725213,1600,514,1,529,12.7096567153931,178.903366088867,24.474250793457,20.1494407653809
85.4483007953689,22.1567997906427,1601,514,1,506,15.0702419281006,192.969329833984,22.2599487304688,20.5426387786865
85.4479480854525,22.1574317181537,1602,514,1,528,20.1765880584717,198.491241455078,28.7536678314209,33.0907859802246
85.4474275602759,22.1571545029774,1603,514,1,501,16.614860534668,202.990097045898,24.8611602783203,27.495454788208
85.5343472246443,22.1577669760827,1604,515,1,454,13.8984184265137,67.5990219116211,11.470911026001,18.0554695129395
85.4503474410926,22.1585979276709,1605,516,1,505,18.7355175018311,96.9429016113281,16.7277793884277,27.7848873138428
85.4485379721973,22.1593920151793,1606,516,1,516,21.7116374969482,333.611389160156,21.0126495361328,29.2745628356934
85.4501712802013,22.157539312933,1607,516,1,519,17.0080089569092,103.171112060547,18.6191673278809,27.1477432250977
85.4489698454134,22.1596304339696,1608,516,1,523,20.6979465484619,335.714691162109,29.4397640228271,29
85.4506181132958,22.1596105721353,1609,516,1,503,15.9265842437744,93.2946243286133,22.3563499450684,20.688159942627
85.4504735720414,22.1570884803159,1610,516,1,494,20.3593654632568,129.851715087891,14.2512903213501,28.9482288360596
85.4501838159118,22.1599831894433,1611,516,1,497,18.1163501739502,12.1866102218628,28.4427547454834,26.6270542144775
85.449963372246,22.1565624143852,1612,516,1,494,15.5910530090332,119.971290588379,16.112117767334,20.9523277282715
85.4495804460955,22.1599871736225,1613,516,1,495,19.1412563323975,352.856048583984,33.8593215942383,36.5376510620117
85.4499301929307,22.1588897882245,1614,516,1,522,18.332836151123,108.018882751465,21.1526260375977,26.1725044250488
85.4962061672224,22.157928080352,1615,517,1,498,16.8853855133057,319.146209716797,10.0343713760376,22.427661895752
85.4983031645999,22.1576273125652,1616,517,1,538,17.5016460418701,18.351224899292,12.2784366607666,24.2074375152588
85.4966225726549,22.1582631276192,1617,517,1,495,16.4109535217285,341.190216064453,6.93000221252441,22.226110458374
85.4973605591045,22.1583044711041,1618,517,1,503,18.0649166107178,345.437225341797,10.3202285766602,25.1992053985596
85.4983883576122,22.1582747631281,1619,517,1,507,22.1001300811768,11.6523246765137,10.6965503692627,30.1164398193359
85.4989859038141,22.1582958175847,1620,517,1,498,19.853630065918,8.94038486480713,15.3534908294678,29.7993297576904
85.4998777927244,22.1585036587837,1621,517,1,488,12.4836673736572,360,16.1038341522217,18.5472373962402
85.4964693261183,22.1586920450614,1622,517,1,485,16.2913475036621,345.45849609375,11.8679990768433,21.8403301239014
85.4972197104833,22.1577428743141,1623,517,1,518,16.831729888916,327.166778564453,4.82407569885254,22.6715679168701
85.4883364248048,22.1569082994791,1624,518,1,528,15.4495325088501,271.700164794922,5.17259407043457,19.8997478485107
85.4881016362088,22.1573187518327,1625,518,1,523,14.3296699523926,291.663055419922,10.5600233078003,18.3847770690918
85.4581993252323,22.1564932182142,1626,519,1,484,15.2220001220703,280.416839599609,21.2934246063232,22.2485961914062
85.4584678072504,22.1574919377661,1627,519,1,487,16.6374816894531,287.568298339844,10.0565843582153,21.470911026001
85.4585623234012,22.1570358803131,1628,519,1,492,17.6287841796875,288.038146972656,8.98752784729004,24.020824432373
85.5344464512292,22.1569330480898,1629,520,1,454,18.8572406768799,80.3251037597656,12.8815135955811,24.8193473815918
85.5345653000466,22.1574821621581,1630,520,1,447,14.9015522003174,70.1869125366211,16.195987701416,21.470911026001
85.5536058255221,22.1571335076651,1631,521,1,474,16.8267250061035,344.265319824219,16.3151149749756,25.8069763183594
85.5544944101661,22.1569509675551,1632,521,1,485,16.2833003997803,55.845085144043,19.4982261657715,22.2710571289062
85.5540542637856,22.1574066790167,1633,521,1,470,12.4945516586304,344.174530029297,21.8263397216797,17.8044929504395
85.4475639725812,22.1556771233231,1634,522,1,497,15.5787544250488,77.2569198608398,11.1714286804199,19.6468830108643
85.5004038459179,22.1561144243431,1635,523,1,524,15.2970485687256,42.7349586486816,4.52576351165771,20.0499382019043
85.5870897652111,22.1569498619441,1636,524,1,478,15.4482097625732,353.722930908203,9.87821483612061,20.6639785766602
85.4991652645389,22.156446982699,1637,525,1,537,15.9283237457275,44.0860252380371,9.4524621963501,20.7123146057129
85.4995202356274,22.1557544939219,1638,525,1,544,17.2098026275635,55.3071250915527,13.6102838516235,22.583179473877
85.4990885616072,22.1559941118806,1639,525,1,551,11.7914409637451,48.1059455871582,16.6943588256836,17.6918067932129
85.5332651964472,22.1565549137696,1640,526,1,451,18.4414367675781,220.332885742188,13.3446569442749,24.2074375152588
85.5333467340236,22.1560760672452,1641,526,1,452,15.3613224029541,228.954650878906,15.0422859191895,19.5959186553955
85.4046808027448,22.1553769059028,1642,527,1,451,16.2045726776123,290.652252197266,14.1651697158813,21.3775577545166
85.4045425364009,22.1548127129784,1643,527,1,452,16.5082454681396,262.048309326172,17.6315231323242,24.2487106323242
85.5213105715402,22.1562732947054,1644,528,1,466,15.0894947052002,96.9872436523438,11.7129726409912,20.1742401123047
85.5216355856162,22.1558973383776,1645,528,1,449,15.1981563568115,107.568305969238,11.4456920623779,21.9544982910156
85.4473897699519,22.1550060516592,1646,529,1,507,15.9203977584839,72.4317016601562,8.25403213500977,21.023796081543
85.4372429596874,22.1545409841734,1647,530,1,514,11.063551902771,288.331878662109,20.3039417266846,15.65247631073
85.4358330177778,22.1546413933543,1648,530,1,496,15.4032869338989,349.163421630859,17.7580032348633,22.2485961914062
85.4364458115504,22.154754774179,1649,530,1,501,18.0671043395996,353.160522460938,21.2860240936279,29.0860786437988
85.4372843515144,22.1550307409849,1650,530,1,498,20.8749084472656,312.632781982422,15.5260601043701,29.3768615722656
85.4480592755636,22.1548664495812,1651,531,1,490,16.5633354187012,45.3285026550293,12.2710571289062,22.2710571289062
85.4475027006477,22.1546475681894,1652,531,1,509,13.4679260253906,66.8119049072266,10.560399055481,17.4642486572266
85.5643617061095,22.1557990191424,1653,532,1,467,15.0262622833252,38.837474822998,7.29207229614258,22.0907211303711
85.488230885619,22.1548062421458,1654,533,1,534,15.7122983932495,274.178833007812,9.88061332702637,20.8806133270264
85.488303373351,22.1552547980202,1655,533,1,531,16.1439018249512,272.435302734375,7.50152492523193,20.7364406585693
85.4512077096183,22.1545200563328,1656,534,1,495,15.3493061065674,337.826965332031,13.5110187530518,22.1133441925049
85.5494124894643,22.1554588430891,1657,535,1,489,16.0278816223145,36.9436950683594,8.76522254943848,22.6936111450195
85.4529802471414,22.154216618699,1658,536,1,496,15.7122983932495,94.178825378418,13.8672475814819,20.9045448303223
85.5556609233906,22.1549704295211,1659,537,1,485,15.6615419387817,56.2412872314453,9.35933971405029,19.7230834960938
85.555197883612,22.1555805757972,1660,537,1,485,16.5561676025391,43.0342445373535,6.26679992675781,21.5638580322266
85.555097871455,22.1550829326734,1661,537,1,499,10.1486177444458,48.3772964477539,18.9514446258545,15.5241746902466
85.4077663794521,22.1538242638038,1662,538,1,450,15.655312538147,140.839050292969,12.5037870407104,21.2367610931396
85.4074419771741,22.1534644389438,1663,538,1,447,14.5101823806763,104.682678222656,16.4425621032715,20.6639785766602
85.4072839402279,22.1539650062902,1664,538,1,456,17.5552196502686,131.372024536133,9.78265762329102,23.0867919921875
85.4461359089897,22.1542675127391,1665,539,1,520,15.4689445495605,93.3973388671875,13.3648996353149,20
85.4479696065026,22.1538706242665,1666,540,1,499,14.3373489379883,124.154922485352,7.58965969085693,19.078784942627
85.5012672240062,22.1545107325704,1667,541,0,515,11.4282531738281,43.1017379760742,11.2649307250977,21.1660099029541
85.5590547787761,22.1550234644462,1668,542,1,464,15.5910530090332,60.0287094116211,18.9597187042236,23.8327503204346
85.5590005286633,22.1544313720553,1669,542,1,472,15.1304931640625,76.8534088134766,13.845627784729,20.9284496307373
85.5586144964166,22.1552555196209,1670,542,1,470,15.7829179763794,62.3434906005859,13.7829647064209,20.2731342315674
85.5586112166931,22.1547535726413,1671,542,1,482,16.2045726776123,69.3477478027344,19.4285545349121,25.5929679870605
85.4342560367514,22.1538102399743,1672,543,1,491,15.0372133255005,281.443328857422,13.0597734451294,20.4939022064209
85.4340428800476,22.153278588306,1673,543,1,484,16.3872585296631,280.442169189453,13.6541185379028,21.6333084106445
85.4647519140377,22.1534890710787,1674,544,1,481,15.0557641983032,322.426452636719,6.26238250732422,19.3390789031982
85.4905421632202,22.153776692729,1675,545,1,544,15.3542242050171,73.5192260742188,11.8498153686523,21.2837963104248
85.5140298409972,22.1539947834459,1676,546,1,460,15.0135221481323,186.468612670898,9.85381031036377,20.1494407653809
85.4589144497619,22.1567065388529,1677,547,1,508,18.0678081512451,292.149749755859,12.8055248260498,24.2280826568604
85.4587851377015,22.1536270434963,1678,547,1,520,16.3986759185791,255.477081298828,10.9199562072754,22.2710571289062
85.4588169467968,22.1549253344798,1679,547,1,507,18.2025146484375,310.416778564453,11.5069923400879,25.6709957122803
85.4590565192162,22.1556327351735,1680,547,1,512,20.5839653015137,269.374481201172,13.6946496963501,27.1477432250977
85.4597342835753,22.1580073725281,1681,547,1,510,17.4986400604248,314.606597900391,5.3128776550293,23.1300678253174
85.4592558204667,22.1574506174456,1682,547,1,505,15.2831420898438,299.6787109375,9.89369010925293,20.5426387786865
85.4597119670794,22.1548632835551,1683,547,1,526,15.0922164916992,323.6845703125,18.0399684906006,20.8086528778076
85.4599264464522,22.1570982536435,1684,547,1,529,18.1143283843994,294.430694580078,17.5723476409912,24.1660919189453
85.4586374805303,22.1531649552764,1685,547,1,507,15.4886951446533,258.910797119141,12.5982456207275,20.688159942627
85.4585753108336,22.154285564265,1686,547,1,511,22.7340049743652,281.857727050781,9.6784839630127,30.0166625976562
85.4611994133497,22.1530353277129,1687,548,1,494,15.9203977584839,107.568305969238,14.8842287063599,22.2710571289062
85.4612386747264,22.1536301604045,1688,548,1,497,20.5600109100342,101.986755371094,19.3120193481445,30.5450477600098
85.4610048388001,22.1548536631789,1689,548,1,520,17.3581714630127,101.346748352051,21.4433059692383,23.8956069946289
85.4609303039478,22.1543957408856,1690,548,1,518,16.915563583374,101.66674041748,23.0340366363525,28.7402153015137
85.4614420886503,22.1542711932704,1691,548,1,500,21.068531036377,94.2723846435547,15.342191696167,31.4006366729736
85.4451712031864,22.1530497511532,1692,549,1,533,16.5633354187012,134.671493530273,14.6460037231445,21.5174350738525
85.4449333147866,22.152554146573,1693,549,1,519,15.0472021102905,108.679107666016,12.4445686340332,21.9544982910156
85.4452775800078,22.1537459017055,1694,549,1,537,15.5152082443237,105.416564941406,17.4720325469971,22.5610275268555
85.4602277126302,22.1531391580958,1695,550,1,518,15.3696298599243,142.234451293945,7.34192848205566,20.688159942627
85.4602533752371,22.152669491315,1696,550,1,509,15.8044843673706,145.650924682617,4.3465747833252,20.7605400085449
85.4345916798449,22.1524510337788,1697,551,1,491,15.2146711349487,269.13623046875,9.97511196136475,19.8746070861816
85.4958707404399,22.1544598857065,1698,552,1,505,15.8008251190186,277.492248535156,17.2586612701416,21.9089031219482
85.4962307540483,22.1556325198417,1699,552,1,523,22.4115257263184,259.691589355469,19.8276615142822,31.0805397033691
85.4961459060355,22.152962733683,1700,552,1,514,20.7479267120361,255.586227416992,11.0127563476562,26.9814758300781
85.4960453443479,22.1562150657162,1701,552,1,526,18.1508903503418,283.009338378906,19.8276615142822,29.5803985595703
85.4958242889191,22.1549917198197,1702,552,1,506,15.4886951446533,258.910797119141,20.6809482574463,22.0907211303711
85.4960436068087,22.1538688511851,1703,552,1,517,17.2871227264404,266.979400634766,11.0305166244507,23.2808933258057
85.4553508962096,22.1524069694109,1704,553,1,505,16.7364196777344,302.122802734375,11.7686109542847,21.8860683441162
85.4634464196048,22.1520164443795,1705,554,1,492,19.3398551940918,305.737579345703,17.2338809967041,27.440845489502
85.4639531256411,22.1526245511602,1706,554,1,494,15.7777252197266,291.269683837891,22.0932369232178,29.614185333252
85.46396618019,22.1519606981537,1707,554,1,505,15.8487319946289,306.307464599609,22.500186920166,33.3766403198242
85.4634805045277,22.1524815516341,1708,554,1,478,19.5994434356689,286.729675292969,25.8082695007324,27.7308483123779
85.394646940742,22.1518688692648,1709,555,1,459,16.8839244842529,358.3701171875,6.38803291320801,22.6053085327148
85.3923109070316,22.1519668867767,1710,555,1,441,12.5660972595215,6.67213344573975,11.6260566711426,18.3303031921387
85.3929604923533,22.151399677003,1711,555,1,468,17.4062824249268,353.676116943359,11.2315540313721,23.1300678253174
85.3933737753578,22.151763882981,1712,555,1,456,16.6833362579346,343.258392333984,7.75886917114258,23.5796527862549
85.3941165209258,22.1518709797823,1713,555,1,459,16.1414260864258,344.427490234375,6.54233741760254,22.538854598999
85.3984297385686,22.1517191077337,1714,556,1,447,16.0015163421631,19.3380222320557,6.4481143951416,21.4476108551025
85.3993466147177,22.1516589382596,1715,556,1,444,21.3819179534912,10.1597652435303,13.5726795196533,29.2403831481934
85.3997542404983,22.1513222570107,1716,556,1,451,15.1631021499634,17.6155452728271,18.9759578704834,26.2678508758545
85.3978024584814,22.1518523315646,1717,556,1,444,19.6149158477783,8.35726451873779,16.026123046875,28.6356430053711
85.39856655279,22.1512731281092,1718,556,1,455,18.4752750396729,14.2092065811157,8.88154983520508,25.3968505859375
85.4002683385213,22.1515897206937,1719,556,1,435,18.0197010040283,5.32957792282104,22.9374389648438,25.5538654327393
85.4450659457026,22.1519228878002,1720,557,1,517,13.34375,65.4908981323242,14.0125427246094,24.0624179840088
85.4602985498348,22.1523331763571,1721,558,1,497,15.754919052124,150.685607910156,5.72317314147949,20.9284496307373
85.4590333830624,22.1523296862665,1722,558,1,513,8.25662231445312,171.446655273438,11.5117158889771,11.4455232620239
85.4591902779782,22.1518790398337,1723,558,1,496,15.2343816757202,168.109268188477,13.4883623123169,22.8691940307617
85.4598020393883,22.1522326642205,1724,558,1,501,16.6047134399414,153.338119506836,4.63682556152344,23.1300678253174
85.4586792960775,22.1519961922561,1725,558,1,499,15.1464996337891,169.897644042969,10.4998769760132,20.7364406585693
85.5535169207819,22.1526151124507,1726,559,1,495,18.3865013122559,270.706726074219,12.9976758956909,24.2487106323242
85.553358212731,22.1519808272945,1727,559,1,491,15.9895305633545,240.891082763672,8.65762996673584,20.8086528778076
85.3922722611311,22.1504865727073,1728,560,1,463,16.9576358795166,262.272735595703,8.51480102539062,21.7944946289062
85.3921502547926,22.1509259024704,1729,560,1,467,13.3150901794434,260.024047851562,6.57363414764404,19.3649158477783
85.4003508835445,22.1509969339307,1730,561,1,442,11.1007566452026,42.9994773864746,16.2481670379639,23.366641998291
85.4009397496232,22.1507712690291,1731,561,1,451,16.0406436920166,356.557159423828,8.8707332611084,21.3307285308838
85.4004459355257,22.1505502496026,1732,561,1,461,15.4418287277222,18.2115325927734,11.8596477508545,20.1742401123047
85.5319831356698,22.1524893744436,1733,562,1,469,12.8813724517822,52.4429664611816,13.2402057647705,17.4928550720215
85.5320850059562,22.1516814374256,1734,562,1,474,17.279354095459,80.1342239379883,14.2196702957153,24.5153007507324
85.4658278394924,22.1510817754781,1735,563,1,503,14.2622842788696,60.0001182556152,7.53601169586182,18.5472373962402
85.5328317959481,22.1513570586556,1736,564,1,467,8.27746200561523,32.2802886962891,19.2163734436035,13.076696395874
85.396858934044,22.149923045356,1737,565,1,482,18.7833709716797,12.4599952697754,9.82743072509766,25.2982215881348
85.396428254287,22.1513039197469,1738,565,1,464,15.6127042770386,44.0351676940918,9.90734577178955,21.2132034301758
85.3973718392468,22.1497105997804,1739,565,1,492,20.7106323242188,3.92788648605347,9.79980087280273,27.5680980682373
85.3966061534861,22.1507951171569,1740,565,1,471,17.0956497192383,79.2439193725586,11.0862712860107,22.538854598999
85.3971391429249,22.1502968345571,1741,565,1,470,15.2073221206665,354.532806396484,9.88938903808594,21.6564083099365
85.3961017676939,22.1516901915445,1742,565,1,459,15.9366588592529,7.81919574737549,3.61979293823242,20.8806133270264
85.3966140432853,22.1503227065059,1743,565,1,478,16.5955562591553,47.617000579834,11.4779462814331,22.847318649292
85.4639643252641,22.1509424017588,1744,566,1,518,15.4854488372803,290.803375244141,19.9614486694336,23.345235824585
85.4636452520609,22.1515884206741,1745,566,1,492,14.7985134124756,293.797119140625,18.3766403198242,27.2763633728027
85.4635437712283,22.1505534801042,1746,566,1,508,17.2251033782959,286.123443603516,11.0171766281128,23.4307498931885
85.4637247994858,22.1500928314561,1747,566,1,515,11.253381729126,294.337219238281,12.56130027771,14.9331846237183
85.5425510679558,22.1508536754594,1748,567,1,480,11.2096481323242,308.362487792969,18.1572113037109,14.3178215026855
85.5429558776355,22.1515548198559,1749,567,1,460,6.09941148757935,16.4249744415283,21.1759605407715,9.05538558959961
85.5431392057668,22.1510098541318,1750,567,1,480,18.0426635742188,16.9493274688721,16.17041015625,28.5657138824463
85.5424125893851,22.1515125524458,1751,567,1,458,7.44295263290405,346.627105712891,17.8886985778809,12.6491107940674
85.4016636775919,22.1496967348152,1752,568,1,460,16.253963470459,82.7289657592773,8.22983455657959,20.7846088409424
85.4365675920057,22.1495627032146,1753,569,1,505,12.6647033691406,281.577697753906,9.20736980438232,16.6733322143555
85.4366737126705,22.1500418437057,1754,569,1,499,15.6985340118408,295.026245117188,8.23395824432373,19.7230834960938
85.5303117755416,22.1506063526731,1755,570,1,496,15.6205587387085,318.405426025391,10.583179473877,19.9749851226807
85.5307479050642,22.1508072666079,1756,570,1,494,15.4467973709106,324.691558837891,10.9642295837402,20.6397666931152
85.4464447009238,22.1517425149447,1757,571,1,518,15.3238115310669,9.06335544586182,12.9926528930664,21.3307285308838
85.447152214685,22.1521111153831,1758,571,1,503,18.3270015716553,15.1071166992188,19.9917182922363,25.5538654327393
85.4474725723933,22.1502041794539,1759,571,1,507,21.0161952972412,89.388542175293,18.552661895752,29.325756072998
85.4472496401197,22.1510576255451,1760,571,1,520,17.4665222167969,81.0044403076172,17.9357872009277,24.4744758605957
85.4476320414933,22.1497258459715,1761,571,1,505,15.7503099441528,95.8404388427734,17.9779281616211,24.2693214416504
85.4476688899242,22.1516299361421,1762,571,1,504,18.5422039031982,82.2727279663086,18.2053871154785,25.3574447631836
85.4841191999368,22.1499644066452,1763,572,1,532,15.2343816757202,11.8907260894775,16.2450561523438,23.1732597351074
85.4846522457834,22.1499295154568,1764,572,1,528,16.6050033569336,347.460021972656,9.47220420837402,21.9089031219482
85.4439605086936,22.1495284124276,1765,573,1,551,15.8636932373047,279.131652832031,3.20515823364258,20.1494407653809
85.5503942577709,22.1503667908061,1766,574,1,478,12.0636301040649,343.575012207031,9.94377613067627,16.5529460906982
85.4670419293566,22.151417560264,1767,575,1,504,15.8562498092651,342.305419921875,10.5307817459106,21.6101837158203
85.4683481080257,22.1501551073625,1768,575,1,520,16.9018211364746,55.4795036315918,7.78355598449707,21.5638580322266
85.4680563710197,22.1511593807358,1769,575,1,507,16.0645408630371,51.2110862731934,12.3837404251099,21.3307285308838
85.4663153934344,22.1505871515202,1770,575,1,512,17.5552196502686,311.372009277344,12.5189371109009,23.0651245117188
85.4663878462562,22.1510554662721,1771,575,1,503,12.4731349945068,310.444641113281,7.53601169586182,17.0587215423584
85.4686523344792,22.1495885048065,1772,575,1,519,15.3509254455566,68.0766830444336,12.0809850692749,20.3469905853271
85.4665641023035,22.1516430170345,1773,575,1,492,10.4563455581665,313.526062011719,12.314582824707,17.3493518829346
85.4674800999679,22.1518953992471,1774,575,1,491,8.89028930664062,340.661987304688,12.4900455474854,15.0665187835693
85.4934022158412,22.1531865569365,1775,576,1,521,16.0570125579834,81.8105850219727,17.3018455505371,22.1359443664551
85.4930088688624,22.1502315764949,1776,576,1,533,19.9109191894531,98.4617462158203,15.1610431671143,27.7308483123779
85.4933680357272,22.1508618220569,1777,576,1,522,17.4477005004883,102.812507629395,17.5720100402832,24.9399280548096
85.4933383308572,22.1518363812145,1778,576,1,529,17.5245018005371,86.2777633666992,9.20573711395264,22.3383083343506
85.49328046367,22.1526260761094,1779,576,1,524,17.8185329437256,75.2198104858398,16.6428279876709,24.0416297912598
85.4930768405188,22.1495795807772,1780,576,1,527,12.9039821624756,86.9225158691406,8.12220096588135,17.1755638122559
85.4931228248263,22.1513775658493,1781,576,1,540,14.1707134246826,97.4638748168945,16.2086772918701,21.5406589508057
85.4451178128063,22.15028078556,1782,577,1,547,23.0675201416016,83.3659744262695,12.4215774536133,30.7245826721191
85.4449426189727,22.1508469920996,1783,577,1,542,19.5602512359619,61.0105895996094,13.3138074874878,26.3058929443359
85.4449866984269,22.1497182273659,1784,577,1,549,19.1905460357666,78.4482116699219,13.8814535140991,27.4590606689453
85.4451250189431,22.1491327189154,1785,577,1,544,12.9981327056885,124.63614654541,10.2743988037109,17.6635208129883
85.4448311752182,22.1512988394881,1786,577,1,545,15.0557641983032,37.5735626220703,13.815896987915,21.8174247741699
85.4017927389613,22.1491291240077,1787,578,1,463,16.5305995941162,66.3839340209961,10.2616024017334,22.1359443664551
85.4020736155736,22.1487089455235,1788,578,1,457,13.3177652359009,55.1411781311035,9.71479225158691,20.7364406585693
85.4595285777849,22.1495780383355,1789,579,1,528,14.988302230835,41.3778419494629,20.1494617462158,25.2388591766357
85.456577053832,22.1495446449307,1790,579,1,517,15.6385688781738,337.325500488281,22.3521690368652,23.9165210723877
85.4581886192342,22.1502761721134,1791,579,1,508,26.658899307251,4.9322247505188,16.0599212646484,37.2021522521973
85.4592325233105,22.1502804316329,1792,579,1,500,18.0497303009033,19.3380222320557,15.3948726654053,24.4744758605957
85.4587981352861,22.150079670639,1793,579,1,513,21.8928833007812,24.7661514282227,8.76706314086914,30.7245826721191
85.4574853549494,22.1497766413288,1794,579,1,523,20.8491363525391,318.900604248047,16.0859718322754,27.892650604248
85.457315610062,22.1502272558085,1795,579,1,502,17.9739475250244,337.303192138672,29.1516647338867,26.4575138092041
85.4579129880881,22.1494963762358,1796,579,1,545,5.11321830749512,321.162536621094,17.5591297149658,24.9399280548096
85.4582169044832,22.1507574149081,1797,579,1,491,4.77615213394165,21.2003288269043,21.0776901245117,7.34846925735474
85.4493256041522,22.149358113804,1798,580,1,513,16.7029876708984,4.12451410293579,8.00141143798828,23.4307498931885
85.4484809657061,22.1493139649859,1799,580,1,514,17.774621963501,343.575012207031,7.34524154663086,25.8456954956055
85.4489005219429,22.1495818886323,1800,580,1,501,15.4482097625732,6.27707529067993,19.6754455566406,23.2163734436035
85.486064432707,22.1494944064831,1801,581,1,549,9.95443916320801,327.2431640625,15.1087379455566,19.570384979248
85.5497019153217,22.1501959277396,1802,582,1,473,15.4250907897949,335.014373779297,8.6505880355835,19.9499378204346
85.5511256668736,22.1501814187552,1803,583,1,483,15.831503868103,10.5250844955444,7.63918972015381,22.538854598999
85.5515850999123,22.1503370728264,1804,583,1,478,15.1486749649048,1.82733011245728,7.53885459899902,21.8403301239014
85.553317261557,22.1498861143402,1805,584,1,497,11.226881980896,352.502807617188,15.9622020721436,17.1755638122559
85.5540818936216,22.1498739682431,1806,584,1,494,9.56977081298828,4.40511178970337,11.6184501647949,13.8202753067017
85.5527759935603,22.1498778140861,1807,584,1,494,11.6508293151855,339.152801513672,16.7221050262451,15.2315464019775
85.5019524448414,22.1528468755112,1808,585,1,522,19.4997367858887,66.0944976806641,7.90776824951172,29.3087024688721
85.5027707660869,22.1502584869172,1809,585,1,530,16.8168125152588,58.9706192016602,20.7307167053223,22.3383083343506
85.5024717899528,22.1496745148662,1810,585,1,546,11.7404708862305,77.466911315918,15.097357749939,18.0831413269043
85.5013187666963,22.1535410381962,1811,585,1,542,16.5566139221191,44.1816329956055,16.6585121154785,21.3072757720947
85.5002355146039,22.1544044894173,1812,585,1,543,18.4489841461182,85.0648574829102,14.545841217041,23.8956069946289
85.5012037549945,22.1546084655731,1813,585,1,515,11.4282531738281,43.1017379760742,11.2649307250977,21.1660099029541
85.5026245440828,22.1519479956941,1814,585,1,516,21.9967308044434,76.5006484985352,11.5837116241455,28.7923603057861
85.5041260573059,22.1540155870144,1815,585,1,498,17.3012428283691,115.744354248047,5.80897903442383,22.1359443664551
85.5026996084065,22.1541236434235,1816,585,1,523,16.831729888916,32.8332214355469,23.9528751373291,23.1516742706299
85.5036236953175,22.1539263998943,1817,585,1,507,16.4114437103271,114.68327331543,10.5306577682495,21.023796081543
85.4419694834626,22.1483966047687,1818,586,1,526,16.5988349914551,267.635192871094,15.388352394104,24.3104915618896
85.4419306652845,22.1490761606034,1819,586,1,530,20.6735973358154,264.388244628906,10.6899719238281,26.907247543335
85.4023130931279,22.1484753970427,1820,587,1,464,17.6359004974365,17.3801498413086,4.88151741027832,23.643180847168
85.4027113484023,22.1480427667291,1821,587,1,468,15.3046522140503,16.494327545166,8.08683204650879,20.3715496063232
85.5284339814506,22.1491103810957,1822,588,1,482,16.3625411987305,247.850234985352,8.04552364349365,21.0950222015381
85.4599486614816,22.1482371738658,1823,589,1,513,17.4834079742432,108.990447998047,6.71741485595703,22.9346904754639
85.4601779951578,22.1488206793042,1824,589,1,509,15.8636932373047,99.1316299438477,6.26263809204102,20.5182838439941
85.4774993248046,22.1485038908797,1825,590,1,501,16.2051582336426,264.332763671875,16.666561126709,25.5538654327393
85.4770271525583,22.1481853294873,1826,590,1,487,15.6868934631348,272.510131835938,17.6681118011475,21.4476108551025
85.444449922797,22.1479781428417,1827,591,1,556,15.6804733276367,329.507629394531,14.6213083267212,21.4476108551025
85.5573544192799,22.1485064283101,1828,592,1,509,15.8395147323608,4.36272382736206,28.5738124847412,30.7245826721191
85.5568274888129,22.1485375972643,1829,592,1,509,15.4482097625732,6.27707529067993,29.4409484863281,27.440845489502
85.5563518900586,22.148719112275,1830,592,1,499,17.2827892303467,26.3558788299561,16.5930290222168,25.4558448791504
85.5579238997368,22.1487005362217,1831,592,1,491,16.9353542327881,4.87915420532227,18.2620429992676,24.6576557159424
85.4499020277597,22.1471211763324,1832,593,0,579,9.78767776489258,22.0445404052734,14.0071430206299,16.3095073699951
85.4506987195639,22.1472449833898,1833,593,0,575,13.34375,65.4908981323242,10.1765098571777,21.7025337219238
85.4503094523267,22.1468072112519,1834,593,0,579,14.896577835083,160.077133178711,13.80348777771,29.3598365783691
85.4492997470028,22.1471093335993,1835,593,0,581,12.5200729370117,35.6719970703125,23.7368392944336,18.2482872009277
85.3938123400433,22.1472207556095,1836,594,1,463,17.1216011047363,301.268981933594,12.8213663101196,21.7025337219238
85.3933296547573,22.1469976423579,1837,594,1,459,17.5116748809814,313.526062011719,12.3522310256958,24.3104915618896
85.3928602321015,22.1465891823216,1838,594,1,459,16.9021816253662,336.562591552734,8.95405673980713,22.2485961914062
85.3933834714396,22.1465349398045,1839,594,1,469,16.6169986724854,321.542236328125,14.5636968612671,22.0680770874023
85.4609260174331,22.1471262422725,1840,595,1,507,13.2033853530884,307.708221435547,11.2330894470215,16.763053894043
85.5060730046814,22.1475221287803,1841,596,1,507,16.512638092041,349.088928222656,6.37853717803955,22.3159141540527
85.5653266268476,22.1480504083095,1842,597,1,482,15.6065692901611,3.54383873939514,6.94082927703857,20.8086528778076
85.5012223223456,22.147728788619,1843,598,1,549,21.2990779876709,274.825988769531,22.1359443664551,29.9833278656006
85.5014643576634,22.1481460846277,1844,598,1,560,19.5449695587158,279.975952148438,19.4119644165039,26.8700580596924
85.5014627948765,22.1472841273558,1845,598,1,566,17.763650894165,274.403839111328,26.5237560272217,27.2946872711182
85.5013249769866,22.1487572491908,1846,598,1,543,17.2775363922119,283.725311279297,17.6263885498047,24
85.4050313491907,22.146450480918,1847,599,1,447,15.6868934631348,87.4898529052734,21.7100601196289,22.7815723419189
85.4047034802387,22.1470420711786,1848,599,1,466,19.3704700469971,96.0245056152344,16.1220664978027,30.886890411377
85.4048879520055,22.1475817855204,1849,599,1,447,17.7289752960205,58.2779960632324,19.7424697875977,24.3104915618896
85.4045651312157,22.146183588117,1850,599,1,459,17.2011985778809,108.532905578613,11.4755229949951,25.2388591766357
85.391668587644,22.1460787257773,1851,600,1,459,17.7644462585449,306.062194824219,8.66123962402344,22.6936111450195
85.4593258117625,22.1464653675497,1852,601,1,519,15.0894947052002,96.9872436523438,5.94850826263428,19.3649158477783
85.5065444254285,22.1468830170615,1853,602,1,505,16.4884204864502,108.577171325684,8.73229789733887,20.856653213501
85.5860719812787,22.1476869200113,1854,603,1,489,15.03675365448,56.6720962524414,13.1339387893677,20.1990089416504
85.4298673320296,22.1458516000334,1855,604,1,493,15.306206703186,328.636535644531,7.78313827514648,19.8242282867432
85.4603828150721,22.1461599057107,1856,605,1,517,15.3613224029541,311.045349121094,8.56380462646484,19.3907203674316
85.4943923313143,22.1466010177591,1857,606,1,525,11.1146411895752,46.4739265441895,17.3046245574951,20.2237491607666
85.4298144541683,22.1457084134229,1858,607,1,496,15.5506248474121,327.118591308594,7.6240234375,20.2731342315674
85.4661121185309,22.1461485328276,1859,608,1,553,13.7794017791748,284.522918701172,8.24115753173828,18.5202598571777
85.4382234100292,22.1454625611603,1860,609,1,541,15.4048480987549,323.466217041016,7.8135929107666,20.2237491607666
85.4479381049046,22.1455394522451,1861,610,1,587,15.221923828125,66.9363861083984,10.7642726898193,21.5406589508057
85.487690065459,22.1455056298616,1862,611,1,559,15.9078435897827,271.648681640625,10.5139436721802,21
85.4877043038365,22.1464495213662,1863,611,1,556,15.2541790008545,274.311004638672,13.3537979125977,19.7230834960938
85.4877032850494,22.1459913378718,1864,611,1,556,16.6580486297607,275.503997802734,12.1393280029297,22.6274166107178
85.4963590647118,22.1458473984422,1865,612,1,533,16.494421005249,291.100006103516,13.5252847671509,25.3574447631836
85.4962365844167,22.1463664344449,1866,612,1,523,12.430643081665,302.642944335938,15.493106842041,16.3401355743408
85.4961178315053,22.145440551574,1867,612,1,536,14.8349761962891,276.220489501953,12.6261796951294,21.4242858886719
85.4972461999856,22.1464113990903,1868,613,1,541,14.3939867019653,321.515777587891,10.1472234725952,19.5192203521729
85.5000884423034,22.1469881269602,1869,613,1,540,7.3458776473999,350.362548828125,20.0011196136475,14.4913768768311
85.4986364298862,22.14693256938,1870,613,1,536,4.47206163406372,19.3380222320557,34.8507385253906,9.79795932769775
85.4973510788544,22.1455172386432,1871,613,1,560,13.7389211654663,287.568298339844,8.8040943145752,18
85.4986311864332,22.1464754440474,1872,613,1,565,24.3646125793457,350.675170898438,32.1543960571289,41.9523544311523
85.4994629182993,22.14677596341,1873,613,1,548,18.8057403564453,357.820739746094,26.2581424713135,28.213472366333
85.5005314799308,22.1467971679146,1874,613,1,550,17.5817413330078,336.731079101562,12.4715614318848,24.4335842132568
85.497957631656,22.1466690466743,1875,613,1,536,14.2820062637329,349.250183105469,25.699462890625,23.3238067626953
85.4969686934191,22.1460144057685,1876,613,1,544,15.5351457595825,306.153289794922,9.05998611450195,20.3715496063232
85.4363685047618,22.1453192156536,1877,614,1,519,11.4836721420288,351.446655273438,14.1897506713867,17.1755638122559
85.4367820915252,22.1449272748264,1878,614,1,539,14.335503578186,333.9501953125,10.7474031448364,19.3649158477783
85.5406343738786,22.1457779259045,1879,615,1,498,15.4050712585449,355.507568359375,19.6961441040039,23.0867919921875
85.5412864423389,22.1455929587254,1880,615,1,505,3.8322696685791,328.968383789062,21.8030872344971,8.3066234588623
85.541016118037,22.1460951894249,1881,615,1,489,16.4459285736084,346.469360351562,17.1092872619629,23.1300678253174
85.5415050438885,22.1460503387132,1882,615,1,490,15.3762311935425,2.69899892807007,15.3217535018921,21.8403301239014
85.5404770873453,22.1463010855986,1883,615,1,479,5.3925633430481,2.62087512016296,23.5906219482422,11.5758371353149
85.49140870822,22.1451918739257,1884,616,1,584,10.2331647872925,12.4269638061523,19.709644317627,16.8522987365723
85.4906664593866,22.1453085739115,1885,616,1,578,16.5076885223389,24.0679836273193,11.5764122009277,22.1810722351074
85.537193746091,22.1457393947174,1886,617,1,493,15.5055046081543,351.950408935547,17.809720993042,22.1133441925049
85.5380016547556,22.1459399509435,1887,617,1,484,17.9840431213379,356.187774658203,20.817066192627,26.2868785858154
85.5373927660894,22.1462608839085,1888,617,1,478,6.58694887161255,31.5559616088867,24.8676280975342,9.5916633605957
85.5376754842197,22.1456025113678,1889,617,1,503,5.21358871459961,19.3380222320557,26.5301208496094,8.5440034866333
85.4314299330798,22.1443429530851,1890,618,1,515,11.8202381134033,68.1472778320312,16.616117477417,16.2788200378418
85.4309638707211,22.1446787911942,1891,618,1,516,15.9895305633545,60.8910751342773,19.7518348693848,24.5764122009277
85.5616513723915,22.1459409350741,1892,619,1,500,20.670934677124,351.446655273438,23.0509223937988,30.0166625976562
85.5611659936948,22.1456080320287,1893,619,1,509,17.1936702728271,332.590850830078,19.6928119659424,25.1992053985596
85.5619003282449,22.1455371491528,1894,619,1,519,10.5084915161133,65.1682510375977,19.6365756988525,15.033296585083
85.3917403851154,22.1440363016626,1895,620,1,481,16.0878810882568,348.780578613281,10.8835830688477,22.912878036499
85.3927257423512,22.144023286272,1896,620,1,486,16.4529438018799,1.67513990402222,10.9955930709839,23.259407043457
85.3922703181449,22.1442023416944,1897,620,1,486,16.6115970611572,351.680877685547,11.8322725296021,24.4540386199951
85.391084863998,22.1440346792901,1898,620,1,476,16.4060020446777,334.839630126953,13.5001554489136,22.9564800262451
85.4330426158047,22.1443735832018,1899,621,1,501,15.258415222168,7.27246618270874,15.9165210723877,23.9165210723877
85.4878260068142,22.1448634294065,1900,622,1,563,14.061354637146,285.183227539062,7.28640747070312,18.3303031921387
85.4288991200395,22.1445933712704,1901,623,1,484,15.0560741424561,248.543533325195,29.4682960510254,24.3515911102295
85.428989239482,22.145417087389,1902,623,1,492,19.3344783782959,292.681274414062,15.2154884338379,26.7581768035889
85.4290055328871,22.1440927317035,1903,623,1,488,16.969388961792,236.573150634766,24.3777599334717,24.1867733001709
85.429207878309,22.1449695446112,1904,623,1,497,21.2342472076416,287.184051513672,20.0190887451172,30.2820072174072
85.4432082240406,22.1442335100376,1905,624,1,589,16.1588001251221,159.050964355469,11.3039922714233,21.3072757720947
85.5082553635544,22.1449615795125,1906,625,1,496,15.6345834732056,319.623657226562,8.7029333114624,20.1246109008789
85.4482462650825,22.1464378715849,1907,626,1,586,16.5076885223389,155.932022094727,8.88468456268311,21.5638580322266
85.4505348909449,22.1476090081696,1908,626,1,558,20.0263977050781,351.830078125,14.8999700546265,27.495454788208
85.4399397593438,22.1465048677338,1909,626,1,542,18.1827545166016,343.9794921875,18.1548156738281,27.7668876647949
85.4514947969458,22.1472101150793,1910,626,1,545,17.7199592590332,88.5294799804688,2.40882110595703,22.5166606903076
85.4442175512376,22.1469907511375,1911,626,1,565,17.9917964935303,325.143524169922,15.7053413391113,24.4948978424072
85.4477043412572,22.1472129193826,1912,626,1,593,20.7894821166992,353.471649169922,26.2466354370117,32.4037017822266
85.4423100286578,22.1469556618943,1913,626,1,544,19.3185844421387,331.300750732422,25.4525165557861,25.7099208831787
85.4390944791482,22.1444906789729,1914,626,1,560,15.9577550888062,274.935150146484,18.635763168335,21.3307285308838
85.4396617263701,22.1440836996657,1915,626,1,586,15.6985340118408,244.973754882812,15.5886058807373,26
85.4456471847231,22.1470711749418,1916,626,1,589,20.9068717956543,347.602447509766,23.4681949615479,32.5729942321777
85.469556975439,22.1445069873942,1917,627,0,531,14.3038854598999,87.2349624633789,7.93007469177246,18.165901184082
85.4958165236392,22.1447528115985,1918,628,1,524,15.0894947052002,263.012756347656,15.9147663116455,21.7485637664795
85.3943433130335,22.1434783925639,1919,629,1,490,15.8395147323608,355.637268066406,10.2339601516724,21.6794834136963
85.4873291778756,22.1443931686405,1920,630,1,557,16.1332664489746,341.737701416016,8.50862312316895,23
85.4479653313363,22.1440387570676,1921,631,1,580,19.9184188842773,195.901229858398,12.519079208374,26.8700580596924
85.4465162072551,22.1439686429462,1922,631,1,576,19.1031169891357,155.714691162109,18.5277652740479,31.1929473876953
85.4451040304675,22.1439598083598,1923,631,1,581,21.9614448547363,210.205718994141,17.9473114013672,30.066593170166
85.4459467591926,22.144013144783,1924,631,1,589,17.2282791137695,162.167266845703,6.59546279907227,23.4093990325928
85.4455018746172,22.1443945172646,1925,631,1,601,18.1514663696289,204.088851928711,18.0224761962891,28.9654960632324
85.4474565390707,22.1441513612722,1926,631,1,572,20.2536907196045,180,19.5271148681641,32.3728294372559
85.444767297278,22.1443863661352,1927,631,1,585,18.6412792205811,214.264129638672,14.8268966674805,24.9198722839355
85.4295995345971,22.1435642683239,1928,632,1,501,16.1439018249512,267.564697265625,5.62463092803955,20.4939022064209
85.4802108474259,22.1444346556917,1929,633,1,539,16.8839244842529,181.6298828125,19.0021057128906,24.7184143066406
85.4810475198156,22.1441668829485,1930,633,1,535,15.2343816757202,191.890731811523,7.18967533111572,20.3469905853271
85.4797100029693,22.1442955408567,1931,633,1,532,15.9281034469604,203.156799316406,16.2416763305664,21.8174247741699
85.4804643341472,22.1439749145061,1932,633,1,521,11.832989692688,208.285049438477,17.5152740478516,15.716233253479
85.4490455052024,22.1446305247646,1933,634,1,585,16.869255065918,44.2266311645508,18.7113914489746,25.4754791259766
85.450218204372,22.1438235443181,1934,634,1,585,15.2220001220703,100.416831970215,28.3835048675537,29.7993297576904
85.4502479721359,22.1445074065142,1935,634,1,570,24.598051071167,43.4961814880371,20.5574493408203,34.1467437744141
85.4491732836415,22.1450994575989,1936,634,1,558,16.1129035949707,34.5970878601074,22.4088287353516,30.1827774047852
85.4497214918058,22.1448519991811,1937,634,1,562,15.1302089691162,24.5235157012939,14.7189903259277,21.6564083099365
85.4507819396547,22.1439878474241,1938,634,1,561,13.5096406936646,81.1653900146484,20.5687713623047,17.5783958435059
85.4493984628815,22.144183924919,1939,634,1,588,3.77062940597534,79.2439193725586,13.2497453689575,18.3847770690918
85.448455217215,22.1447672973272,1940,634,1,591,9.56521797180176,25.8143672943115,23.138500213623,15.8745079040527
85.56181952549,22.1444223706624,1941,635,1,510,14.6786079406738,114.99870300293,9.14420032501221,19.9248580932617
85.5620955612521,22.1448377920004,1942,635,1,508,16.0865268707275,117.979949951172,7.69623279571533,20.6155281066895
85.5114188575843,22.1444293601579,1943,636,1,484,15.4482097625732,6.27707529067993,25.4572925567627,27.9821376800537
85.5109222887968,22.1439660053988,1944,636,1,504,11.8318510055542,348.109283447266,16.8731536865234,16.5529460906982
85.5115264089175,22.1439698821094,1945,636,1,506,6.68412590026855,83.9754943847656,20.9780731201172,18.5741748809814
85.5524280563713,22.1445397155151,1946,637,1,491,15.6419734954834,354.692687988281,4.99502849578857,20.6155281066895
85.4975645115474,22.1438972872756,1947,638,1,548,20.6421413421631,217.393447875977,11.7220478057861,27.8388214111328
85.4976491004534,22.1443431468384,1948,638,1,559,17.6048316955566,216.765716552734,18.4253406524658,24.7184143066406
85.4969720774449,22.1442431269687,1949,638,1,544,19.6325035095215,223.607940673828,12.6456069946289,25.9422435760498
85.4969562058907,22.1447444328336,1950,638,1,551,16.0257587432861,257.636779785156,6.91118335723877,20.5426387786865
85.4980546884087,22.1439341976965,1951,638,1,555,16.4060020446777,205.160369873047,11.9014444351196,22.427661895752
85.4983593119578,22.1437913402382,1952,639,1,551,15.754919052124,209.314392089844,12.2576122283936,22.3830299377441
85.4988408767404,22.1441062502807,1953,639,1,567,15.306206703186,211.363464355469,13.4478578567505,22
85.5090959020459,22.1438153743155,1954,640,1,514,15.7566556930542,78.2623596191406,11.1899070739746,21.1660099029541
85.4603237989059,22.1431535801469,1955,641,1,539,16.9801998138428,353.506622314453,6.17648887634277,22.6495037078857
85.4597389814187,22.1430273268475,1956,641,1,534,16.1129035949707,325.402923583984,9.12143135070801,21.5406589508057
85.4610109643935,22.1432155280821,1957,641,1,542,15.7213335037231,341.214691162109,7.17255783081055,21.2132034301758
85.5616688753571,22.1439819016333,1958,642,1,509,15.467698097229,158.975082397461,8.47970199584961,21.3775577545166
85.5055276689558,22.1445447453173,1959,643,1,540,21.7654590606689,125.824409484863,7.33712196350098,29.2574768066406
85.5046627738186,22.1466837445594,1960,643,1,553,29.6499805450439,32.5741386413574,30.5568065643311,44.5308876037598
85.5060745202634,22.1462901150962,1961,643,1,519,16.8357200622559,86.8932647705078,11.0537090301514,21.5638580322266
85.5055605441251,22.1466298802151,1962,643,1,536,18.8229007720947,27.1207504272461,15.4878120422363,31.2569999694824
85.5057620665589,22.1449859681704,1963,643,1,535,21.2342472076416,107.184066772461,10.2694320678711,28.3548946380615
85.5056647804807,22.1456483221552,1964,643,1,534,23.6685600280762,74.8167572021484,10.0397243499756,30.8382873535156
85.5050683858818,22.1441024926039,1965,643,1,539,17.1812076568604,102.249046325684,13.8857021331787,25.1992053985596
85.5046607473829,22.1488415552698,1966,643,1,527,15.9203977584839,72.4317016601562,14.8937683105469,20.856653213501
85.5066860625967,22.1446387443835,1967,643,1,507,15.9895305633545,119.108917236328,11.5274562835693,21.1187114715576
85.5040841912588,22.1492547222243,1968,643,1,538,20.5588302612305,46.4739265441895,26.5113334655762,34.0734481811523
85.3933443759877,22.1422491298005,1969,644,1,522,16.1226959228516,353.139038085938,8.33420467376709,22.6715679168701
85.3941232111217,22.1423189867987,1970,644,1,518,16.2316627502441,359.150451660156,5.80326461791992,21.4941844940186
85.3928483392515,22.142131791035,1971,644,1,518,15.4965877532959,347.410980224609,8.21473598480225,21.2602920532227
85.4273968804526,22.1425224875191,1972,645,1,493,15.3048810958862,318.511444091797,3.78746795654297,20.6397666931152
85.3923838655532,22.1418886411454,1973,646,1,519,15.0439882278442,310.990417480469,5.40268516540527,19.078784942627
85.4960990123477,22.1431273097186,1974,647,1,548,16.4206428527832,325.164703369141,9.84262180328369,22.0907211303711
85.4974991572905,22.1427737573161,1975,647,1,556,18.3270015716553,15.1071166992188,10.9296398162842,25.1992053985596
85.4973230288333,22.1432534624606,1976,647,1,545,19.2144584655762,0.709637999534607,14.4228210449219,26.153392791748
85.4968550699637,22.1428864172944,1977,647,1,563,18.693058013916,11.0323762893677,15.6558141708374,26.5329990386963
85.4966133433504,22.1434220411751,1978,647,1,542,19.5172176361084,10.5250844955444,14.5645790100098,26.324893951416
85.5584697617755,22.1433114076759,1979,648,1,511,15.6065692901611,356.456146240234,13.4948978424072,24.4948978424072
85.3910046923185,22.1415523671838,1980,649,1,490,18.0010395050049,295.403747558594,8.41897392272949,23.7486839294434
85.3913665143731,22.1419308551262,1981,649,1,498,16.3986759185791,284.522918701172,10.5957374572754,21.2367610931396
85.3908715001456,22.1419944488103,1982,649,1,486,16.3872585296631,280.442169189453,8.98386096954346,23.345235824585
85.5107254554206,22.1426061821937,1983,650,1,488,16.2833003997803,124.154922485352,13.7050867080688,22.5166606903076
85.5112517163621,22.1431489050774,1984,650,1,497,16.2231483459473,147.719711303711,11.9388380050659,20.8326663970947
85.5112453493777,22.1426887480895,1985,650,1,489,15.7573556900024,144.457458496094,13.4215879440308,21.3307285308838
85.4271859472981,22.1417280498797,1986,651,1,502,15.4467973709106,324.691558837891,7.72945404052734,21.9772605895996
85.4070510610308,22.1417865344273,1987,652,1,443,16.8123722076416,270,18.6417675018311,24.1867733001709
85.4070500881379,22.1423759062688,1988,652,1,442,15.2362670898438,284.826507568359,18.6417675018311,21.4476108551025
85.4068755393648,22.1413501304254,1989,652,1,449,15.221923828125,293.063598632812,14.0485420227051,21.1896209716797
85.407388039491,22.1413621810819,1990,652,1,459,15.9408483505249,292.802673339844,15.4483499526978,22.472204208374
85.5553112311895,22.1433657908885,1991,653,1,493,22.97194480896,12.3474607467651,26.757474899292,35.1141014099121
85.5535968071196,22.1435374190357,1992,653,1,509,19.6590518951416,15.4155950546265,12.3313007354736,26.2488098144531
85.5558443106432,22.1430293604905,1993,653,1,502,19.3895149230957,19.3380222320557,21.007209777832,28.195743560791
85.5539461698843,22.143184695514,1994,653,1,517,17.8062267303467,21.2758979797363,15.6605319976807,24.9599685668945
85.5547463053581,22.1430900982505,1995,653,1,514,23.300874710083,1.72296488285065,17.7667140960693,34.0587730407715
85.5529819876109,22.1435061739492,1996,653,1,512,15.8116245269775,357.379119873047,14.5545434951782,21.6794834136963
85.5545424341235,22.1435559344688,1997,653,1,495,22.0038280487061,6.13181114196777,24.3260936737061,34.8137893676758
85.5558191610694,22.142552530833,1998,653,1,515,15.4854488372803,69.1966247558594,12.5698356628418,19.8746070861816
85.4988079579668,22.1421323127275,1999,654,1,552,15.9148483276367,69.8127365112305,19.2671298980713,24.6779251098633
85.3951968129774,22.1409618885948,2000,655,0,524,13.1581296920776,50.8495941162109,8.06451416015625,19.8997478485107
85.4638269679821,22.1416515972937,2001,656,1,563,4.65805816650391,25.0758457183838,22.5342140197754,9.21954441070557
85.4633180638934,22.1416210920145,2002,656,1,569,16.8839244842529,1.62988305091858,20.7874221801758,25.3179779052734
85.4838907818449,22.1416968782189,2003,657,1,541,15.4816999435425,232.635055541992,7.90868091583252,21.6564083099365
85.4931297252559,22.1452534414058,2004,658,1,572,21.0249309539795,88.1661987304688,22.0533275604248,32.1403160095215
85.4931342455914,22.1433170255792,2005,658,1,578,19.5349369049072,93.9756469726562,21.0178623199463,28.0356922149658
85.4931262342771,22.1419437761598,2006,658,1,587,19.9109191894531,81.5382537841797,17.6367683410645,28.1602554321289
85.493530338356,22.1465667024616,2007,658,1,549,15.2831420898438,60.3212738037109,17.1472358703613,21.2602920532227
85.4931086122154,22.1440370737678,2008,658,1,579,18.0898265838623,74.7176132202148,21.0178623199463,29.5803985595703
85.4931418570288,22.1457726915599,2009,658,1,565,17.7784080505371,72.8973236083984,20.5660190582275,25.0199928283691
85.4934575330701,22.1445636997386,2010,658,1,560,19.2290477752686,81.8913879394531,13.433069229126,26.153392791748
85.4934975411291,22.1424425982854,2011,658,1,572,15.0894947052002,83.0127487182617,18.9407119750977,21.8403301239014
85.4933643475892,22.1428818580352,2012,658,1,568,15.9982089996338,64.5962600708008,12.8877696990967,22.427661895752
85.4927602795014,22.1467523624033,2013,658,1,556,16.121696472168,58.3438415527344,11.8650341033936,22.5610275268555
85.4439612022397,22.1414520402559,2014,659,1,590,22.5829200744629,354.640441894531,12.8853244781494,31.3209190368652
85.4447133566278,22.1419768774842,2015,659,1,577,20.0097370147705,11.6249084472656,25.6571044921875,27.3678646087646
85.4427719842966,22.1413615462773,2016,659,1,592,17.1319332122803,355.985107421875,6.67257690429688,23.2163734436035
85.4455688049528,22.1418690075729,2017,659,1,570,18.441743850708,354.801300048828,26.3922691345215,25.7099208831787
85.441813515626,22.1410933880437,2018,659,1,605,15.258415222168,7.27246618270874,13.4894094467163,20.688159942627
85.4441535843901,22.1419397109517,2019,659,1,579,15.6419734954834,354.692687988281,20.2694339752197,21.0713081359863
85.4433950996367,22.1413160144372,2020,659,1,601,20.2572898864746,347.846984863281,19.6995582580566,29.597297668457
85.4450186959071,22.1416099212929,2021,659,1,589,28.4390048980713,12.4269638061523,14.3214626312256,40.6571044921875
85.4432376396768,22.1417555099953,2022,659,1,579,8.52247714996338,9.95237255096436,20.2985153198242,11.8743419647217
85.4843211760626,22.1414527923147,2023,660,1,538,15.0557641983032,217.57356262207,9.74003314971924,20.5426387786865
85.4847835866861,22.1415623753959,2024,661,1,556,12.4256258010864,220.277679443359,19.7674560546875,20.2484569549561
85.4376145379151,22.141433722135,2025,662,1,591,20.6303844451904,202.231887817383,28.5912284851074,35.8050270080566
85.437666312282,22.1432194902892,2026,662,1,582,20.5352687835693,317.166076660156,14.8283729553223,29.6647930145264
85.4367666330129,22.1421289220226,2027,662,1,566,18.4196109771729,260.075500488281,13.2434940338135,26.68332862854
85.4381649518597,22.1409043657449,2028,662,1,564,18.588005065918,181.470947265625,15.612174987793,25.4754791259766
85.4374069367024,22.1419656740924,2029,662,1,591,16.5669097900391,256.450012207031,16.4390563964844,21.6794834136963
85.4388178199734,22.1414668703178,2030,662,1,584,22.0780239105225,141.106658935547,17.2844924926758,32.186954498291
85.4388830384534,22.1421727491608,2031,662,1,581,19.1302490234375,95.4258422851562,5.98989105224609,24.6981773376465
85.4373033926007,22.1409321802495,2032,662,1,556,19.9479522705078,205.350158691406,19.4693164825439,26.7581768035889
85.4381038360444,22.1437648654911,2033,662,1,565,18.3691749572754,351.025787353516,11.046537399292,25.7487869262695
85.438832680966,22.142645898964,2034,662,1,592,15.4109964370728,80.5835876464844,10.9276571273804,21.1187114715576
85.4877489233837,22.1415177345207,2035,663,1,580,16.3147163391113,278.863433837891,11.0382661819458,21.6564083099365
85.4878732182832,22.1420158776627,2036,663,1,577,16.9576358795166,262.272735595703,11.4950981140137,23.7065391540527
85.4595914313607,22.141137923737,2037,664,1,567,17.0957183837891,341.167816162109,21.1240997314453,25.4754791259766
85.4598274729774,22.1415733004977,2038,664,1,558,18.7860469818115,311.522796630859,19.6971549987793,31.2729911804199
85.4603228459716,22.1413041714635,2039,664,1,581,15.0135221481323,353.531402587891,27.4145183563232,27.0185127258301
85.4611194712488,22.1413490943619,2040,664,1,562,14.6533918380737,22.3143043518066,30.5380706787109,26.4952831268311
85.4618405889983,22.1411947479986,2041,664,1,567,20.1704807281494,349.163421630859,11.9524345397949,28.248893737793
85.4596349060584,22.1420339167618,2042,664,1,551,17.2009334564209,313.526062011719,13.6035203933716,23.643180847168
85.4607262924774,22.1416410018386,2043,664,1,562,7.82119750976562,48.9546508789062,28.5100402832031,11.3137083053589
85.4624377637168,22.1413554701662,2044,664,1,561,13.9079065322876,343.804931640625,21.3997535705566,26.1725044250488
85.5095145140244,22.1423183638627,2045,665,1,516,16.5967121124268,116.115699768066,12.1752347946167,22.472204208374
85.5097366339766,22.1418945313752,2046,665,1,500,19.3615589141846,117.819854736328,7.92673110961914,25.9229621887207
85.5093446122751,22.1415030292301,2047,665,1,494,17.8035507202148,137.772994995117,17.2401027679443,26.4952831268311
85.5099964073195,22.1424946922552,2048,665,1,505,16.5301189422607,125.465019226074,13.1829996109009,21.1423740386963
85.5084849335144,22.1416642322162,2049,665,1,513,17.2829132080078,188.777923583984,14.1125507354736,24.3721160888672
85.4997770517793,22.1413960790684,2050,666,1,571,18.8545036315918,323.552459716797,14.0540294647217,27.0924339294434
85.5002892347268,22.1417680857956,2051,666,1,564,9.48666000366211,311.487121582031,13.1507110595703,12.2882061004639
85.4992855543598,22.1413633976483,2052,666,1,565,16.4206428527832,325.164703369141,12.8446273803711,22.7596130371094
85.5005992981395,22.1414721426515,2053,667,1,570,14.434983253479,335.214233398438,12.9526748657227,22.8035087585449
85.5023565286889,22.1414549906974,2054,668,1,575,18.9956283569336,15.2671756744385,31.1556377410889,31.2889747619629
85.5030482692874,22.1414540260214,2055,668,1,571,17.7339458465576,360,35.1431350708008,34.4673767089844
85.5036017280086,22.14132105669,2056,668,1,582,16.2701320648193,17.2052955627441,17.9005393981934,21.7485637664795
85.5136189261552,22.1414586344646,2057,669,1,480,17.884557723999,7.6871542930603,17.3867683410645,27.7308483123779
85.5131257775897,22.1415252248114,2058,669,1,478,15.6617670059204,348.454559326172,15.9170904159546,23.021728515625
85.5841461768745,22.1421878610206,2059,670,1,475,11.7514209747314,330.132720947266,17.3452892303467,16.7332000732422
85.4704179132603,22.1408487158608,2060,671,1,518,15.4495325088501,91.7001647949219,5.22019577026367,20.8086528778076
85.4703174392908,22.1403961054804,2061,671,1,515,15.5012283325195,95.0885696411133,7.92455387115479,19.5959186553955
85.5444685318749,22.1410266103225,2062,672,1,512,16.1588001251221,339.050964355469,8.94231510162354,21.2367610931396
85.4285890236342,22.1404894851243,2063,673,1,520,13.5096406936646,98.8346099853516,21.9720935821533,25.2586612701416
85.4285329304192,22.1399926984036,2064,673,1,511,16.6617755889893,123.227005004883,15.2873039245605,23.6643199920654
85.4290085069865,22.140810728602,2065,673,1,507,11.9260778427124,101.193153381348,15.3087873458862,20.7605400085449
85.4700971101648,22.140018723239,2066,674,1,522,14.7531623840332,89.1079177856445,6.07482433319092,18.6815414428711
85.4989923604195,22.1404039275245,2067,675,1,568,15.0894947052002,276.987243652344,6.41618156433105,19.1833267211914
85.5866144027126,22.1412108506435,2068,676,1,501,17.7581520080566,356.909576416016,12.7141857147217,24.0831890106201
85.5871691079071,22.1410255418105,2069,676,1,507,14.8480854034424,28.1755218505859,13.6993713378906,20.6397666931152
85.4258387435574,22.1396932717026,2070,677,1,502,17.0741958618164,291.947357177734,6.7614803314209,22.3159141540527
85.4259201517243,22.1402400272194,2071,677,1,495,16.949068069458,285.608337402344,14.0495195388794,24.6576557159424
85.4257318437538,22.1409310331144,2072,677,1,489,17.621618270874,281.918670654297,17.2357883453369,26.68332862854
85.5601977699308,22.1406245204829,2073,678,1,513,15.9217891693115,347.769927978516,15.3168668746948,25.6124973297119
85.5606811983945,22.1405596746727,2074,678,1,530,9.81836128234863,354.274169921875,14.3430700302124,25
85.5874803523984,22.1409172435632,2075,679,1,503,15.6804733276367,30.4923629760742,11.6515073776245,21.023796081543
85.5526387069672,22.1404013115879,2076,680,1,529,16.5082454681396,277.95166015625,10.9408235549927,21
85.5527442311792,22.1414518667652,2077,680,1,524,15.6370315551758,287.034881591797,3.9157886505127,20.7123146057129
85.5531319543056,22.1419377200649,2078,680,1,524,13.0711832046509,313.526062011719,13.0907211303711,18.9736652374268
85.553086227893,22.1410368141113,2079,680,1,536,14.9581880569458,284.213409423828,10.1503887176514,19.7484169006348
85.4885915498927,22.1397129139152,2080,681,1,588,15.1304931640625,256.853393554688,5.28447818756104,19.2093734741211
85.3909098171007,22.1396791237564,2081,682,1,490,23.068338394165,259.460662841797,20.8798713684082,33.1813201904297
85.3910563339015,22.1401159574907,2082,682,1,498,14.8568391799927,257.503692626953,13.1835031509399,19.9749851226807
85.3906426348635,22.1386885593302,2083,682,1,504,14.7570743560791,344.799896240234,22.9440422058105,23.9165210723877
85.3899435043872,22.1384406109014,2084,682,1,500,11.8620443344116,308.65478515625,,10.7703294754028
85.3911149811859,22.1392693225554,2085,682,1,488,17.9800930023193,280.187194824219,21.1922836303711,30.0832176208496
85.3901552974183,22.1388602897929,2086,682,1,489,18.8592090606689,349.809906005859,11.2170886993408,24.879711151123
85.3912227531328,22.1387882860071,2087,682,1,502,15.7703638076782,288.625701904297,14.3352022171021,23.1948261260986
85.5897417756713,22.1403188972817,2088,683,1,504,16.1414260864258,15.5724983215332,,22.3159141540527
85.5893842845777,22.1407266874507,2089,683,1,491,16.6833362579346,16.7415943145752,16.739767074585,25.2982215881348
85.4689323680228,22.138981029855,2090,684,1,553,15.4854488372803,110.803382873535,19.8133354187012,23.7276210784912
85.4690579761417,22.1428506156412,2091,684,1,551,19.9109191894531,98.4617462158203,8.85972023010254,26.0384330749512
85.4693530316546,22.1441962122488,2092,684,1,537,18.2467613220215,95.7095794677734,8.02569961547852,25.7293605804443
85.4688659775752,22.1444865490484,2093,684,1,551,16.5988349914551,92.3647918701172,11.8131189346313,24.145393371582
85.4694266154593,22.1395337417908,2094,684,1,543,21.068531036377,94.2723846435547,14.5100536346436,29.0860786437988
85.4692402607554,22.1433315558291,2095,684,1,541,20.73073387146,101.243896484375,8.17733192443848,26.7581768035889
85.4693956499532,22.1461099724135,2096,684,1,537,19.9345359802246,91.2955169677734,4.19248580932617,25.4558448791504
85.4690873166145,22.1481850701729,2097,684,1,535,18.3224811553955,77.8499755859375,15.3102130889893,24.8193473815918
85.4691762267976,22.1449069700831,2098,684,1,538,19.4963130950928,88.6728897094727,8.36709785461426,26.0959758758545
85.4693837217648,22.1467849454192,2099,684,1,534,20.6807174682617,69.6620101928711,9.46260452270508,27.7848873138428
85.4851943535617,22.1394851168798,2100,685,1,531,20.9041976928711,259.485595703125,19.6491546630859,31.2249908447266
85.4853036074442,22.1390405666756,2101,685,1,543,13.1207885742188,270,20.417552947998,18.4661846160889
85.4851383670322,22.1400681148084,2102,685,1,537,18.4489841461182,265.064849853516,17.9779281616211,25.059928894043
85.5148241437011,22.140025923075,2103,686,1,484,17.1196708679199,65.6296768188477,22.1993370056152,24.9198722839355
85.5146457553746,22.1394012167019,2104,686,1,495,16.8168125152588,121.02938079834,16.5398750305176,22.538854598999
85.5142054018853,22.1401275629404,2105,686,1,501,9.96098232269287,11.3395299911499,24.722110748291,16.5831241607666
85.4600929828467,22.1389643081649,2106,687,1,582,15.6868934631348,267.489868164062,8.61208534240723,20.7364406585693
85.5092226668696,22.1390910523597,2107,688,1,493,16.3986759185791,104.522926330566,13.0128183364868,22.7596130371094
85.4432823636005,22.1385593332729,2108,689,1,589,15.1486749649048,181.827331542969,10.9190826416016,23.0434379577637
85.4793662008014,22.1387689873305,2109,690,1,531,16.0748920440674,354.843505859375,9.87927913665771,21.6333084106445
85.4799237707589,22.138905442555,2110,690,1,525,15.1302089691162,24.5235157012939,16.2234706878662,23.1516742706299
85.4454988675542,22.1405420599366,2111,691,1,588,16.5082454681396,97.9516754150391,4.62613487243652,21.2367610931396
85.4454569040878,22.1392734480348,2112,691,1,571,16.3064193725586,141.704849243164,17.5501003265381,21.1660099029541
85.445450648695,22.1410919973818,2113,691,1,595,16.2945499420166,119.399444580078,17.7785873413086,21.1896209716797
85.4447846068327,22.1383882177139,2114,691,1,566,17.7889251708984,117.388175964355,19.0212326049805,23.6854381561279
85.4450225059526,22.1388889734885,2115,691,1,579,24.2623081207275,118.229583740234,11.9196453094482,33.645206451416
85.4458814043737,22.1402459882218,2116,691,1,578,17.6019420623779,96.6790466308594,5.05297088623047,22.7376346588135
85.4448933313844,22.1396453889301,2117,691,1,595,19.4715270996094,119.909622192383,16.1846961975098,26.6645832061768
85.4454934339252,22.1399073211029,2118,691,1,586,16.2945499420166,119.399444580078,8.04730224609375,22.8691940307617
85.4440579128654,22.1386609609167,2119,691,1,586,17.5712184906006,142.164566040039,5.06144142150879,23.2378997802734
85.4784186561448,22.1386318650222,2120,692,1,528,18.0184097290039,307.229888916016,10.2413454055786,24.6981773376465
85.4881253616483,22.1385941787604,2121,693,1,573,15.60400390625,278.441711425781,7.51518440246582,19.261360168457
85.4882115791701,22.1390395439102,2122,693,1,572,15.2541790008545,274.311004638672,7.19693565368652,19.9248580932617
85.4553371742412,22.1384135307658,2123,694,1,575,15.8211755752563,24.285306930542,7.22533512115479,21.5406589508057
85.4548129331643,22.1382604904671,2124,694,1,580,15.0270137786865,18.7584819793701,5.63580894470215,20.3715496063232
85.4562112215949,22.1383445278965,2125,695,1,566,15.9366588592529,7.81919574737549,10.2680902481079,22.0907211303711
85.4567670004877,22.1384135553465,2126,695,1,566,15.7976589202881,0.874163568019867,10.6039934158325,22.9346904754639
85.4671475768753,22.1388340814469,2127,696,1,566,17.1957187652588,139.03825378418,9.2587890625,23.473388671875
85.4668989906722,22.138367123067,2128,696,1,561,17.5433654785156,141.090835571289,15.6405906677246,25.690465927124
85.4664106268457,22.1385500835093,2129,696,1,569,17.2126274108887,140.138275146484,11.4777956008911,22.7815723419189
85.5479532188827,22.1391060118998,2130,697,1,522,16.2913475036621,14.5414953231812,9.15840339660645,21.5406589508057
85.5483690363003,22.1388604631628,2131,697,1,527,16.3064193725586,38.2951583862305,9.97191524505615,21.2602920532227
85.4439397915357,22.1380490698088,2132,698,1,575,15.4418287277222,161.788467407227,7.52836608886719,20.1246109008789
85.4434250222136,22.1379156941763,2133,698,1,578,15.6617670059204,168.454544067383,8.54806327819824,21.2132034301758
85.5617030059457,22.1391370977952,2134,699,1,504,16.164909362793,146.565475463867,13.4751396179199,24.0416297912598
85.5616559130531,22.1406204775921,2135,699,1,507,17.8970909118652,60.3212738037109,17.8267059326172,24.1867733001709
85.5615998542979,22.1399357009753,2136,699,1,516,17.8185329437256,104.78018951416,19.6822662353516,28.6705417633057
85.5621211573717,22.140112123889,2137,699,1,500,20.8169994354248,87.5278472900391,17.2785491943359,29.4788055419922
85.5620755760073,22.1396477911867,2138,699,1,500,18.2098255157471,94.2883834838867,16.8807144165039,25.5538654327393
85.561200583205,22.1389922063645,2139,699,1,507,15.3238115310669,170.936645507812,8.44823455810547,20.7364406585693
85.5454111926807,22.1403748024453,2140,700,1,531,22.3333015441895,3.61453104019165,26.8182048797607,34.3365707397461
85.5469436723957,22.1395400018244,2141,700,1,531,15.2836151123047,64.2079925537109,8.35073280334473,19.6214160919189
85.5463917445939,22.140389674654,2142,700,1,529,24.3119678497314,13.8195848464966,21.2003993988037,38.8072166442871
85.5448940635195,22.1401425742378,2143,700,1,537,8.6292724609375,1.62988305091858,20.1165904998779,11.48912525177
85.5466063859375,22.1387929065607,2144,700,1,546,15.4052257537842,76.2273559570312,8.11944580078125,19.570384979248
85.5459438088889,22.1401478031554,2145,700,1,537,13.1494779586792,10.6475219726562,25.0595111846924,17.6068172454834
85.5469182413461,22.140148514829,2146,700,1,520,17.0451011657715,52.0380325317383,17.241174697876,22.3606796264648
85.5442037615884,22.1403209963901,2147,700,1,533,17.0376415252686,351.902679443359,17.4719390869141,26.4764041900635
85.5464273474289,22.1396206708259,2148,700,1,538,17.057596206665,70.4849548339844,7.53116798400879,22
85.424510728019,22.1382131816297,2149,701,1,496,15.8636932373047,279.131652832031,9.12068843841553,23.259407043457
85.4245333729642,22.1377175654406,2150,701,1,494,15.2836151123047,244.207992553711,9.12068843841553,22.0680770874023
85.4244363251942,22.1386596771228,2151,701,1,491,16.918586730957,290.514617919922,8.9311990737915,23.3880310058594
85.4240438553953,22.1378547734717,2152,701,1,486,17.384407043457,254.816757202148,8.60731983184814,23.473388671875
85.5036119725742,22.1391267263238,2153,702,1,581,15.734302520752,57.4223785400391,12.5458602905273,20.7364406585693
85.5038381561787,22.1383029012492,2154,702,1,576,16.2347297668457,74.4830856323242,12.575569152832,22.7596130371094
85.503912242349,22.1387600732815,2155,702,1,575,21.6630058288574,91.1829071044922,10.9984073638916,29.8663692474365
85.4846296437248,22.1380560070966,2156,703,1,554,15.4418287277222,341.788452148438,18.5708198547363,19.9248580932617
85.4851486982337,22.1387262878127,2157,703,1,535,18.0957450866699,327.207824707031,26.0209846496582,33.3016510009766
85.4851111452801,22.138244290087,2158,703,1,559,9.31341743469238,360,24.3512763977051,13.8202753067017
85.4846662974878,22.1385399884191,2159,703,1,531,16.6833362579346,343.258392333984,26.0209846496582,32.7566795349121
85.5432805726039,22.1385801525056,2160,704,1,528,16.6047134399414,333.338104248047,11.7354307174683,25.1594905853271
85.5438332086765,22.1386033230389,2161,704,1,544,15.2426443099976,327.412780761719,18.4988174438477,22.0907211303711
85.5435709546644,22.1390068264205,2162,704,1,528,15.6317949295044,313.526062011719,14.3521041870117,21.5870323181152
85.5484815259588,22.1385521850312,2163,705,1,525,15.93874168396,79.2439193725586,7.61979103088379,20.5426387786865
85.397082947082,22.1369605054214,2164,706,0,492,12.8748798370361,74.3916702270508,18.2636299133301,17.9164733886719
85.3975540169774,22.1370970467669,2165,706,0,486,13.8973569869995,73.6386184692383,4.75509452819824,18.1107711791992
85.4556443445266,22.1375524263448,2166,707,1,588,15.2426443099976,32.5872116088867,6.20714664459229,20.3960781097412
85.4392261700963,22.1411193835368,2167,708,1,560,15.5462942123413,276.770965576172,27.3096771240234,30.4795017242432
85.4396196889768,22.1406498886703,2168,708,1,584,29.2210311889648,289.7041015625,20.0414085388184,42.93017578125
85.4393096760882,22.1374226901727,2169,708,1,564,18.8572406768799,260.325103759766,7.74346733093262,25.4361953735352
85.4400122841049,22.1411067279808,2170,708,1,595,19.4211711883545,322.25537109375,11.3625164031982,27.8567771911621
85.4388989121229,22.1387060257216,2171,708,1,566,17.8104209899902,239.304779052734,21.3950023651123,23.2808933258057
85.4395756921633,22.13852751978,2172,708,1,586,23.6303119659424,243.868743896484,30.7806987762451,33.0605506896973
85.43892100668,22.1393066994967,2173,708,1,569,20.3281440734863,284.746124267578,21.9491424560547,27.0185127258301
85.4387657529638,22.1402480457182,2174,708,1,545,16.5126361846924,286.057250976562,17.5064754486084,25.5538654327393
85.4390942712679,22.1379764386303,2175,708,1,561,17.8858890533447,257.527374267578,12.9595756530762,23.1084403991699
85.4392440738531,22.1400142236744,2176,708,1,577,31.9475612640381,280.608062744141,18.7054595947266,45.3762054443359
85.4256214496607,22.1369505321579,2177,709,1,491,15.1464996337891,190.102355957031,5.00280380249023,19.9749851226807
85.4711422948076,22.1382861275748,2178,710,1,510,15.443058013916,90,8.64362621307373,20.5912609100342
85.4707767810375,22.1376336974335,2179,710,1,512,18.4974956512451,101.307952880859,9.39209842681885,23.8956069946289
85.4705365322728,22.1370790467343,2180,710,1,518,16.6312599182129,110.068214416504,12.5311412811279,21.4009342193604
85.4826424558427,22.1369927086732,2181,711,1,536,15.6741933822632,280.098114013672,6.63811492919922,20.6397666931152
85.4825932299844,22.1376371839348,2182,711,1,534,15.7949028015137,285.984710693359,7.51862525939941,21.0475654602051
85.4422570338201,22.1363732029089,2183,712,1,586,15.6419734954834,354.692687988281,10.9235124588013,23.1300678253174
85.4471875797046,22.1360958166264,2184,713,1,571,15.5012283325195,95.0885696411133,17.3216953277588,21.3307285308838
85.4471651400105,22.1370870578371,2185,713,1,565,13.9523153305054,76.64208984375,15.1682395935059,20.3960781097412
85.4472584741498,22.1366078669741,2186,713,1,570,17.9828586578369,76.1139831542969,17.6872234344482,25.8069763183594
85.5072259237957,22.1367092186381,2187,714,1,518,16.0878810882568,11.2194137573242,8.46662521362305,21.4009342193604
85.4252567951774,22.1358712682199,2188,715,1,489,17.1812076568604,77.7509460449219,17.8316898345947,22.9564800262451
85.4249146493471,22.1364945225918,2189,715,1,480,16.7276668548584,35.0642585754395,19.3700866699219,30.2820072174072
85.4254221177647,22.1363348748495,2190,715,1,475,9.19966983795166,35.8975448608398,19.3700866699219,30.1827774047852
85.4375021486038,22.1359504918741,2191,716,0,564,13.2566347122192,233.722839355469,27.7101230621338,18.3030052185059
85.4374388437606,22.1364710162545,2192,716,0,569,17.9739475250244,337.303192138672,27.7101230621338,30.3644523620605
85.4380566622562,22.1364495266804,2193,716,0,568,18.7945003509521,359.273254394531,14.3775863647461,26.5706596374512
85.4447904795879,22.1361531621814,2194,717,1,571,17.2282791137695,342.167266845703,19.8649291992188,27.349588394165
85.4452585479183,22.1363431294959,2195,717,1,573,18.9336433410645,307.557037353516,23.6175422668457,27.2946872711182
85.4443120521219,22.1358256876372,2196,717,1,570,15.1663017272949,307.229888916016,16.5329341888428,19.2093734741211
85.4456367389191,22.1367528237877,2197,717,1,569,16.2178382873535,336.379028320312,13.2234401702881,21.771541595459
85.4451467228548,22.1367903900391,2198,717,1,556,11.1007566452026,317.000518798828,17.1426181793213,17.0293865203857
85.4700579116201,22.1360735422395,2199,718,1,513,16.0865268707275,117.979949951172,6.67451953887939,20.5669631958008
85.4946796124994,22.1364508848615,2200,719,1,569,9.95443916320801,327.2431640625,17.047306060791,14.6969385147095
85.5429254392971,22.1384297824659,2201,720,1,533,19.0384635925293,305.603637695312,13.6253643035889,25.0199928283691
85.5426157437533,22.1367326812625,2202,720,1,529,17.9101142883301,278.756256103516,13.9406213760376,25.4361953735352
85.5427810573853,22.1377168569561,2203,720,1,540,17.4477005004883,282.8125,15.8207578659058,23.0651245117188
85.5430019134765,22.1372682238769,2204,720,1,543,19.5108089447021,267.347198486328,16.1225738525391,26.8514423370361
85.4524396768067,22.136814962104,2205,721,1,594,18.4683799743652,289.356719970703,9.45906066894531,24.1246757507324
85.4517371417132,22.1366720384504,2206,721,1,567,15.6188821792603,314.744659423828,19.905460357666,21.5406589508057
85.452630511273,22.1377525638618,2207,721,1,569,18.2597141265869,303.144866943359,15.7566089630127,24.9599685668945
85.4528327190134,22.1364927770206,2208,721,1,604,15.6868934631348,267.489868164062,12.0015640258789,21.2837963104248
85.4531735993972,22.1385064241056,2209,721,1,573,19.4650783538818,329.139709472656,19.9536380767822,38.0919952392578
85.4524356583511,22.1387457189539,2210,721,1,559,13.9400062561035,333.118927001953,19.6759948730469,23.5372047424316
85.4527017630214,22.1358916623295,2211,721,1,599,17.9722442626953,273.623260498047,16.8573722839355,26.0192241668701
85.4531858260079,22.1380454274104,2212,721,1,586,20.4662227630615,325.478149414062,16.2860145568848,33.2565765380859
85.4539075872077,22.139042785016,2213,721,1,561,22.5248680114746,339.911682128906,15.2811069488525,31.5911388397217
85.4512290711193,22.1364074444317,2214,721,1,568,19.1171131134033,343.356018066406,19.2383346557617,27.2396774291992
85.498268573551,22.1364654870844,2215,722,1,587,13.1542768478394,331.300750732422,16.8002510070801,17.6351928710938
85.4988508238085,22.1363493060501,2216,722,1,597,15.6065692901611,3.54383873939514,8.75677680969238,22.8910465240479
85.4979059355531,22.1361505896891,2217,722,1,603,15.2367582321167,336.660583496094,18.2158126831055,22
85.4939599904772,22.1360194235872,2218,723,1,582,16.5635051727295,339.615753173828,18.264986038208,23.8327503204346
85.5009631096736,22.1360746835249,2219,724,1,586,15.1981563568115,107.568305969238,12.5667114257812,19.5448207855225
85.5455416606176,22.1365586812236,2220,725,1,546,15.4048480987549,143.466232299805,13.701584815979,20.1990089416504
85.5454527784396,22.1371755899508,2221,725,1,564,15.734302520752,122.577613830566,12.9212169647217,22.2485961914062
85.5449300166802,22.1366797756833,2222,725,1,563,10.9498910903931,167.108520507812,11.5554094314575,17.1464290618896
85.5457676079652,22.1375553702344,2223,725,1,558,16.0752449035645,106.532035827637,9.32574844360352,20.0249843597412
85.5486565406913,22.1365860222087,2224,726,1,530,17.0318717956543,29.5490455627441,11.4043340682983,22.3606796264648
85.5481275148315,22.1365687150632,2225,726,1,534,17.4877300262451,27.7627735137939,7.82196426391602,23.1516742706299
85.5040645268781,22.135876352463,2226,727,1,584,15.5951251983643,304.950897216797,14.0840997695923,20.8086528778076
85.3911053784252,22.1344032488383,2227,728,1,508,16.2045726776123,249.347747802734,12.2240114212036,21.9089031219482
85.390989070619,22.1348422067007,2228,728,1,511,17.538745880127,259.536010742188,12.2240114212036,22.6053085327148
85.4881251161908,22.1367261912277,2229,729,1,589,15.4886951446533,281.089202880859,15.2887468338013,21.931713104248
85.4874907140569,22.1357999119821,2230,729,1,578,15.9895305633545,299.108917236328,14.7812242507935,20.2731342315674
85.4876935709968,22.1351785385971,2231,729,1,591,12.8813724517822,307.557037353516,8.60514163970947,17.4928550720215
85.48800817659,22.1359593551582,2232,729,1,586,20.3026752471924,292.821868896484,7.19466400146484,26.7394847869873
85.4877723756939,22.137143517923,2233,729,1,576,15.7566556930542,281.737640380859,9.04761409759521,21.0713081359863
85.4381876937523,22.1348072393602,2234,730,1,587,18.0481662750244,250.14013671875,9.76394844055176,23.9582977294922
85.4382726072426,22.1365386682022,2235,730,1,568,21.4889068603516,358.743499755859,15.0393600463867,29.4108829498291
85.4370902139909,22.1348792330998,2236,730,1,554,19.5349369049072,273.975646972656,13.3986186981201,27.2029418945312
85.4372029340716,22.1354353653992,2237,730,1,554,23.0253486633301,264.464111328125,12.710729598999,31.1769142150879
85.4377414527332,22.1352423614238,2238,730,1,571,19.1125640869141,256.312316894531,8.87471961975098,24.4131107330322
85.4376993055693,22.1347765467235,2239,730,1,568,14.0626592636108,268.124084472656,10.5663833618164,17.6351928710938
85.4370578232396,22.1362136939254,2240,730,1,567,24.0788516998291,264.207824707031,24.4404144287109,42.7434196472168
85.4391480568451,22.1366572932409,2241,730,1,568,16.2721652984619,355.759704589844,28.8061103820801,23.3880310058594
85.4400024437097,22.1364836574197,2242,730,1,579,14.6281986236572,286.424194335938,27.4060020446777,19.4935894012451
85.4384965590775,22.1358200954215,2243,730,1,600,16.494421005249,291.100006103516,24.2916450500488,20.7123146057129
85.4557427949616,22.1350533293429,2244,731,1,617,17.0210628509521,99.2481918334961,9.02594566345215,22.6274166107178
85.4555853153311,22.1355124136342,2245,731,1,618,14.5843992233276,78.1794891357422,10.1256580352783,19.078784942627
85.4555132976523,22.1345773731154,2246,731,1,616,14.3322248458862,94.60205078125,7.77608680725098,18.3303031921387
85.5058120631029,22.1352167564894,2247,732,0,566,14.9824857711792,90,4.47841262817383,19.4935894012451
85.5059844616192,22.1357405580749,2248,732,0,565,15.60400390625,81.5583038330078,9.53948974609375,20.9045448303223
85.4434927455522,22.136388800246,2249,733,1,577,17.2871227264404,86.9794006347656,5.96963882446289,22.8254241943359
85.4428872810572,22.1357496276577,2250,733,1,585,20.9554615020752,129.965866088867,13.7430820465088,27.5136337280273
85.4423732587236,22.1352897399386,2251,733,1,588,16.3625411987305,112.149765014648,19.4061393737793,21.6101837158203
85.4427350953625,22.1347033823137,2252,733,1,570,16.4732780456543,126.597366333008,16.4433860778809,23.2378997802734
85.4421297320603,22.1346163316143,2253,733,1,585,17.1895637512207,156.131103515625,14.0380182266235,24.2487106323242
85.4426014743207,22.136661772134,2254,733,1,583,18.6335620880127,355.594879150391,14.8304567337036,24.8193473815918
85.4436867114331,22.1358467310432,2255,733,1,567,17.0019092559814,129.065292358398,14.3460502624512,22.5610275268555
85.4430027224784,22.1362579763142,2256,733,1,593,11.8620443344116,51.3452033996582,10.6968765258789,23.4307498931885
85.42301543051,22.135483764515,2257,734,1,481,16.0570125579834,278.189422607422,20.0587406158447,23.6008472442627
85.4227763438795,22.1344636377675,2258,734,1,484,16.0570125579834,278.189422607422,16.2438812255859,20.2237491607666
85.4234263559407,22.1351421851232,2259,734,1,502,18.1884250640869,288.931671142578,23.8696231842041,28.7923603057861
85.4231358625696,22.1360394384986,2260,734,1,480,14.0843486785889,266.252166748047,14.5833921432495,20.1494407653809
85.423181071296,22.1347378504553,2261,734,1,491,21.5304203033447,285.67578125,12.4386215209961,28.1602554321289
85.440375283233,22.1344988514269,2262,735,1,599,13.8973569869995,106.361381530762,10.2241649627686,19.570384979248
85.440353778539,22.1350080863969,2263,735,1,609,15.0720729827881,105.904846191406,10.0117263793945,20.9045448303223
85.4442290664165,22.1350840875913,2264,736,1,572,17.9430904388428,293.109649658203,7.1037425994873,22.97825050354
85.4438987993643,22.1343358803618,2265,736,1,569,15.0894947052002,276.987243652344,12.3538732528687,19.0525588989258
85.4733146922829,22.1344993901108,2266,737,1,563,9.62477874755859,345.25390625,7.3431921005249,14
85.4801133422792,22.135764510481,2267,738,1,555,18.351770401001,81.4707412719727,11.9880714416504,23.5584373474121
85.4800610454707,22.1350125902134,2268,738,1,557,18.6281604766846,87.2113723754883,18.6636943817139,26.77685546875
85.4800132511895,22.1369077318582,2269,738,1,542,15.4109964370728,80.5835876464844,8.72067356109619,20.1246109008789
85.480130648488,22.1362352123306,2270,738,1,552,17.7806396484375,68.2379302978516,9.64047622680664,23.8327503204346
85.4800727763546,22.1342944826917,2271,738,1,565,13.8793354034424,70.6186981201172,10.2754917144775,18.3030052185059
85.4796318224305,22.135838400213,2272,738,1,567,15.3542242050171,73.5192260742188,16.4063987731934,23.9582977294922
85.4796749022559,22.1365188865553,2273,738,1,558,15.3779592514038,61.5086631774902,11.7497043609619,21.4009342193604
85.4797029314763,22.1353305826164,2274,738,1,571,17.111270904541,75.3427734375,19.3101024627686,26.4952831268311
85.4513814206149,22.1354728764147,2275,739,1,591,11.769980430603,313.526062011719,11.4276838302612,17.1464290618896
85.4514166382313,22.1348607984251,2276,739,1,604,16.5113277435303,300.780395507812,8.82558345794678,21.9089031219482
85.4515253906149,22.1341048280099,2277,739,1,615,15.734302520752,302.577606201172,6.11012649536133,20.9523277282715
85.4394133521396,22.1341311160039,2278,740,1,607,17.0516471862793,267.701751708984,15.0911197662354,22.1810722351074
85.4393001079608,22.1348347272407,2279,740,1,609,18.0044441223145,264.933929443359,11.9943161010742,23.0867919921875
85.3911351553071,22.1335644742913,2280,741,1,496,15.2970485687256,222.734954833984,11.6835384368896,21.2132034301758
85.503725370993,22.1345307614926,2281,742,1,596,10.0665159225464,345.927551269531,10.538854598999,13.3790884017944
85.504035454823,22.1349475729353,2282,742,1,584,17.5305404663086,312.447631835938,14.3811769485474,24.3310508728027
85.5462729311754,22.134907688401,2283,743,1,554,12.8531723022461,280.351501464844,13.3679418563843,16.4012203216553
85.4474414999463,22.1342985000868,2284,744,1,576,18.9817352294922,97.5339126586914,10.1755523681641,24.1039409637451
85.4473735053469,22.1337411550219,2285,744,1,574,13.8963232040405,53.3749198913574,8.38332843780518,22
85.4703378709498,22.1345399141399,2286,745,1,509,15.3542242050171,286.480773925781,13.0133829116821,20.7846088409424
85.4703029472937,22.1340291889496,2287,745,1,518,16.9472408294678,292.965789794922,6.39016723632812,22.1133441925049
85.3952314133505,22.1335066000097,2288,746,1,504,15.4052257537842,103.772644042969,4.97674560546875,20.3715496063232
85.4693041312634,22.1347398724793,2289,747,1,512,16.9334411621094,131.287811279297,20.7404594421387,23.8537216186523
85.4690581098274,22.1342367258056,2290,747,1,501,9.26417446136475,112.149757385254,20.018741607666,23.259407043457
85.4693749535857,22.1365251528509,2291,747,1,531,15.6809186935425,104.375640869141,7.4620304107666,21.023796081543
85.4694767923474,22.1351708806677,2292,747,1,516,17.3546714782715,96.0245056152344,9.23940753936768,23.1948261260986
85.4692490046462,22.1360109373211,2293,747,1,523,16.4904403686523,117.196014404297,6.90449905395508,24.9599685668945
85.4353637862981,22.1337414780586,2294,748,1,538,15.2220001220703,259.583160400391,8.06241798400879,19.8242282867432
85.4386162404807,22.1343426563967,2295,749,1,587,15.3986511230469,245.366714477539,9.12521839141846,21.0713081359863
85.4384543946577,22.1338373611935,2296,749,1,592,19.1197299957275,310.576873779297,9.2485408782959,25.059928894043
85.4381690996337,22.1334363519756,2297,749,1,592,16.9082546234131,312.405395507812,9.7302188873291,21.6333084106445
85.5878502971759,22.135135080523,2298,750,1,495,15.4689445495605,86.6026611328125,11.9845886230469,19.5959186553955
85.3966819837249,22.1390123112205,2299,751,1,503,25.3470268249512,63.2523002624512,29.5222434997559,35.2562065124512
85.3962249632668,22.1415141415161,2300,751,1,491,22.6361541748047,39.9245147705078,10.0447101593018,31.8590641021729
85.3966378298227,22.1329662490465,2301,751,1,465,11.3213710784912,124.987197875977,17.3226375579834,20.0748596191406
85.3963540631709,22.1349558639119,2302,751,1,515,17.276180267334,123.619171142578,14.1261014938354,24.4131107330322
85.3976484842401,22.1368070728142,2303,751,1,482,16.2045154571533,78.6086044311523,5.14863586425781,21.3541564941406
85.3954941661346,22.1400526509847,2304,751,1,528,15.6741724014282,89.1628112792969,7.24701690673828,20.1494407653809
85.3964325035883,22.1403853782944,2305,751,1,507,17.538745880127,79.536003112793,21.5135040283203,22.8691940307617
85.3975688022858,22.1374388302386,2306,751,1,477,20.1251811981201,56.754508972168,18.271951675415,26.4952831268311
85.3966407492605,22.1366842545363,2307,751,1,518,15.8169355392456,66.0944976806641,22.9136047363281,27.1108837127686
85.3969534621063,22.137033652507,2308,751,1,497,22.9376316070557,81.6440963745117,18.2636299133301,36.180103302002
85.4355865742631,22.1333244835115,2309,752,1,538,10.4388427734375,259.744964599609,10.9258069992065,22.715633392334
85.425903673723,22.1334047967067,2310,753,1,490,16.1588001251221,339.050964355469,25.3573799133301,28.7228126525879
85.4263951316447,22.1330433220357,2311,753,1,515,15.7546186447144,351.198974609375,19.6688022613525,28.7749900817871
85.426604740316,22.1334689467302,2312,753,1,501,16.2721652984619,4.24028587341309,23.0304279327393,23.5796527862549
85.4768701405076,22.1344836242145,2313,754,1,541,20.3921375274658,282.743072509766,7.6798210144043,27.1477432250977
85.4768508170554,22.1362642008961,2314,754,1,533,15.221923828125,293.063598632812,8.31440258026123,23.8117618560791
85.4769395735014,22.1334582270454,2315,754,1,535,10.8210525512695,244.596267700195,20.8595142364502,21.1660099029541
85.4771077419637,22.1355474029868,2316,754,1,549,15.6868934631348,272.510131835938,4.99472427368164,20.4205780029297
85.4775501131095,22.1350871111765,2317,754,1,559,16.253963470459,277.271026611328,11.4564933776855,20.5912609100342
85.4768825565419,22.1368727245042,2318,754,1,529,17.3012428283691,295.744354248047,11.0566740036011,22.7376346588135
85.4772749437048,22.1372621785064,2319,754,1,534,17.7644462585449,306.062194824219,7.21341896057129,23.1732597351074
85.4773663066563,22.1331987019406,2320,754,1,542,11.2397947311401,267.635192871094,11.5108757019043,14.8323965072632
85.4773233566936,22.1341333684194,2321,754,1,557,17.4051170349121,277.515106201172,15.7022199630737,26.1725044250488
85.4824058765388,22.134891004428,2322,755,1,545,22.5314350128174,295.147979736328,26.8518714904785,34.3802261352539
85.4826982506762,22.1341670404915,2323,755,1,574,18.5211696624756,293.820037841797,21.4541969299316,28.5482044219971
85.4833072825157,22.1381274333717,2324,755,1,544,16.0442047119141,302.802886962891,11.8675174713135,21.0950222015381
85.4831110496205,22.1374087031661,2325,755,1,547,15.8132963180542,301.408447265625,6.72646331787109,20.5912609100342
85.4830322392542,22.1368438961082,2326,755,1,551,15.6741933822632,280.098114013672,6.63811492919922,20.1246109008789
85.482493503671,22.1358381915392,2327,755,1,548,19.1747894287109,276.770965576172,10.0317230224609,25.690465927124
85.4825118177293,22.1335356256879,2328,755,1,577,15.1933631896973,290.318206787109,7.58349418640137,20.7364406585693
85.4826123863569,22.1363126539284,2329,755,1,542,16.2945499420166,299.399444580078,9.1745662689209,22.2485961914062
85.4832494753999,22.1364059333096,2330,755,1,553,16.6617755889893,303.227020263672,6.63811492919922,22.97825050354
85.5470466919501,22.1343268053504,2331,756,1,573,17.2251033782959,286.123443603516,10.4881353378296,21.9772605895996
85.5472759381786,22.1339145282791,2332,756,1,576,15.1304931640625,283.146606445312,10.4881353378296,20.9523277282715
85.4606098837446,22.1333233143811,2333,757,1,614,12.8172407150269,352.368103027344,14.041787147522,17.9722003936768
85.4619467536244,22.1332643942747,2334,757,1,613,16.0748920440674,5.15650081634521,18.6981773376465,25.690465927124
85.4612452056302,22.1332312164902,2335,757,1,615,16.0878810882568,11.2194137573242,17.3007354736328,24.5356884002686
85.4610634951254,22.133719319544,2336,757,1,595,15.1464996337891,10.1023635864258,12.6741285324097,19.8242282867432
85.4674475249605,22.1333449909273,2337,758,1,513,15.5288791656494,156.178283691406,18.2543468475342,23.4946804046631
85.4668756034266,22.1335644337793,2338,758,1,532,17.2838134765625,167.175903320312,12.9813213348389,25.2388591766357
85.4670114958873,22.1331119500987,2339,758,1,516,7.08020925521851,119.678718566895,16.8585720062256,8.9442720413208
85.4804058192769,22.1332792612769,2340,759,1,564,16.121696472168,58.3438415527344,11.8596057891846,24.2693214416504
85.4853374667361,22.1334043056263,2341,760,1,585,15.0298137664795,334.275268554688,10.4036483764648,20.0499382019043
85.4228091257725,22.1328177521795,2342,761,1,483,16.5967121124268,296.115692138672,6.30648517608643,21.0713081359863
85.4411273645906,22.1334830205648,2343,762,1,598,15.3779592514038,118.491333007812,16.9424819946289,23.2378997802734
85.4407747706848,22.1330637958967,2344,762,1,594,16.2833003997803,124.154922485352,9.71246337890625,21.3541564941406
85.4413862886306,22.1328737309004,2345,762,1,572,13.4986085891724,103.833961486816,17.8627586364746,20.7364406585693
85.441253947802,22.1340588937771,2346,762,1,588,15.3360767364502,70.7982559204102,9.71269035339355,19.0262985229492
85.4417068479547,22.1334361785597,2347,762,1,573,15.9671211242676,132.335433959961,21.0795631408691,22.6495037078857
85.4807705525664,22.1330560481784,2348,763,1,571,15.0303010940552,15.859543800354,19.0496845245361,22.2036037445068
85.4851189016217,22.1332415516408,2349,764,1,590,16.2231483459473,327.7197265625,7.5657958984375,21.3072757720947
85.4583213724178,22.1328817392301,2350,765,1,623,15.5951251983643,304.950897216797,18.4961948394775,25.2586612701416
85.4581088159729,22.1336018299805,2351,765,1,597,20.0698013305664,294.532501220703,9.26932525634766,26.4575138092041
85.4583354952874,22.1348281144643,2352,765,1,587,18.1299629211426,313.526062011719,12.6657304763794,24.3104915618896
85.4582768030366,22.1340406445254,2353,765,1,590,20.7479267120361,284.413787841797,15.4940557479858,28.5306854248047
85.4585524285672,22.1344132213351,2354,765,1,603,13.5343894958496,296.285308837891,21.6517448425293,28.7228126525879
85.4708059098006,22.1330191623091,2355,766,1,549,15.6777086257935,311.097961425781,9.59016227722168,21.8403301239014
85.4727060684723,22.1335530985933,2356,766,1,567,16.7276668548584,324.935729980469,14.7184143066406,23.6220245361328
85.4716272875444,22.133186621445,2357,766,1,558,20.0596046447754,309.791839599609,10.772741317749,26.7581768035889
85.4715149999423,22.1336591927079,2358,766,1,549,17.276180267334,303.619171142578,15.3663787841797,26.608268737793
85.4703106468037,22.133019571082,2359,766,1,536,15.3347272872925,312.283752441406,8.73345756530762,20.4694900512695
85.4723258156568,22.1331716136514,2360,766,1,580,11.3626413345337,328.968383789062,21.740177154541,16.822603225708
85.4720101909419,22.13263321608,2361,766,1,578,15.0472021102905,288.679107666016,13.9654207229614,21
85.3954792738289,22.1320502097329,2362,767,1,481,15.2961196899414,136.01789855957,5.6128978729248,19.7737197875977
85.3957862572457,22.1324581050331,2363,767,1,481,15.9148483276367,110.18726348877,6.0619945526123,20.2731342315674
85.3959831872945,22.1319840956158,2364,767,1,474,16.1614475250244,126.455375671387,5.51831245422363,21.3775577545166
85.496098290909,22.1328885944542,2365,768,1,595,17.1937427520752,63.2246246337891,17.8117408752441,22.0907211303711
85.496211516767,22.133359227681,2366,768,1,589,17.5116748809814,46.4739265441895,18.8315448760986,24.5764122009277
85.4956897275152,22.1331734888707,2367,768,1,601,16.1588001251221,20.949031829834,17.2067680358887,31.5594673156738
85.525944826913,22.1331344348905,2368,769,1,526,15.3947200775146,50.1879806518555,11.6073617935181,21.3541564941406
85.5257754170052,22.1336091444719,2369,769,1,517,15.1186561584473,51.5238838195801,10.7711515426636,21.3072757720947
85.5245419320372,22.1333511549327,2370,770,1,533,16.727388381958,338.072814941406,11.7474927902222,23.5796527862549
85.5240970885392,22.1329005384307,2371,770,1,535,15.6514110565186,312.310150146484,9.5084056854248,20.2977828979492
85.5240567119286,22.1333538492921,2372,770,1,527,16.2875366210938,328.864776611328,9.19215774536133,21.5638580322266
85.4403211713368,22.1322937459427,2373,771,1,594,15.4816999435425,127.364936828613,10.0142793655396,20.3960781097412
85.4639398530785,22.1355075967707,2374,772,1,554,19.7201461791992,110.068214416504,18.9237174987793,29.4957618713379
85.4639692620311,22.1335692480468,2375,772,1,566,22.7340049743652,78.1422805786133,11.5729942321777,32.5729942321777
85.4636272132688,22.135987036056,2376,772,1,583,20.3271617889404,130.766372680664,19.6541900634766,30.3809146881104
85.4639065614165,22.1326610805187,2377,772,1,588,21.1467018127441,83.3044281005859,20.4466743469238,28.4604988098145
85.4640192457095,22.1340278723675,2378,772,1,565,20.4787540435791,79.2439193725586,13.2846717834473,27.549955368042
85.4640762639489,22.1350247395921,2379,772,1,556,18.0857200622559,62.3215103149414,14.2653903961182,26.5518360137939
85.4652592147975,22.136434417788,2380,772,1,562,13.6490840911865,114.966819763184,9.65056228637695,17.6068172454834
85.4641564211272,22.1345414876856,2381,772,1,562,18.0555191040039,72.4317016601562,13.0590372085571,23.8956069946289
85.4640903383626,22.1322079811946,2382,772,1,582,15.6809186935425,75.6243515014648,14.3514604568481,20.8326663970947
85.3932266969813,22.1322836945887,2383,773,1,510,15.6827116012573,142.050506591797,18.475399017334,22.6495037078857
85.3936237230967,22.1318291479716,2384,773,1,491,17.7784080505371,107.102676391602,11.9301156997681,23.1300678253174
85.3940284176187,22.1324950956652,2385,773,1,503,16.4060020446777,154.839630126953,17.502950668335,22.472204208374
85.3945682174126,22.1324475590212,2386,773,1,499,16.7097949981689,165.851440429688,8.27640151977539,22.3606796264648
85.4530681121014,22.131983416258,2387,774,1,637,16.6312599182129,69.9317855834961,6.57275104522705,21.0950222015381
85.4530414083498,22.1324393262827,2388,774,1,632,16.494421005249,68.8999786376953,6.31561279296875,22
85.4709830090377,22.1320921292623,2389,775,1,564,16.4225368499756,307.737548828125,4.72809982299805,20.9761772155762
85.4703139902175,22.132124528419,2390,775,1,544,15.194580078125,300.881164550781,4.52315902709961,20.2484569549561
85.4714147079877,22.1322981423345,2391,775,1,571,15.4348678588867,308.584869384766,4.72809982299805,20.1742401123047
85.4775362663798,22.132189250189,2392,776,1,547,16.5988349914551,267.635192871094,4.57231140136719,21.0475654602051
85.3928275073651,22.1312338900348,2393,777,1,499,17.1896514892578,168.735122680664,22.6172676086426,28.5482044219971
85.4387326153023,22.1313319291465,2394,778,1,591,15.227855682373,267.410278320312,7.03736305236816,19.6468830108643
85.4410563961342,22.1313033857055,2395,779,1,590,16.2428379058838,42.9640007019043,10.5123043060303,21.7944946289062
85.440531625911,22.1314148640499,2396,779,1,599,15.0135221481323,6.4686074256897,10.4084224700928,20.8086528778076
85.440869267002,22.131740876257,2397,779,1,586,15.4250907897949,24.9856338500977,13.8544387817383,20.9045448303223
85.5013012093631,22.1325791023276,2398,780,1,604,17.3492412567139,72.4317016601562,27.2237510681152,33.0605506896973
85.5012129434701,22.1337538737016,2399,780,1,596,20.6109104156494,86.8754425048828,13.3053188323975,26.9443874359131
85.5014876578079,22.1317631193485,2400,780,1,630,15.5917596817017,19.895544052124,11.3954792022705,22.3606796264648
85.5030832706219,22.13202551605,2401,780,1,635,20.7983322143555,336.562591552734,14.6218776702881,28.7054004669189
85.5010517054526,22.1332206782669,2402,780,1,607,24.7165431976318,62.9825744628906,14.0880012512207,33.5559234619141
85.5019688765362,22.1316035364468,2403,780,1,632,18.1261367797852,351.660125732422,21.2944259643555,25.0998001098633
85.5013314296793,22.1343726087277,2404,780,1,583,16.0257587432861,77.6367721557617,19.2935409545898,23.6854381561279
85.5022884472564,22.1319448073824,2405,780,1,620,23.3061103820801,338.856018066406,15.3567428588867,34.4093017578125
85.5889700770979,22.1333748812526,2406,781,1,483,15.2207164764404,234.007583618164,13.4361953735352,19.8997478485107
85.5892430475049,22.1328272961766,2407,781,1,476,17.505069732666,221.065628051758,24.734375,26.153392791748
85.5899765709495,22.1324823404183,2408,781,1,472,17.306713104248,180,,24.2074375152588
85.5894845234532,22.1324042404718,2409,781,1,472,16.1332664489746,198.262298583984,30.4601268768311,25.337718963623
85.4351577766074,22.1314339956121,2410,782,1,557,15.5910530090332,299.971282958984,11.9702548980713,20.0748596191406
85.4372109128171,22.1331268679653,2411,782,1,578,22.5740051269531,287.209167480469,21.508581161499,32.4807624816895
85.4358132575255,22.1317056637432,2412,782,1,571,20.4905376434326,302.519836425781,10.3662662506104,26.4764041900635
85.4367209539086,22.1330011962568,2413,782,1,561,26.6467876434326,266.252166748047,27.7380390167236,38.3014373779297
85.4365797932514,22.1319091627999,2414,782,1,572,20.0788974761963,356.615051269531,20.6801414489746,26.7207775115967
85.4370259671209,22.1338618835417,2415,782,1,567,18.2597141265869,303.144866943359,10.8216037750244,24.839485168457
85.4370971067047,22.1318709664813,2416,782,1,587,19.8029136657715,283.833953857422,36.1958694458008,30.2158889770508
85.4374991752915,22.1340410025484,2417,782,1,567,17.5305404663086,312.447631835938,7.92794990539551,22.8035087585449
85.4355979640744,22.131022056005,2418,782,1,569,15.4689445495605,266.602661132812,11.9945735931396,21.2837963104248
85.3935070806787,22.1305616987253,2419,783,1,478,16.4344043731689,151.124267578125,14.4005661010742,23.0651245117188
85.4581392678655,22.1314072594436,2420,784,1,623,14.8349761962891,276.220489501953,7.62893295288086,19.8746070861816
85.4641095691953,22.1314874590348,2421,785,1,584,15.1981563568115,72.4317016601562,7.92846584320068,20.0997505187988
85.4640591612768,22.1309977482393,2422,785,1,589,15.6370315551758,72.9651107788086,6.47678852081299,19.7737197875977
85.4636787636146,22.1317082905347,2423,785,1,594,15.3542242050171,73.5192260742188,11.3535108566284,20
85.437492902596,22.1307720209387,2424,786,1,577,15.8116245269775,177.379119873047,12.4691724777222,22.3383083343506
85.5767157095847,22.1320336291905,2425,787,1,491,15.4052257537842,103.772644042969,11.2589349746704,20.4694900512695
85.5873410636032,22.1321307886659,2426,788,1,489,15.0262622833252,141.162536621094,9.16535663604736,19.6723155975342
85.5874753669404,22.1325827838573,2427,788,1,495,11.8767404556274,120.455093383789,12.8900699615479,17.0587215423584
85.5227627293358,22.1321370656075,2428,789,1,514,17.7363586425781,267.060882568359,5.83810234069824,22.538854598999
85.5228656088765,22.1326841670989,2429,789,1,513,15.1304931640625,283.146606445312,5.31578063964844,19.3390789031982
85.5226745058004,22.1316122863454,2430,789,1,516,17.8017673492432,275.862823486328,7.38803100585938,23.0651245117188
85.4386674864754,22.1305141890176,2431,790,1,582,15.3020992279053,225.228820800781,10.0651245117188,20.6155281066895
85.4436994382704,22.1306137055946,2432,791,0,599,14.5101823806763,75.3173217773438,10.8256645202637,18.9736652374268
85.4565390447119,22.1310931402379,2433,792,1,607,16.4119510650635,343.832763671875,16.8605918884277,24.7991943359375
85.4573294776333,22.1306536785558,2434,792,1,628,15.6617670059204,348.454559326172,11.5550527572632,23.7907543182373
85.4561256117072,22.1307980151235,2435,792,1,617,16.2196006774902,332.613403320312,10.3685398101807,22.8691940307617
85.4567700065689,22.1306761946296,2436,792,1,623,17.8036231994629,345.998687744141,11.2229480743408,25.7487869262695
85.4571986485076,22.1310897619773,2437,792,1,612,16.2178382873535,336.379028320312,16.8605918884277,25.1197128295898
85.5005762401668,22.1312471628238,2438,793,1,634,7.84417247772217,323.466217041016,18.5104427337646,12.0830459594727
85.5392477447966,22.1316018496287,2439,794,1,514,14.7709913253784,354.363037109375,13.1948261260986,21.6101837158203
85.4745845573051,22.1344977456345,2440,795,1,542,15.9076251983643,54.8706474304199,14.1193246841431,20.9523277282715
85.4735488506185,22.1361603347414,2441,795,1,530,19.3774280548096,7.75862550735474,13.8744440078735,27.7668876647949
85.4765683866884,22.1319379318428,2442,795,1,556,16.834156036377,79.854118347168,5.84751892089844,21.3541564941406
85.4781283337849,22.131289925747,2443,795,1,571,23.1749153137207,299.869415283203,11.4108257293701,31.0322418212891
85.4759244029516,22.132306448804,2444,795,1,571,17.384407043457,74.8167572021484,7.52204895019531,22.4053573608398
85.4757051933608,22.1341012554734,2445,795,1,533,15.5351457595825,53.8467063903809,10.1687936782837,19.8997478485107
85.475048952803,22.1336025434891,2446,795,1,553,22.5099639892578,16.333381652832,15.5177707672119,33.9705772399902
85.4720904430239,22.1364982170366,2447,795,1,503,8.06976509094238,349.474914550781,26.411111831665,14.662878036499
85.476047385254,22.1329014638486,2448,795,1,553,20.1400203704834,72.4317016601562,5.96746253967285,27.7848873138428
85.474419185263,22.1340106349097,2449,795,1,559,22.1491928100586,64.3356246948242,13.2929916381836,29.6310653686523
85.5460121029403,22.1322504676145,2450,796,1,554,18.8572406768799,260.325103759766,7.95495223999023,24.5153007507324
85.5470035008778,22.1315029560045,2451,796,1,553,19.803394317627,194.580047607422,12.673246383667,27.4226188659668
85.5478468274955,22.1315344884154,2452,796,1,561,17.9580192565918,193.085510253906,11.9182577133179,24.3721160888672
85.5456359378924,22.1340182110136,2453,796,1,548,20.3921375274658,282.743072509766,12.9793214797974,27.349588394165
85.5459468892963,22.1317318846316,2454,796,1,548,23.4021663665771,231.992172241211,8.36184310913086,33.6600646972656
85.5457712096776,22.1327738075363,2455,796,1,549,15.5462942123413,263.229034423828,4.9233283996582,20.4205780029297
85.5458265130213,22.1334495889262,2456,796,1,550,18.1674976348877,271.431854248047,10.9153289794922,24.2693214416504
85.5463703087312,22.1313342986494,2457,796,1,534,15.6205587387085,221.594573974609,15.8565053939819,21.1423740386963
85.5483614216425,22.1315010677492,2458,796,1,564,15.1413259506226,180,7.83765602111816,20.856653213501
85.5454615746032,22.1320395564024,2459,796,1,531,15.2836151123047,244.207992553711,18.8019599914551,20.4939022064209
85.500242725242,22.1308149706221,2460,797,1,650,16.6637649536133,359.173736572266,12.9868946075439,23.0867919921875
85.4497826571193,22.1315396431122,2461,798,1,650,15.519458770752,293.493041992188,13.390585899353,21.3307285308838
85.4502073526181,22.1346848094194,2462,798,1,582,16.2051830291748,300.521453857422,5.78925704956055,20.9761772155762
85.4497985799747,22.1332828680813,2463,798,1,613,17.1879119873047,314.627410888672,20.0145416259766,30.3644523620605
85.448531207604,22.1328703323597,2464,798,1,590,19.6596851348877,340.226501464844,11.465991973877,26.0768089294434
85.4495165578259,22.1322287117503,2465,798,1,624,17.7113151550293,307.112762451172,4.91709136962891,23.5796527862549
85.4491069242935,22.1325842353056,2466,798,1,610,20.8749084472656,312.632781982422,9.91583824157715,27.6767044067383
85.4489829254601,22.1330671309727,2467,798,1,582,15.3947200775146,309.81201171875,15.0000629425049,26.5141468048096
85.4504431601083,22.1329384535858,2468,798,1,632,15.9486675262451,319.496887207031,12.2271060943604,22.2036037445068
85.4490071143037,22.1302247820878,2469,798,1,639,18.3615379333496,285.768707275391,10.0504961013794,24.4131107330322
85.4490933636739,22.1309389169148,2470,798,1,644,18.6958713531494,295.090209960938,14.3586330413818,27.4590606689453
85.4399930126019,22.1305600352425,2471,799,1,607,16.0257587432861,282.363220214844,9.88974380493164,20.4939022064209
85.4400830461403,22.1300873801171,2472,799,1,610,15.443058013916,270,13.1048736572266,20.2731342315674
85.4964712746071,22.1305206812674,2473,800,1,623,15.7540073394775,21.5444889068604,10.2934217453003,20.3224010467529
85.4961865302627,22.1310313055566,2474,800,1,610,16.2624797821045,46.4739265441895,16.7679481506348,23.0434379577637
85.4984240933294,22.1328658794621,2475,801,1,615,23.6161460876465,290.301116943359,10.1345367431641,31.6543827056885
85.4984899744612,22.1335935916603,2476,801,1,614,21.9289817810059,292.767425537109,22.4352912902832,29.2916374206543
85.4980760134825,22.1325152273349,2477,801,1,610,17.7149505615234,283.35791015625,18.5014362335205,22.9564800262451
85.4976715454881,22.1313735349877,2478,801,1,618,15.3347272872925,312.283752441406,6.90033149719238,20.9045448303223
85.4985588178252,22.1309723289141,2479,801,1,647,16.3533725738525,303.019165039062,14.2356357574463,23.3880310058594
85.4982270153261,22.1316645364633,2480,801,1,627,19.0312004089355,288.001129150391,6.59588623046875,26.0192241668701
85.4976923091703,22.1332622610651,2481,801,1,590,15.4788961410522,297.319702148438,7.78973388671875,19.8242282867432
85.4984301031101,22.1343650728139,2482,801,1,600,15.4495325088501,271.700164794922,11.2720775604248,20.2977828979492
85.4983730412338,22.1305458250645,2483,801,1,643,15.4854488372803,290.803375244141,8.16432094573975,22.1133441925049
85.526964383187,22.1312715535928,2484,802,1,523,6.91254281997681,32.2802734375,16.8346405029297,9.5916633605957
85.5263667474322,22.1308009591971,2485,802,1,540,15.831503868103,10.5250844955444,11.291446685791,21.6101837158203
85.5271328133292,22.1308075394925,2486,802,1,535,18.0747661590576,28.4333477020264,11.9156217575073,25.059928894043
85.527640616454,22.1309856639851,2487,802,1,521,12.9533824920654,22.0445404052734,17.6437301635742,19.2093734741211
85.475128751336,22.1303039626175,2488,803,1,596,16.6312599182129,69.9317855834961,10.4965963363647,22.8254241943359
85.4751961552808,22.1297888198869,2489,803,1,605,14.5843992233276,78.1794891357422,12.6936111450195,18.7616634368896
85.4765506977713,22.1303134251059,2490,804,1,580,15.612340927124,31.6816635131836,15.5112686157227,21.1187114715576
85.4770462613149,22.1298166038976,2491,804,1,585,9.79524707794189,46.4739265441895,13.4265117645264,16.7032928466797
85.4771183114962,22.1305503207843,2492,804,1,562,11.1027221679688,44.7378158569336,8.82275772094727,17.8605709075928
85.5281497997903,22.1307193011897,2493,805,1,518,15.4854488372803,69.1966247558594,7.99084663391113,20.3715496063232
85.5279731841142,22.1302803847603,2494,805,1,518,13.5096406936646,98.8346099853516,8.68051052093506,17.6068172454834
85.4952616276781,22.1309023862573,2495,806,1,610,17.3492412567139,287.568298339844,12.3600654602051,23.1084403991699
85.495662439802,22.1314401325185,2496,806,1,609,15.5351457595825,306.153289794922,7.88458633422852,21.6333084106445
85.4954224767971,22.1303134995756,2497,806,1,623,19.0417003631592,278.883514404297,8.60829162597656,24.556058883667
85.4956451179358,22.1298502437244,2498,806,1,624,15.9577550888062,274.935150146484,8.12438201904297,21.4476108551025
85.4536396735523,22.1307562808037,2499,807,1,625,15.0093240737915,93.5066680908203,11.3163471221924,20.1742401123047
85.4532993538538,22.1303073990897,2500,807,1,636,16.9055194854736,96.1953125,4.37223052978516,22.97825050354
85.4527461046783,22.1298928659092,2501,807,1,649,18.0481662750244,109.85986328125,12.6959781646729,24.7184143066406
85.4532329959732,22.1297937368864,2502,807,1,637,19.0282402038574,110.166641235352,10.356819152832,24.6373691558838
85.4530442037923,22.130702837155,2503,807,1,642,15.4109964370728,80.5835876464844,7.1037425994873,19.3649158477783
85.5479049845317,22.1306002609771,2504,808,1,546,16.0878810882568,191.21940612793,8.01344013214111,21.5638580322266
85.5474213671395,22.1307689266095,2505,808,1,539,15.0298137664795,205.724731445312,11.7858037948608,20.2484569549561
85.4374096227526,22.1293260068989,2506,809,1,578,15.2358055114746,332.638977050781,11.5433464050293,19.8242282867432
85.5085617297868,22.129950723164,2507,810,1,525,15.2146711349487,89.1362380981445,7.89117336273193,19.4422225952148
85.5397479426167,22.1316576388543,2508,811,1,518,16.5903587341309,31.4380722045898,16.4782581329346,25.6124973297119
85.5400838851998,22.1305720160592,2509,811,1,514,18.8307285308838,90.6888427734375,29.6227130889893,31.9530906677246
85.5402804582052,22.13159606917,2510,811,1,508,10.5113973617554,50.1482810974121,26.1164398193359,20.9761772155762
85.5399543045061,22.1310616443248,2511,811,1,530,18.7561683654785,72.4317016601562,24.1643753051758,30.0832176208496
85.5398857868088,22.1299626944499,2512,811,1,529,18.0044441223145,95.0660705566406,17.7836647033691,24.3515911102295
85.54767589342,22.1350156037814,2513,812,1,574,17.0815925598145,325.814117431641,19.3672332763672,24.4131107330322
85.5490976698214,22.1353522531732,2514,812,1,542,24.9936237335205,37.6705932617188,13.6386604309082,34.2636833190918
85.5470377999244,22.1353081188775,2515,812,1,555,16.7333335876465,330.78125,13.3841314315796,22.1133441925049
85.5491713293857,22.1327654047626,2516,812,1,582,15.3779592514038,118.491333007812,5.87572860717773,24.0416297912598
85.5504223984621,22.1344870130485,2517,812,1,537,16.895435333252,63.5482788085938,4.32456970214844,21.2837963104248
85.5502105113254,22.1352636016181,2518,812,1,538,16.3064193725586,38.2951583862305,8.48615837097168,25.1594905853271
85.5506018003707,22.1308067381658,2519,812,1,544,17.3123970031738,129.150405883789,16.9159526824951,22.8035087585449
85.5506879330206,22.1330178875307,2520,812,1,542,19.1747894287109,96.7709579467773,8.75006866455078,25.5538654327393
85.550978302821,22.1315698096779,2521,812,1,528,20.0047740936279,95.1689071655273,23.2323303222656,28.4956130981445
85.5512066176543,22.1322154548021,2522,812,1,532,18.3865013122559,90.7067337036133,18.4662094116211,24.3721160888672
85.5780946736213,22.1302080109379,2523,813,1,484,13.7757635116577,260.37353515625,10.1969690322876,20.4205780029297
85.5781954785746,22.1306611052699,2524,813,1,484,15.4109964370728,260.583587646484,11.4685964584351,20.6155281066895
85.4400729667576,22.1290415269029,2525,814,1,618,15.6132612228394,317.185455322266,7.01698970794678,20.3960781097412
85.4983394410139,22.129455250501,2526,815,1,659,16.7841987609863,306.733795166016,7.11131286621094,22.4944438934326
85.4987600761587,22.129732030378,2527,815,1,664,16.0645408630371,308.788909912109,13.4914178848267,22.8910465240479
85.4539854344329,22.1292126825742,2528,816,1,626,17.8663063049316,27.0838394165039,13.5941343307495,24.9599685668945
85.4531267217687,22.1288469784136,2529,816,1,655,11.0466289520264,329.433624267578,12.8475427627563,22.6053085327148
85.4536579928821,22.1288357924584,2530,816,1,643,14.4091768264771,57.142219543457,11.7455148696899,20.3715496063232
85.5373253764724,22.1299727070861,2531,817,1,531,18.351770401001,278.529266357422,19.5707397460938,25.1793575286865
85.5379918459178,22.1307411508042,2532,817,1,532,16.768404006958,348.430541992188,13.2815799713135,22.912878036499
85.5372540313168,22.1306557737989,2533,817,1,523,18.8150787353516,310.525360107422,16.675464630127,25.337718963623
85.5367393811351,22.1297675589881,2534,817,1,514,16.7841987609863,306.733795166016,16.8025856018066,21.7255611419678
85.5376472496501,22.1303651816188,2535,817,1,536,10.5113973617554,309.851715087891,24.6702175140381,17.3781471252441
85.5395558704395,22.1296055697823,2536,818,1,525,12.0964918136597,133.526077270508,14.5968761444092,20.1246109008789
85.5495128672383,22.1298160239237,2537,819,1,533,15.9366588592529,172.180801391602,6.03400421142578,22.158519744873
85.4692067308939,22.1309345060268,2538,820,1,540,18.4118366241455,238.849685668945,8.93299674987793,24.2074375152588
85.4692718847013,22.1291692332826,2539,820,1,530,16.0012722015381,276.567596435547,6.9528865814209,20.688159942627
85.4691543155382,22.1302189647384,2540,820,1,530,17.538745880127,259.536010742188,10.074800491333,22.8035087585449
85.4692044467368,22.1296977727898,2541,820,1,530,17.0401630401611,269.233551025391,7.90327262878418,21.6794834136963
85.4692223157329,22.1286972302659,2542,820,1,532,13.1254863739014,258.848022460938,8.68429756164551,18.1383571624756
85.4687389995888,22.130784859263,2543,820,1,530,17.149112701416,234.224960327148,13.5298414230347,22.7815723419189
85.5275897438172,22.1293490277453,2544,821,1,534,15.443058013916,90,15.649395942688,20.4205780029297
85.5271363816995,22.1296591334297,2545,821,1,544,15.8511629104614,103.35791015625,9.8934497833252,22.0907211303711
85.5276274409352,22.1300141375931,2546,821,1,533,19.49147605896,90,5.23688507080078,24.9599685668945
85.4768373895583,22.1292286149808,2547,822,1,591,16.0878810882568,11.2194137573242,15.2155494689941,24.556058883667
85.4762308830023,22.1292574776931,2548,822,1,595,18.1163501739502,12.1866102218628,13.4859848022461,25.6320114135742
85.4761345686912,22.1287809037262,2549,822,1,613,8.41021537780762,3.34741616249084,18.7233066558838,11.1803398132324
85.4772073600474,22.1288252194583,2550,822,1,598,17.6486721038818,19.8270225524902,10.647011756897,23.3238067626953
85.4976394543406,22.1293147647561,2551,823,1,641,16.5561676025391,316.965759277344,11.4470767974854,22.6274166107178
85.4830799825335,22.1293017309152,2552,824,1,600,15.8812351226807,353.903472900391,13.5230770111084,25.6124973297119
85.4826616584238,22.1290007695693,2553,824,1,616,16.2721652984619,4.24028587341309,15.5412549972534,22.9346904754639
85.48350913985,22.1290810800251,2554,824,1,615,14.5454444885254,332.237213134766,16.6138496398926,23.8746719360352
85.5244160890179,22.1296215362466,2555,825,1,525,15.5012283325195,264.911437988281,6.82350158691406,19.5959186553955
85.5243336267236,22.1291035711877,2556,825,1,522,15.3542242050171,253.519226074219,11.1718130111694,19.3649158477783
85.5036786088912,22.1287737069035,2557,826,0,615,16.1226959228516,186.860977172852,13.5698871612549,22.472204208374
85.5037537202724,22.1293176507239,2558,826,0,628,10.8690853118896,144.232879638672,17.5785713195801,15.8429794311523
85.5032828892083,22.129082494474,2559,826,0,630,13.6004457473755,178.977691650391,13.4657230377197,19.5448207855225
85.5796070016773,22.1296913875425,2560,827,1,472,14.3878192901611,172.263854980469,16.893611907959,20.5182838439941
85.5790331215657,22.1295851064561,2561,827,1,472,15.8395147323608,175.637283325195,19.6036224365234,24.8997993469238
85.5782663700981,22.1297163355172,2562,827,1,473,12.6489782333374,194.47966003418,16.8197498321533,18.4390888214111
85.4776366904755,22.1286322032246,2563,828,1,604,15.4250907897949,24.9856338500977,11.407431602478,20.2731342315674
85.5251893393098,22.1291429364912,2564,829,1,539,15.3020992279053,225.228820800781,9.53507804870605,20
85.4649749975413,22.1295645055711,2565,830,1,558,16.2051582336426,95.6672439575195,12.8301334381104,21.2837963104248
85.464788625315,22.1307080930216,2566,830,1,576,15.6868934631348,87.4898529052734,7.42742824554443,19.7737197875977
85.465668553587,22.1307988262584,2567,830,1,546,18.7757205963135,117.27661895752,16.0006809234619,24.6373691558838
85.4661388717415,22.1318930486434,2568,830,1,535,23.2283210754395,77.3077621459961,11.3608703613281,31.3528308868408
85.464069767387,22.1289473077081,2569,830,1,573,21.9062805175781,77.6367721557617,23.220853805542,37.1348876953125
85.4657528435281,22.1314728667519,2570,830,1,547,18.6102848052979,71.5449066162109,16.4069347381592,24.4744758605957
85.4647004009262,22.1301438109534,2571,830,1,575,18.7483386993408,109.768180847168,6.8729076385498,25.5342903137207
85.4652897560092,22.13029848753,2572,830,1,555,16.0865268707275,117.979949951172,16.0843925476074,20.2484569549561
85.4654716864034,22.1327497405803,2573,830,1,547,17.516902923584,55.1411781311035,8.41486358642578,23.3238067626953
85.4661350179268,22.1324779094096,2574,830,1,531,19.0706481933594,87.2809829711914,11.6799755096436,24.7184143066406
85.5859575294268,22.1301526351351,2575,831,1,501,17.1545810699463,83.1345748901367,14.167839050293,22.715633392334
85.5852896489069,22.1296716316499,2576,831,1,502,20.9312419891357,175.469085693359,13.0233535766602,28.65309715271
85.5830656132436,22.1296607992167,2577,831,1,474,18.4865245819092,218.295166015625,15.6393737792969,25.826343536377
85.5859840556115,22.1311933136773,2578,831,1,499,12.863489151001,112.149757385254,16.417667388916,17.2626762390137
85.5858112258045,22.1307582591505,2579,831,1,496,20.051290512085,78.9909973144531,11.5267353057861,27.3861274719238
85.5825460499984,22.1296192550956,2580,831,1,467,16.3661975860596,172.3984375,21.7700843811035,26.3628520965576
85.5841703579538,22.1297151588721,2581,831,1,493,21.7116374969482,206.388610839844,8.341552734375,29.3938770294189
85.5846798410122,22.1295317408285,2582,831,1,497,22.3580265045166,203.502319335938,5.60302925109863,30.7245826721191
85.5818148011796,22.1297444224374,2583,831,1,471,13.8200759887695,180,21.9603080749512,21.6794834136963
85.5836843882806,22.1296147352894,2584,831,1,486,18.8497619628906,198.426574707031,7.50960922241211,26.0192241668701
85.4672814005177,22.1282564267043,2585,832,1,537,15.2818193435669,124.764762878418,4.46523284912109,19.9248580932617
85.4693699573288,22.1283503305186,2586,833,1,535,16.0752449035645,253.467971801758,15.0323781967163,20.8086528778076
85.5254909552961,22.1287830953543,2587,834,1,539,15.5506248474121,212.881408691406,8.92545318603516,21.023796081543
85.5874983256629,22.1290985945411,2588,835,1,468,16.3625411987305,112.149765014648,16.331356048584,22.7596130371094
85.5874884619078,22.1295723418886,2589,835,1,472,16.6312599182129,110.068214416504,8.33517360687256,21.6794834136963
85.4222564420607,22.1275651441041,2590,836,1,497,15.2935638427734,263.975494384766,8.64797687530518,19.9749851226807
85.4463444750077,22.1281957780588,2591,837,0,616,9.46965789794922,332.237213134766,9.49141502380371,17.2336883544922
85.446917869243,22.1279833723279,2592,837,0,617,13.6295166015625,327.7197265625,17.1472434997559,22.8691940307617
85.44567394022,22.1276798019159,2593,837,0,629,18.5990791320801,20.2626667022705,14.7555274963379,26.9258232116699
85.4455788134285,22.1281408674987,2594,837,0,620,14.7105169296265,38.6648216247559,19.079891204834,22.4499435424805
85.4462501768822,22.127719128866,2595,837,0,613,9.63298606872559,32.2802734375,12.1063079833984,23.2808933258057
85.4470778936763,22.1284239994077,2596,837,0,617,12.7647657394409,330.304870605469,17.4272842407227,23.5372047424316
85.4977808494217,22.1283464194321,2597,838,1,670,16.2178382873535,336.379028320312,7.09682273864746,21.7255611419678
85.4340181804521,22.127370965679,2598,839,1,616,16.9944267272949,298.877349853516,6.97571849822998,21.9089031219482
85.4341472173956,22.1278107461659,2599,839,1,610,15.8877048492432,296.522094726562,12.6495037078857,20.688159942627
85.4902194088909,22.1286635353325,2600,840,1,627,19.7079010009766,102.560325622559,20.7304153442383,29.1376037597656
85.4903432841401,22.1293841676541,2601,840,1,629,15.9078435897827,91.6486740112305,22.4108829498291,25.7681980133057
85.4896398201249,22.1278633742213,2602,840,1,621,16.7767105102539,146.054931640625,8.97119522094727,22.4499435424805
85.4905982688244,22.1289582347913,2603,840,1,613,21.1033229827881,95.486442565918,19.2261543273926,29.4108829498291
85.4902582102349,22.1281650953843,2604,840,1,619,18.4327068328857,125.321510314941,13.3714981079102,26.3058929443359
85.5679557382383,22.1285931657732,2605,841,1,544,15.5288791656494,336.178283691406,10.208930015564,20.5426387786865
85.4418370704468,22.1288163047142,2606,842,1,652,15.6617670059204,348.454559326172,8.67192268371582,22.2036037445068
85.4410079508375,22.1277547628193,2607,842,1,642,19.0282402038574,249.833358764648,15.4055004119873,25.4165306091309
85.4408470722753,22.1286702759147,2608,842,1,648,16.4294147491455,301.894104003906,8.13114547729492,23.9374179840088
85.4400481802567,22.1283920957554,2609,842,1,620,15.3509254455566,248.076675415039,13.1410799026489,19.5448207855225
85.4405959062315,22.1282419417985,2610,842,1,639,17.6536388397217,247.264236450195,13.3471088409424,24
85.4401781353171,22.1278983870008,2611,842,1,620,8.95534038543701,248.639221191406,18.2737560272217,15.3948040008545
85.4405064956186,22.1289925890768,2612,842,1,634,16.2818393707275,312.359680175781,5.9930591583252,21.8632106781006
85.4716227280432,22.1274961277267,2613,843,0,574,12.863489151001,247.850250244141,8.36827278137207,17.1464290618896
85.5868191676209,22.128498067495,2614,844,1,467,17.1216011047363,121.268981933594,12.2285985946655,22.158519744873
85.5871641434598,22.1288753753173,2615,844,1,464,16.5277366638184,147.437866210938,19.7567710876465,25.4950981140137
85.5856979047418,22.128668576602,2616,845,1,474,17.4062824249268,186.32389831543,4.01521492004395,22.538854598999
85.4414010042581,22.1305528179444,2617,846,1,612,17.5016460418701,341.648773193359,14.3948707580566,23.5584373474121
85.4461904366947,22.1271754808937,2618,846,1,635,22.2599353790283,24.285306930542,7.8957633972168,30.9515743255615
85.4440503968041,22.1288054520096,2619,846,1,633,25.2812824249268,26.6042919158936,15.0396862030029,35.5246391296387
85.4438853967263,22.1303631144702,2620,846,1,592,15.4109964370728,80.5835876464844,9.18497276306152,19.7230834960938
85.4415511139593,22.1310883813702,2621,846,1,590,19.8600120544434,357.260162353516,18.704044342041,29.1547603607178
85.443280987709,22.1304032926926,2622,846,1,607,21.0086288452148,75.1540908813477,10.7752838134766,28.195743560791
85.4441186256533,22.1299549342739,2623,846,1,587,13.3177652359009,55.1411781311035,16.3530044555664,17.5499286651611
85.4449998733801,22.1282538257741,2624,846,1,627,31.088846206665,48.7342834472656,13.8995208740234,44.4297180175781
85.4474690074908,22.1277268364779,2625,846,1,648,20.5094623565674,333.992614746094,30.9279937744141,40.8778686523438
85.442391939279,22.1312897872863,2626,846,1,581,11.9293279647827,351.777404785156,29.3952827453613,16.4924221038818
85.5145993046593,22.1285899987185,2627,847,1,513,15.9148483276367,110.18726348877,17.3591842651367,25.9615097045898
85.5143101454905,22.1276090795499,2628,847,1,525,15.227855682373,92.5897216796875,7.03951072692871,19.570384979248
85.5143824290127,22.128119983345,2629,847,1,525,17.2871227264404,86.9794006347656,17.1865463256836,22.9564800262451
85.4269698073944,22.1272010946113,2630,848,1,511,16.0056114196777,350.472229003906,7.18741607666016,22.4053573608398
85.4274729265346,22.1271134487803,2631,848,1,515,17.3772506713867,334.685546875,5.58908653259277,23.2808933258057
85.4282767999124,22.126925893633,2632,848,1,530,15.4482097625732,353.722930908203,8.1218843460083,20.856653213501
85.4264307501785,22.1271591943459,2633,848,1,515,15.5852813720703,1.77361750602722,5.77795219421387,21.1896209716797
85.4271688272633,22.1267482452492,2634,848,1,521,16.0878810882568,348.780578613281,12.1005535125732,21.4476108551025
85.4660902984541,22.127718449331,2635,849,1,555,22.7155952453613,130.269439697266,20.1256446838379,31.6069622039795
85.4657717397703,22.1289666063359,2636,849,1,573,16.4344043731689,28.8757400512695,17.8496227264404,26.608268737793
85.4664635039689,22.1290573326724,2637,849,1,548,17.7644462585449,53.9377937316895,13.3460454940796,23.7697277069092
85.4660596270531,22.1271582722325,2638,849,1,547,16.0257587432861,102.363227844238,7.4744758605957,22.2036037445068
85.4661666740065,22.1286451366506,2639,849,1,571,19.6416797637939,75.3612289428711,19.9796142578125,29.8496227264404
85.4664839095826,22.128131415717,2640,849,1,548,26.8497657775879,116.451713562012,20.4434642791748,36.864616394043
85.4652137735253,22.1288251304273,2641,849,1,571,16.768404006958,348.430541992188,14.8007392883301,22.715633392334
85.4371456991946,22.1266327971116,2642,850,1,654,15.3412027359009,320.997314453125,10.9093265533447,22.8691940307617
85.4367908620582,22.1270396043931,2643,850,1,639,15.8211755752563,335.714691162109,8.26137924194336,22.5610275268555
85.4739868734493,22.1273228503912,2644,851,1,611,15.4886951446533,258.910797119141,9.74568462371826,19.9499378204346
85.473827779226,22.1268884084863,2645,851,1,611,15.9265842437744,266.705383300781,6.55080509185791,20.0997505187988
85.4556131668459,22.1269702508904,2646,852,1,641,12.4731349945068,130.444641113281,12.7990837097168,17.0293865203857
85.4681680729713,22.1268325554487,2647,853,1,532,17.3577861785889,10.3420352935791,7.64854049682617,22.97825050354
85.4676482179693,22.1270809593573,2648,853,1,524,8.94654273986816,24.285306930542,17.97825050354,15.3297100067139
85.5317585558418,22.1274940535722,2649,854,1,516,16.1245098114014,76.0491485595703,16.3124847412109,23.643180847168
85.4554959924877,22.126498631279,2650,855,1,640,15.2362670898438,104.826522827148,14.9097499847412,19.9248580932617
85.5064827077826,22.12688314613,2651,856,1,539,16.6508769989014,78.9352645874023,8.27415943145752,21.5406589508057
85.4362803917185,22.1261930906702,2652,857,0,656,13.3847274780273,2.07915925979614,13.1636848449707,18.6010761260986
85.4683878623103,22.1263354948109,2653,858,1,544,15.655312538147,39.1609535217285,5.87037181854248,20.2977828979492
85.495845018183,22.1280253083734,2654,859,1,643,15.5152082443237,285.416564941406,21.4898681640625,28.9309520721436
85.4961460529872,22.1285584101838,2655,859,1,647,16.2818393707275,312.359680175781,12.2639455795288,21.6101837158203
85.4961100006545,22.1270691216387,2656,859,1,661,17.7076148986816,295.071441650391,14.1274547576904,24.8596057891846
85.4957264745541,22.1264410428281,2657,859,1,670,17.1196708679199,294.370330810547,12.7386341094971,22.427661895752
85.496233197274,22.1265803056852,2658,859,1,678,18.1874694824219,296.695587158203,20.8333148956299,28.0356922149658
85.4960114646178,22.1275966262013,2659,859,1,661,15.8636932373047,279.131652832031,9.79308700561523,21.023796081543
85.4394863497662,22.1299427013658,2660,860,1,601,12.9358901977539,275.120391845703,12.4494533538818,25.6515102386475
85.439853572308,22.126610117496,2661,860,1,641,18.0747661590576,28.4333477020264,23.5092582702637,25.5734233856201
85.4345159027385,22.1287794898746,2662,860,1,587,19.1977157592773,26.50563621521,16.8321342468262,26.4196891784668
85.4377562661203,22.127677884652,2663,860,1,635,18.7242450714111,352.683685302734,21.3844966888428,25.5538654327393
85.4384031282721,22.1280238305147,2664,860,1,628,22.8499412536621,352.939239501953,19.890453338623,33.2716102600098
85.4371232596706,22.1276074477134,2665,860,1,636,15.4236927032471,302.342803955078,16.5019340515137,23.3238067626953
85.4391423884039,22.1262070022748,2666,860,1,671,15.1492929458618,81.2901000976562,20.9341201782227,25.0998001098633
85.4388995927178,22.1277507919374,2667,860,1,641,19.4438209533691,2.80344605445862,32.6839027404785,27.6043472290039
85.436519336354,22.1277503592272,2668,860,1,619,16.6768531799316,2.47744131088257,19.7519187927246,22.0454082489014
85.4394362968841,22.1270069522443,2669,860,1,640,28.5686264038086,57.1712188720703,19.4045238494873,40.5092582702637
85.4422506107563,22.126295671349,2670,861,1,659,21.3836822509766,296.758636474609,24.4512596130371,30.8220691680908
85.440733102845,22.1258462126303,2671,861,1,635,21.652379989624,352.502807617188,24.2771663665771,34.3947677612305
85.4419035126488,22.1255419691555,2672,861,1,669,20.5691394805908,327.273956298828,26.3981132507324,29.5127086639404
85.4423329146817,22.1268396624626,2673,861,1,649,14.8568391799927,257.503692626953,10.9036674499512,21.2837963104248
85.4413236990983,22.1260463956072,2674,861,1,632,14.9341592788696,327.7197265625,26.7397308349609,21.470911026001
85.4417310938004,22.1262966445514,2675,861,1,633,12.7621955871582,283.610168457031,21.0926704406738,20.3960781097412
85.4412809807051,22.1255933835078,2676,861,1,662,25.3997821807861,345.25390625,23.5923748016357,38.0394515991211
85.514542658529,22.1261555692095,2677,862,1,523,16.8123722076416,90,5.08265113830566,21.2602920532227
85.5146736811603,22.1269500502292,2678,862,1,522,15.4109964370728,80.5835876464844,9.4143533706665,19.6468830108643
85.4560447554852,22.1258283308881,2679,863,1,628,16.0406436920166,3.44283390045166,15.3704290390015,24.145393371582
85.4557593439522,22.1254341319333,2680,863,1,642,15.3617868423462,0.900254905223846,13.9965019226074,22.4499435424805
85.4955849898629,22.1259022179023,2681,864,1,674,15.3196067810059,319.755920410156,8.25953388214111,20.4205780029297
85.566777077233,22.1274535244363,2682,865,1,535,15.5787544250488,282.743072509766,17.2057991027832,22.472204208374
85.5670177919268,22.1267161961261,2683,865,1,549,15.1304931640625,283.146606445312,13.2738513946533,20.44504737854
85.5670432707147,22.1282376255545,2684,865,1,542,15.9982089996338,295.403747558594,10.2243413925171,21.2602920532227
85.5671937268903,22.1277744659468,2685,865,1,546,15.8511629104614,283.35791015625,13.5167770385742,23.1084403991699
85.5667979990657,22.126275504483,2686,865,1,557,17.239387512207,293.351837158203,7.7493839263916,22.2485961914062
85.5672328380233,22.1272457036473,2687,865,1,549,17.7644462585449,306.062194824219,16.3890991210938,24.2693214416504
85.4919585498651,22.1257721449946,2688,866,1,654,17.2838134765625,347.175903320312,10.1036577224731,24.2693214416504
85.4915299441619,22.125992201741,2689,866,1,646,13.2408361434937,332.702270507812,12.4424924850464,18.3303031921387
85.4925311795449,22.1258072302229,2690,866,1,660,15.9180030822754,328.012969970703,9.93335437774658,22.6936111450195
85.4949811012487,22.1255966818621,2691,867,1,669,15.6514110565186,312.310150146484,8.50796413421631,20.2731342315674
85.4648338523565,22.1263883341398,2692,868,1,582,18.0010395050049,115.403739929199,12.8958072662354,23.345235824585
85.4607567948811,22.1256785809157,2693,868,1,606,14.7026634216309,180,12.9880609512329,21.4941844940186
85.4589890626113,22.1255804870301,2694,868,1,605,19.2144584655762,179.29035949707,18.0810317993164,28.3548946380615
85.4642721182858,22.1257963576217,2695,868,1,587,21.7697849273682,159.103546142578,26.7101783752441,35.6931381225586
85.460015990953,22.1260677158649,2696,868,1,623,15.0037641525269,139.894027709961,15.1461620330811,20.0249843597412
85.4631369150367,22.1259470833071,2697,868,1,602,11.9387083053589,165.819488525391,12.1336793899536,16.3401355743408
85.4588461912592,22.1260678875872,2698,868,1,630,15.5055046081543,188.049591064453,18.1533889770508,21.9544982910156
85.4619353782452,22.1254305886602,2699,868,1,595,18.9622001647949,172.056777954102,8.39243125915527,26
85.4637261588131,22.125391095474,2700,868,1,582,20.2782974243164,147.493347167969,20.5992050170898,28.7054004669189
85.465644825167,22.1269401790555,2701,868,1,559,17.0516471862793,92.2982559204102,7.14539337158203,21.4941844940186
85.4261052034061,22.1247454241307,2702,869,1,527,16.1439018249512,272.435302734375,14.2655582427979,23.7697277069092
85.4260572055133,22.1256265862513,2703,869,1,523,13.5096406936646,278.834594726562,10.751935005188,17.7482395172119
85.4263825926055,22.1251544763778,2704,869,1,538,18.3305816650391,290.273132324219,8.85116386413574,24.2899150848389
85.4258464337795,22.1251676460786,2705,869,1,528,18.2383651733398,280.756072998047,10.9210147857666,23.8117618560791
85.4415504582579,22.1248630547975,2706,870,1,678,15.1302089691162,335.476470947266,6.32520580291748,20
85.5004276480273,22.1265007709745,2707,871,0,607,12.6589260101318,92.0921936035156,10.3452472686768,21.0713081359863
85.4999736405514,22.126110793506,2708,871,0,608,12.8531723022461,100.351501464844,14.170711517334,21.4476108551025
85.5004704999673,22.1251065567225,2709,871,0,592,13.4756307601929,143.52766418457,17.1437110900879,26.2488098144531
85.4999979932148,22.124956708474,2710,871,0,592,14.5894155502319,125.648780822754,22.6056137084961,22.6715679168701
85.5004407578725,22.1256597030016,2711,871,0,596,13.6961107254028,149.092620849609,16.4853897094727,19.3390789031982
85.4999536087115,22.1267761739603,2712,871,0,609,13.2993650436401,111.360786437988,12.7960815429688,24.6779251098633
85.4999921461658,22.1254454655179,2713,871,0,592,11.0748920440674,112.149765014648,23.5943031311035,22.0907211303711
85.4671244217519,22.1248650075815,2714,872,0,586,10.6912469863892,2.62087512016296,15.0714588165283,20.2731342315674
85.4656018936627,22.1249315716759,2715,872,0,573,15.2358055114746,332.638977050781,12.0521392822266,28.7923603057861
85.4663125939903,22.1252122993116,2716,872,0,569,18.7577800750732,338.370849609375,25.7129688262939,26.5141468048096
85.4684968939789,22.1250335381811,2717,872,0,567,14.0468530654907,61.6265525817871,5.54637908935547,19.7230834960938
85.467432998063,22.1252575782102,2718,872,0,579,12.0446109771729,2.3188169002533,10.7723827362061,16.8522987365723
85.466220911101,22.1247271758099,2719,872,0,578,12.8462953567505,331.757385253906,15.0894241333008,23.8327503204346
85.4679010690019,22.1246180858084,2720,872,0,584,12.4222087860107,46.4739265441895,10.8138484954834,19.078784942627
85.4679398770839,22.1254984745814,2721,872,0,571,15.8211755752563,24.285306930542,10.1662139892578,21.7025337219238
85.4404633553725,22.1244385477818,2722,873,1,680,16.9747047424316,345.25390625,12.0728406906128,23.4093990325928
85.4391547048532,22.1245017653427,2723,873,1,675,18.1966514587402,350.171142578125,9.00241470336914,24.6170673370361
85.4397407187474,22.1242419631227,2724,873,1,686,15.7976589202881,0.874163568019867,13.0272665023804,21.4476108551025
85.4398448694747,22.1247321783707,2725,873,1,665,19.2144584655762,359.290374755859,9.15213203430176,26.2678508758545
85.4403606188933,22.1249600175853,2726,873,1,655,10.3933954238892,336.417022705078,10.2709274291992,21.3775577545166
85.440899013935,22.1249715597141,2727,873,1,665,10.7740621566772,315.316497802734,12.3059682846069,16.1245155334473
85.4950477727678,22.1281803071069,2728,874,1,627,15.2426443099976,327.412780761719,12.3504486083984,24.9599685668945
85.4904724794341,22.1258839667732,2729,874,1,638,24.4979553222656,309.036193847656,15.8654632568359,33.5559234619141
85.4896093499508,22.1254022020907,2730,874,1,627,19.0372333526611,346.987030029297,10.1204166412354,25.6124973297119
85.4924000646903,22.1283394481224,2731,874,1,603,15.3493061065674,337.826965332031,21.742338180542,25.5342903137207
85.4929270002297,22.1276024820237,2732,874,1,631,17.877254486084,322.005737304688,10.6801166534424,24.839485168457
85.4904681641691,22.1247274768151,2733,874,1,672,12.430643081665,302.642944335938,21.743335723877,21.5870323181152
85.4924747846329,22.1277943534586,2734,874,1,625,16.3099308013916,333.733215332031,6.92197799682617,22.1810722351074
85.4908299374084,22.1253027384619,2735,874,1,658,16.4060020446777,334.839630126953,16.1917095184326,22.1810722351074
85.4890038585006,22.1254098942707,2736,874,1,623,14.5410013198853,336.459655761719,12.2525024414062,20.0748596191406
85.4917776884426,22.1266654949918,2737,874,1,628,19.3297290802002,316.440673828125,9.87269020080566,26.3058929443359
85.4422953508003,22.1240647664339,2738,875,1,707,13.3277988433838,350.561737060547,6.69800853729248,18.2756671905518
85.5724885197297,22.1267281678289,2739,876,1,488,19.7121505737305,89.344352722168,31.48876953125,33.2716102600098
85.5739901679616,22.1271209141861,2740,876,1,496,23.6429386138916,162.794708251953,16.1769638061523,33.3766403198242
85.5756094144661,22.1293664088718,2741,876,1,517,16.9576358795166,97.7272720336914,19.2249298095703,26.2488098144531
85.5748959062754,22.1271845810714,2742,876,1,474,21.3491268157959,162.652481079102,18.5454406738281,31.2729911804199
85.5761238919883,22.1286981034613,2743,876,1,482,18.4817066192627,111.591796875,15.9247703552246,25.2982215881348
85.5755773190268,22.1282173815129,2744,876,1,502,20.2273483276367,100.255020141602,6.38871383666992,26.7581768035889
85.5749856852544,22.1277960977226,2745,876,1,514,15.754919052124,150.685607910156,21.7615089416504,24.3104915618896
85.5732968441229,22.1270822231297,2746,876,1,497,18.8592090606689,190.190093994141,13.2708692550659,25.9229621887207
85.576142324045,22.1278252143169,2747,876,1,478,17.2059707641602,110.945213317871,15.2817049026489,22.226110458374
85.5758534821205,22.1273866445604,2748,876,1,474,18.7623176574707,132.523223876953,14.1607093811035,25.8456954956055
85.4448041227421,22.1242936895149,2749,877,1,698,20.466646194458,66.0177764892578,14.391827583313,28.2842712402344
85.4445532085566,22.1251519855992,2750,877,1,686,15.8211755752563,24.285306930542,10.4054908752441,20.7846088409424
85.4446628020099,22.1238409546682,2751,877,1,702,17.6580581665039,74.3080596923828,15.0933656692505,26.0959758758545
85.4451844089398,22.12379612313,2752,877,1,693,12.4817523956299,77.1583480834961,16.6091423034668,17.4355964660645
85.4587341349447,22.1242216688361,2753,878,1,592,16.7052364349365,97.0624313354492,9.43690299987793,21.2837963104248
85.4584344467994,22.1251189226659,2754,878,1,605,14.5477733612061,86.3767547607422,13.802227973938,20.9045448303223
85.4588407785578,22.1248572024284,2755,878,1,597,14.1499633789062,117.087326049805,14.4808492660522,19.2873020172119
85.4589784092001,22.123681671136,2756,878,1,586,12.8298292160034,121.471313476562,9.97535514831543,17.2046508789062
85.4320119444918,22.123378776118,2757,879,0,624,16.2833003997803,304.154907226562,27.2262878417969,22.6274166107178
85.5050262919386,22.1244847610643,2758,880,1,555,15.2426443099976,32.5872116088867,10.371898651123,22.1810722351074
85.5059634916162,22.1237880021694,2759,880,1,551,12.5168514251709,82.5723114013672,11.2027769088745,17.2046508789062
85.5044770992801,22.1243460073243,2760,880,1,564,8.6292724609375,358.3701171875,21.1097412109375,15.9687194824219
85.5057364348272,22.1241924354335,2761,880,1,548,15.6188821792603,45.2553405761719,8.39839935302734,20.44504737854
85.5039627477711,22.1242235145818,2762,880,1,556,16.164909362793,326.565490722656,12.9506530761719,21.1423740386963
85.4334382899933,22.1234505959598,2763,881,0,658,14.9243974685669,292.6162109375,17.2767677307129,20.2484569549561
85.5897775530287,22.1243738071713,2764,882,1,449,19.7587127685547,230.269989013672,,25.4361953735352
85.4513928427248,22.1230141350459,2765,883,1,662,15.3046522140503,163.505676269531,11.023609161377,21.1423740386963
85.4519125328377,22.1229660175906,2766,883,1,658,15.9963369369507,163.376434326172,12.1718044281006,21.9544982910156
85.5399847149722,22.1236232569547,2767,884,1,530,15.1492929458618,278.709899902344,12.5882759094238,20.7123146057129
85.5695721603313,22.1247878671172,2768,885,1,558,15.4965877532959,167.41096496582,30.4523620605469,21.6101837158203
85.5650438101849,22.1241928448413,2769,885,1,496,25.2518215179443,197.028518676758,41.5347137451172,39.6106033325195
85.5689533073208,22.1238712321713,2770,885,1,517,19.7907238006592,172.417633056641,24.2192058563232,26.8700580596924
85.5644184647966,22.1253294691201,2771,885,1,514,16.8400630950928,234.376953125,10.6871290206909,22.7376346588135
85.5682334737575,22.1245731846086,2772,885,1,549,26.418830871582,187.990737915039,23.8136329650879,40.1995010375977
85.5714403093326,22.1252708868962,2773,885,1,519,20.2690906524658,108.781242370605,13.340446472168,26.9443874359131
85.5651913980653,22.1249071420601,2774,885,1,535,17.2060585021973,239.794021606445,37.4380760192871,26.68332862854
85.5709739043482,22.124064064954,2775,885,1,500,16.4206428527832,145.164703369141,13.6308441162109,22.0680770874023
85.5688771808924,22.1294694732515,2776,885,1,517,15.4032869338989,10.8365821838379,8.11382675170898,21
85.569866922701,22.127995701461,2777,885,1,535,24.6505584716797,70.1537017822266,26.0674858093262,38.7685432434082
85.5061944655779,22.1232020262629,2778,886,1,542,17.621618270874,101.918663024902,13.309663772583,23.7276210784912
85.4291652712286,22.1223787201721,2779,887,0,605,11.4229354858398,6.13181114196777,19.7081680297852,18.0277557373047
85.4301767156853,22.1222898518992,2780,888,0,636,17.2199192047119,312.426910400391,9.40219688415527,22.0454082489014
85.4906253553649,22.1234608145244,2781,889,1,685,18.8951644897461,291.059997558594,15.9891881942749,28.195743560791
85.4903915247931,22.1226805483102,2782,889,1,681,17.6019420623779,276.679046630859,10.1461906433105,22.6053085327148
85.4901699796753,22.1232049644849,2783,889,1,673,19.7237434387207,287.984741210938,16.5338401794434,28.1780052185059
85.4539133524025,22.1224496407012,2784,890,1,640,16.6637649536133,179.173721313477,6.71596908569336,22.2036037445068
85.4534258606722,22.1225770306331,2785,890,1,647,18.2528800964355,186.010070800781,9.42781639099121,25.7099208831787
85.4546318079663,22.1227680521295,2786,890,1,646,15.9281034469604,156.843200683594,8.19552803039551,22.158519744873
85.4613476015839,22.1228284860958,2787,891,1,590,18.0671043395996,6.83947324752808,12.7405548095703,26.3818111419678
85.4606752132345,22.1225515537393,2788,891,1,597,15.8355712890625,331.851440429688,12.1258039474487,21.2367610931396
85.4618692803708,22.1223312708954,2789,891,1,595,13.9544286727905,64.5962600708008,8.55648994445801,19.3649158477783
85.4619804262929,22.1230548844408,2790,891,1,569,17.0318717956543,29.5490455627441,23.0617332458496,28.1602554321289
85.4601715039828,22.1227554918793,2791,891,1,585,15.5917596817017,340.104461669922,12.391429901123,21.1660099029541
85.4273615833267,22.1221658670282,2792,892,0,594,14.8349761962891,276.220489501953,8.55777740478516,19.5448207855225
85.5057424718772,22.1229918283116,2793,893,1,550,15.984227180481,149.179779052734,9.44826412200928,22.2934970855713
85.5254061684456,22.1229577570716,2794,894,1,529,15.3090515136719,340.661987304688,14.3428802490234,22.6495037078857
85.4930582854728,22.1237464671474,2795,895,1,684,16.7843151092529,68.4685516357422,13.1724824905396,23
85.4930124682492,22.1228443718819,2796,895,1,695,17.7076148986816,64.9285507202148,20.0799598693848,25.2190399169922
85.4931990772863,22.1232765455666,2797,895,1,687,22.4115257263184,79.6915969848633,10.5930213928223,29.2745628356934
85.4933769078036,22.1223892628816,2798,895,1,691,16.4225368499756,52.2624435424805,10.936182975769,21.6101837158203
85.4973174910103,22.1231133255821,2799,896,1,688,15.4348678588867,51.4151458740234,7.45421409606934,26.5329990386963
85.4972450105931,22.1226438959465,2800,896,1,705,16.949068069458,74.3916778564453,17.8144187927246,24.556058883667
85.440055780015,22.1223355734198,2801,897,1,733,15.8395147323608,355.637268066406,8.18495559692383,20.9761772155762
85.4408836126043,22.1223163962459,2802,897,1,736,15.1464996337891,349.897644042969,9.21183109283447,20.4694900512695
85.4401277614286,22.1218634839878,2803,897,1,742,15.258415222168,352.7275390625,7.79552268981934,20.1990089416504
85.4879513961181,22.1224229041879,2804,898,1,640,15.9265842437744,266.705383300781,7.86611366271973,20.1742401123047
85.488173707624,22.1228251743533,2805,898,1,642,15.4495325088501,268.299835205078,8.99432373046875,20.3960781097412
85.4303099777439,22.1218624750288,2806,899,0,644,13.8612451553345,301.002197265625,15.9868392944336,22
85.4316448114816,22.121943217617,2807,900,0,674,12.1209049224854,353.073699951172,25.8144798278809,35.2278289794922
85.5270590538822,22.1228239940408,2808,901,1,548,15.5288791656494,336.178283691406,8.05503940582275,21.2837963104248
85.4959949805958,22.1227347019907,2809,902,1,688,17.4834079742432,288.990447998047,21.8008823394775,25.1793575286865
85.4963115928645,22.1221815375327,2810,902,1,703,15.4886951446533,258.910797119141,14.5749807357788,22.0227146148682
85.4962241164594,22.123144679135,2811,902,1,698,18.3547821044922,292.524475097656,16.3357620239258,25.3771553039551
85.4556165987179,22.1223137027575,2812,903,1,634,19.8240413665771,149.808227539062,12.6561756134033,30.3479824066162
85.4568674347309,22.1230874325178,2813,903,1,623,21.8256759643555,151.690780639648,13.8347816467285,31.3847103118896
85.4562239175503,22.1226409590639,2814,903,1,618,21.9048137664795,152.509353637695,12.6234111785889,31.30495262146
85.4580153421216,22.123716484218,2815,903,1,609,21.3106517791748,114.85977935791,8.67509460449219,28.9482288360596
85.4573826424739,22.1232055827944,2816,903,1,616,20.1862106323242,127.026397705078,11.8889408111572,26.1342678070068
85.4580695096707,22.1229879548316,2817,903,1,597,18.6775226593018,118.229583740234,7.70935249328613,26.77685546875
85.4557903510231,22.1229154236988,2818,903,1,640,16.8738842010498,138.022827148438,18.1112976074219,24.0416297912598
85.4552073284219,22.1219249213289,2819,903,1,615,17.4877300262451,152.237228393555,15.8209676742554,23.6220245361328
85.4546874811341,22.1222369295175,2820,903,1,633,16.0251998901367,166.086639404297,7.39593315124512,22.97825050354
85.5314073117464,22.1225033023976,2821,904,1,541,15.2935638427734,96.0245056152344,5.63243961334229,19.4164886474609
85.4337960717995,22.1212787658198,2822,905,1,721,15.0298137664795,334.275268554688,5.29471397399902,20.9761772155762
85.4606143462248,22.1215671816752,2823,906,1,609,16.5924301147461,320.401916503906,9.10740375518799,21.6794834136963
85.4637388943986,22.1216648576944,2824,907,1,606,15.4854488372803,249.196624755859,9.01197624206543,19.8746070861816
85.4897593311672,22.1219249927217,2825,908,1,662,15.6809186935425,255.624359130859,8.82199478149414,20.2237491607666
85.4618546745024,22.1216512754603,2826,909,1,602,18.7239112854004,42.4505767822266,9.4411792755127,24.4744758605957
85.4622976244515,22.1212899482195,2827,909,1,604,16.2618427276611,40.6247596740723,8.95030117034912,21.4242858886719
85.462341024769,22.1218097983685,2828,909,1,589,9.52134704589844,50.5392684936523,14.9876432418823,17.5499286651611
85.5014483073162,22.121759543118,2829,910,1,596,15.3020992279053,225.228820800781,5.74599838256836,21.5870323181152
85.5748521882255,22.1224429107618,2830,911,1,496,18.1076240539551,43.3471603393555,10.9556322097778,24.9198722839355
85.5744029525601,22.1226157172278,2831,911,1,493,15.6804733276367,30.4923629760742,11.6533727645874,20.7364406585693
85.5643435646529,22.1222614751405,2832,912,1,480,15.4689445495605,93.3973388671875,18.4685573577881,22.7376346588135
85.5644163214732,22.1227097308922,2833,912,1,480,15.0372133255005,101.443344116211,18.4685573577881,23.8537216186523
85.4284008215931,22.1218937645918,2834,913,0,621,6.54236221313477,295.403747558594,14.2131834030151,13.076696395874
85.4292275989436,22.1216797350792,2835,913,0,624,11.1750068664551,354.985992431641,20.7019901275635,20.3960781097412
85.4275776243668,22.122511791072,2836,913,0,600,14.3759136199951,294.575836181641,23.4995994567871,19.4422225952148
85.4284143792275,22.1207549566796,2837,913,0,631,14.9341592788696,327.7197265625,31.6764945983887,23
85.4283734230549,22.1225331013522,2838,913,0,612,14.4654083251953,342.471496582031,30.9681167602539,21
85.4284229687091,22.1212765881861,2839,913,0,626,8.50332641601562,322.678558349609,18.9189300537109,12.7279224395752
85.5125143697386,22.1227229856311,2840,914,1,566,21.0691947937012,26.6265716552734,17.1970329284668,30.9030742645264
85.5115212401468,22.1229244044865,2841,914,1,565,17.3628082275391,4.75134801864624,14.8779954910278,25.1594905853271
85.5130571977175,22.1223910714716,2842,914,1,565,19.9992542266846,48.3461647033691,11.4023036956787,27.658634185791
85.5109675417934,22.1227979470023,2843,914,1,568,15.467698097229,21.0249156951904,10.2953824996948,22.4499435424805
85.512080251804,22.1230876881702,2844,914,1,552,15.0298137664795,25.7247276306152,16.7105445861816,20.3469905853271
85.5132407808338,22.1219045988538,2845,914,1,567,17.0956497192383,79.2439193725586,11.9525880813599,21.5638580322266
85.5139034227082,22.1217152814893,2846,914,1,555,15.3360767364502,70.7982559204102,5.56063652038574,20.856653213501
85.474021653658,22.1218771049683,2847,915,1,630,18.1115112304688,239.073196411133,10.8336610794067,23.2808933258057
85.4743996031351,22.1211497749941,2848,915,1,625,15.8211755752563,204.285308837891,10.7959184646606,20.7364406585693
85.4739038265453,22.1211496347258,2849,915,1,620,15.6514110565186,227.689865112305,15.4021635055542,21.2602920532227
85.4639835221771,22.1210433692366,2850,916,1,612,15.9265842437744,273.294616699219,12.2652521133423,20.2237491607666
85.4638534392885,22.121514538371,2851,916,1,613,15.8636932373047,260.868377685547,13.3065776824951,20.6639785766602
85.4760247720021,22.1215052615647,2852,917,1,616,15.03675365448,123.327896118164,12.2738704681396,20.9761772155762
85.4763689081379,22.1211690834235,2853,917,1,601,15.6514110565186,132.310134887695,13.2113599777222,21.023796081543
85.4756702861796,22.1211600136538,2854,917,1,616,15.6345834732056,139.623657226562,9.69808959960938,21.6101837158203
85.5867965776198,22.1223450116889,2855,918,1,441,16.0748920440674,5.15650081634521,19.0550594329834,24.3104915618896
85.4679179830906,22.120847337676,2856,919,0,592,14.6618566513062,137.435089111328,8.51529121398926,23.9374179840088
85.467707545332,22.1213159875685,2857,919,0,601,13.3773317337036,136.392044067383,9.37263679504395,22.3383083343506
85.4964776387182,22.1214519503357,2858,920,1,712,16.8267250061035,15.7346878051758,21.7974872589111,24.1246757507324
85.4953473906108,22.1216746936419,2859,920,1,697,21.502986907959,357.488189697266,19.9428367614746,31.2089729309082
85.4939480138781,22.1213905279244,2860,920,1,717,19.8600120544434,357.260162353516,27.8596591949463,30.5286750793457
85.4932877435666,22.1216166946288,2861,920,1,706,17.247091293335,20.340311050415,19.7065505981445,23.8746719360352
85.4938972220128,22.122022305151,2862,920,1,688,15.6385688781738,22.674488067627,25.3496284484863,24.1039409637451
85.4948964767782,22.1214440331165,2863,920,1,713,23.8833427429199,360,17.6210803985596,33.823070526123
85.4959432973724,22.1215330752438,2864,920,1,714,22.893970489502,343.9794921875,14.0794219970703,31.2729911804199
85.4944161818415,22.1215563583064,2865,920,1,697,24.4941253662109,2.71518635749817,16.3420543670654,35.1710090637207
85.4828860422974,22.1213272609789,2866,921,1,607,15.3196067810059,319.755920410156,16.5399265289307,34.1467437744141
85.4834033194275,22.1212429746532,2867,921,1,619,18.6958713531494,295.090209960938,16.5399265289307,25.5734233856201
85.4831568531747,22.1217079019502,2868,921,1,619,17.9430904388428,293.109649658203,21.07004737854,26.343879699707
85.4479065206941,22.1212845096797,2869,922,1,678,16.9564476013184,37.4993743896484,11.5132713317871,22.6274166107178
85.447836332537,22.1205802154834,2870,922,1,687,15.349513053894,56.4520950317383,14.7980985641479,21.7485637664795
85.4491055603646,22.1205249851033,2871,922,1,679,18.0860729217529,21.7205848693848,7.5733642578125,24.0416297912598
85.4483787163257,22.120489418445,2872,922,1,686,19.7835254669189,18.9054946899414,9.27404403686523,26.7955226898193
85.5229882094344,22.1213538007391,2873,923,1,530,16.7392616271973,282.597961425781,15.1293201446533,22.538854598999
85.4632673791563,22.1207191626615,2874,924,1,604,11.1333141326904,360,15.0942249298096,15.1327457427979
85.4640018033441,22.1206784324483,2875,924,1,618,15.6827116012573,322.050506591797,16.5861015319824,21.3541564941406
85.4822319835324,22.1208525560516,2876,925,1,611,15.2220001220703,259.583160400391,29.3491287231445,23.7276210784912
85.5016971029339,22.1209353057829,2877,926,1,591,16.1351299285889,208.519271850586,8.23694610595703,22.158519744873
85.502351017095,22.1211697757085,2878,926,1,609,15.6188821792603,225.255340576172,15.5769748687744,21.3541564941406
85.5777717356807,22.1217320414014,2879,927,1,469,15.0170841217041,132.25617980957,11.4974250793457,20.0997505187988
85.5110084880441,22.121467444926,2880,928,1,590,15.1933631896973,69.6817932128906,8.96871185302734,19.8997478485107
85.5110519982664,22.1208282200893,2881,928,1,595,16.6508769989014,78.9352645874023,10.3660039901733,21.8174247741699
85.5142806038196,22.1212921644513,2882,929,1,547,16.1248207092285,80.2018737792969,6.16494846343994,21.023796081543
85.5142561411356,22.1208283821518,2883,929,1,551,15.0427894592285,84.7481918334961,7.86553764343262,19.3132076263428
85.424961370905,22.1200366750525,2884,930,1,542,16.2045154571533,281.391387939453,9.10394096374512,21.1660099029541
85.425281477509,22.1204339595067,2885,930,1,541,15.6253213882446,289.7041015625,12.1039409637451,22.2036037445068
85.4273233086862,22.1200536964393,2886,931,0,628,14.6101026535034,250.713150024414,22.8675804138184,18.4119529724121
85.4827905766844,22.1205619530946,2887,932,1,621,17.5344123840332,182.348892211914,19.055118560791,25.1396102905273
85.4833847299905,22.1204466005921,2888,932,1,620,16.5060367584229,185.014007568359,13.9129524230957,22.3830299377441
85.4723466267319,22.1203756598152,2889,933,0,578,14.6929578781128,278.995574951172,14.1438274383545,18.8679618835449
85.4724151760552,22.1208473951773,2890,933,0,577,12.724048614502,276.254425048828,10.7719764709473,16.2788200378418
85.4724102182561,22.1216371599184,2891,933,0,580,15.7962198257446,232.505661010742,19.0607070922852,22.2036037445068
85.4600046860026,22.1202447509607,2892,934,1,612,17.2251033782959,253.876541137695,6.15150260925293,21.6101837158203
85.4599164437489,22.120788874569,2893,934,1,612,17.057596206665,289.515045166016,5.29156303405762,21.7944946289062
85.4602613075543,22.1215104449151,2894,934,1,603,14.9843578338623,314.798858642578,8.11234092712402,19.8242282867432
85.4605140527567,22.1201991162375,2895,934,1,628,9.15472984313965,228.588195800781,13.5279321670532,18.0277557373047
85.4904583362493,22.1214117356372,2896,935,1,684,15.9148483276367,290.187255859375,19.2701053619385,21.3775577545166
85.4906257838342,22.1206589762916,2897,935,1,687,20.9814319610596,247.36393737793,17.1148643493652,27.7668876647949
85.4900773705593,22.1208735634152,2898,935,1,667,17.0401630401611,269.233551025391,12.851131439209,21.8403301239014
85.4902511976071,22.1202949836488,2899,935,1,671,15.4689445495605,266.602661132812,15.5734071731567,23.9374179840088
85.4869735918547,22.1204612065698,2900,936,1,660,15.6419734954834,5.30731153488159,5.93058204650879,21.2602920532227
85.4890240196384,22.1206230673695,2901,937,1,660,16.3457584381104,11.8907260894775,12.0421552658081,22.6053085327148
85.4895362402331,22.1202780874229,2902,937,1,665,15.4514846801758,15.3950500488281,7.75628852844238,20.8806133270264
85.4885419404782,22.1205427046515,2903,937,1,660,15.7234163284302,16.0205039978027,11.6261949539185,23.1516742706299
85.4537177775979,22.1208571438491,2904,938,1,638,16.2192974090576,54.6994132995605,8.40583515167236,21.6333084106445
85.4549258264218,22.1206819220528,2905,938,1,616,15.9895305633545,60.8910751342773,9.04094982147217,21.4476108551025
85.4529714824969,22.1212671237075,2906,938,1,637,18.2868213653564,61.0624046325684,15.1824474334717,23.8746719360352
85.454256828175,22.1207753779948,2907,938,1,629,15.1505851745605,28.571044921875,9.50353145599365,21.9089031219482
85.4550020128723,22.1202311921788,2908,938,1,620,15.1492929458618,81.2901000976562,9.4423885345459,19.7737197875977
85.4551054046613,22.1196751857143,2909,938,1,615,16.3821907043457,86.8020782470703,11.7262258529663,23.473388671875
85.4674526082197,22.1197841523568,2910,939,0,573,9.45326042175293,137.621292114258,12.7086448669434,13.3790884017944
85.4678110381153,22.120357798217,2911,939,0,575,11.4355020523071,138.584716796875,14.4116706848145,17.2626762390137
85.4679998787839,22.1197991061498,2912,939,0,573,10.7740621566772,135.316482543945,10.3866748809814,19.1049728393555
85.4707945557689,22.1303531420434,2913,940,1,573,16.5869617462158,269.211334228516,3.34381866455078,21.2602920532227
85.4717688216584,22.1241227143083,2914,940,1,559,21.496826171875,274.178833007812,22.1282901763916,31.7490158081055
85.4711526620633,22.1283101249156,2915,940,1,577,17.5856761932373,229.699981689453,10.741569519043,26.153392791748
85.4705420359079,22.1285984584047,2916,940,1,563,16.2051582336426,264.332763671875,6.9066162109375,21.4941844940186
85.4727854451756,22.1208887693163,2917,940,1,591,18.6281604766846,272.788635253906,12.0768413543701,25.0399684906006
85.4701089051511,22.1300133664685,2918,940,1,549,16.1439018249512,267.564697265625,5.69090270996094,20.856653213501
85.4753534365931,22.1204133940487,2919,940,1,602,22.6445045471191,164.393905639648,20.3381729125977,31.6701755523682
85.4738747074726,22.1256671667216,2920,940,1,610,15.1124095916748,302.097839355469,20.7018413543701,21.3307285308838
85.4720547609617,22.1203195539797,2921,940,1,569,20.1770095825195,273.197937011719,12.5450477600098,26.8514423370361
85.4732276428442,22.1224398001767,2922,940,1,616,24.6965560913086,260.247619628906,24.53200340271,32.9848442077637
85.4548046873033,22.1201625602785,2923,941,1,628,14.7941370010376,85.548225402832,7.498703956604,19.1311264038086
85.4547963436369,22.1196724489862,2924,941,1,626,15.345890045166,97.7272720336914,5.63167858123779,19.5959186553955
85.4847546595861,22.1200024907926,2925,942,0,642,14.4574422836304,297.461700439453,8.13263320922852,18.6815414428711
85.5022998373357,22.1201309040411,2926,943,1,575,17.1099967956543,208.473724365234,18.4906463623047,27.0185127258301
85.5026699439675,22.1205601188679,2927,943,1,594,12.8005647659302,217.440826416016,14.4321451187134,20.4694900512695
85.5042285545102,22.1222423048289,2928,944,1,554,20.3657855987549,90,28.9703464508057,32.3728294372559
85.5043746507671,22.1210406968873,2929,944,1,574,16.3533725738525,56.9808197021484,8.30798149108887,23.6008472442627
85.5047135665065,22.1200831317423,2930,944,1,576,15.2541790008545,85.6890106201172,4.94092750549316,19.3132076263428
85.504241000992,22.1202142007336,2931,944,1,584,16.6508769989014,78.9352645874023,5.89409637451172,21.3541564941406
85.5041169164074,22.1214462952992,2932,944,1,577,15.6809186935425,75.6243515014648,12.1662483215332,26.0959758758545
85.5039868813602,22.1226599265921,2933,944,1,570,19.7513771057129,74.0951538085938,22.2310409545898,29.068883895874
85.5044014351859,22.1197281637711,2934,944,1,585,16.6580486297607,84.4960021972656,5.04464912414551,21.0713081359863
85.4355335875441,22.1208057862373,2935,945,1,721,16.2051582336426,84.3327560424805,8.7178373336792,20.2977828979492
85.4350987040609,22.1195862599429,2936,945,1,745,16.0012722015381,96.5675964355469,5.15851974487305,21.5638580322266
85.4350065458197,22.1205051678186,2937,945,1,741,15.2818193435669,55.2352447509766,8.95522689819336,20.8086528778076
85.4353777421378,22.1200239648144,2938,945,1,735,16.1316184997559,90.8122024536133,9.93896675109863,21.023796081543
85.4353461675571,22.1190741802341,2939,945,1,734,15.9078435897827,91.6486740112305,9.15418434143066,21.3307285308838
85.4285737637846,22.1194540321491,2940,946,0,658,9.625,263.057098388672,20.8997611999512,16.6733322143555
85.4285813684451,22.1189522615322,2941,946,0,667,15.1304931640625,283.146606445312,17.7874984741211,35.8189888000488
85.4287830626001,22.1200822617367,2942,946,0,663,14.7683372497559,259.243927001953,25.8467102050781,23.7697277069092
85.4980298840316,22.119928793113,2943,947,0,681,14.2725944519043,125.465019226074,8.65447807312012,23.0434379577637
85.4983099142476,22.1195444248388,2944,947,0,672,16.3382263183594,142.863647460938,24.205680847168,26.343879699707
85.4272786723995,22.1189073260949,2945,948,0,606,15.3542242050171,253.519226074219,6.75853538513184,21.2837963104248
85.427135665582,22.1193751455849,2946,948,0,612,16.377965927124,231.115234375,9.34536743164062,21.6564083099365
85.504824576458,22.1193360976611,2947,949,1,584,8.33299541473389,22.5260963439941,13.6822490692139,17
85.5053030645492,22.119587291944,2948,949,1,571,17.1895637512207,23.868896484375,9.39597034454346,22.7376346588135
85.5070940385273,22.1201946899589,2949,950,1,575,16.0200500488281,358.277038574219,21.088695526123,26.4386081695557
85.5091293100588,22.1222573189381,2950,950,1,566,18.4489841461182,274.935150146484,14.730938911438,25
85.509056839144,22.1205092523159,2951,950,1,580,25.422384262085,290.710968017578,23.1594581604004,35.0570945739746
85.5065772549724,22.1202454833652,2952,950,1,573,16.6169986724854,321.542236328125,20.1668167114258,28.8270702362061
85.5076908688307,22.1194529114071,2953,950,1,597,9.18762111663818,339.700073242188,17.9241561889648,13.4536237716675
85.5093709266177,22.1215973700775,2954,950,1,584,27.5117015838623,279.515289306641,34.0330238342285,39.8748054504395
85.5095274672265,22.1209511675584,2955,950,1,590,27.5117015838623,279.515289306641,41.8935928344727,42.6028175354004
85.5080321632881,22.1198368560196,2956,950,1,578,16.2721652984619,355.759704589844,3.4400577545166,24
85.5078524158552,22.1206175023588,2957,950,1,549,9.90811347961426,344.226928710938,20.105297088623,22.1810722351074
85.484913671269,22.1209919625452,2958,951,1,630,16.2347297668457,285.516906738281,15.9875049591064,23.5584373474121
85.4837545820989,22.1192699925377,2959,951,1,630,16.9082546234131,312.405395507812,8.28080272674561,22.7376346588135
85.4843789539035,22.1205588711926,2960,951,1,626,15.4348678588867,308.584869384766,8.6596565246582,20.2237491607666
85.4851349720141,22.1194743081287,2961,951,1,669,14.9811954498291,295.403747558594,14.9398326873779,21.6564083099365
85.4847316717092,22.1202034225959,2962,951,1,639,15.4816999435425,307.364929199219,10.2148246765137,20.6155281066895
85.4832002025607,22.1193587815532,2963,951,1,623,15.4418287277222,341.788452148438,10.5370359420776,20.8326663970947
85.484108264242,22.1196265800313,2964,951,1,633,17.2098026275635,304.69287109375,4.59927749633789,22.226110458374
85.4844975230389,22.119180840731,2965,951,1,650,14.4669961929321,290.462921142578,7.79176425933838,19.4935894012451
85.4851960499595,22.1203591941355,2966,951,1,651,18.6341018676758,302.342803955078,14.0302972793579,26.68332862854
85.5706944373906,22.1200005623582,2967,952,1,530,19.5563278198242,353.0205078125,15.4773283004761,28.9309520721436
85.5701291623626,22.119766550543,2968,952,1,523,17.9917964935303,325.143524169922,9.69796752929688,26.2297534942627
85.5712154585976,22.1200816564676,2969,952,1,517,18.3724346160889,359.255310058594,14.3006143569946,24.9599685668945
85.5067492588283,22.1192190269803,2970,953,1,582,16.6617755889893,303.227020263672,7.73254299163818,21.2602920532227
85.4296772389946,22.118148238868,2971,954,0,696,15.3509254455566,248.076675415039,13.1177539825439,21.8174247741699
85.4297733360841,22.1186087587543,2972,954,0,705,14.313304901123,281.117889404297,14.793270111084,24.7588367462158
85.4287179359722,22.1181923729049,2973,955,0,656,11.7603635787964,243.06721496582,27.5366630554199,19.078784942627
85.5123091753405,22.1188339670425,2974,956,1,579,15.3542242050171,73.5192260742188,16.1590919494629,23.5372047424316
85.5118177087597,22.1193512197765,2975,956,1,589,16.5669097900391,76.4500198364258,13.7288112640381,22.4499435424805
85.5123403012041,22.1193764960241,2976,956,1,576,15.4109964370728,80.5835876464844,16.1590919494629,23.021728515625
85.4853240949498,22.1183737954297,2977,957,1,677,14.0326375961304,291.154815673828,15.5671634674072,19.9749851226807
85.5469944902928,22.1190031716274,2978,958,1,524,18.0514183044434,154.924163818359,21.9089298248291,29.1890392303467
85.5474345386033,22.1192999543481,2979,958,1,536,16.3099308013916,153.733215332031,19.2391662597656,25.3771553039551
85.546073020276,22.1190528180804,2980,958,1,540,15.5357761383057,152.237228393555,9.21595096588135,20.856653213501
85.546612381441,22.1193104336918,2981,958,1,543,15.3273506164551,153.834365844727,22.4808349609375,24.8193473815918
85.5490127609139,22.1189585949648,2982,959,1,513,10.2374277114868,177.260177612305,15.9612264633179,19.6977157592773
85.426553640474,22.1182924936478,2983,960,0,580,11.9260778427124,281.193145751953,11.5533485412598,20.2977828979492
85.4265543263931,22.117818178568,2984,960,0,589,14.9567070007324,260.280639648438,16.5795307159424,21.6101837158203
85.5030481492562,22.1185899822062,2985,961,1,575,15.6839876174927,241.193542480469,10.5170879364014,20.5669631958008
85.4039837652304,22.1175200761292,2986,962,1,497,15.0720729827881,105.904846191406,5.26480007171631,19.1572437286377
85.4379256380607,22.1178475421587,2987,963,1,805,15.1707000732422,3.65093612670898,11.1992053985596,21.0475654602051
85.4711319037305,22.1179856735208,2988,964,0,587,17.2593574523926,329.065856933594,16.181209564209,36.7967376708984
85.5457615313153,22.1186813761125,2989,965,1,532,10.0899314880371,157.162673950195,8.16630840301514,16.3707046508789
85.5631616662008,22.1189620888915,2990,966,1,483,15.5288791656494,156.178283691406,9.81679916381836,20.9523277282715
85.562641427228,22.1188682126089,2991,966,1,487,15.4250907897949,155.014373779297,6.98808765411377,20.1742401123047
85.5723240554829,22.1194875348082,2992,967,1,498,16.5082454681396,97.9516754150391,21.837818145752,24.5764122009277
85.5714908601798,22.119216724359,2993,967,1,528,15.5351457595825,126.153289794922,11.6010646820068,26.3818111419678
85.57195294242,22.1189908729071,2994,967,1,508,15.0894947052002,96.9872436523438,16.9036674499512,20.856653213501
85.5709556539653,22.1189061191221,2995,967,1,519,8.06204986572266,113.905502319336,19.3136463165283,10.7703294754028
85.5719074646266,22.1200678565276,2996,967,1,509,15.3779592514038,61.5086631774902,12.0141534805298,21.9089031219482
85.5145417842045,22.1193611466299,2997,968,1,561,18.8408470153809,87.9342651367188,20.9611663818359,28.0891437530518
85.5143739966013,22.1188944445955,2998,968,1,561,17.2701854705811,91.511344909668,16.9478302001953,25.2388591766357
85.5145854434081,22.1205488636114,2999,968,1,545,16.0442047119141,57.1971206665039,14.5844268798828,22.1133441925049
85.5147400153604,22.1200599638519,3000,968,1,544,18.2941112518311,82.8762435913086,17.8587913513184,26.3058929443359
85.5145325067974,22.1181124572877,3001,968,1,558,13.1439743041992,70.5132598876953,22.8684539794922,17.776388168335
85.5148366958105,22.1186833952079,3002,968,1,547,16.8182144165039,91.5545043945312,15.3900012969971,23.4946804046631
85.4255853930846,22.1175304896893,3003,969,1,551,16.8891429901123,226.473922729492,16.3045349121094,22.472204208374
85.4254449599349,22.1185308706696,3004,969,1,550,17.3424224853516,289.959503173828,8.08309745788574,23
85.4254414361678,22.1180283743814,3005,969,1,557,17.9321365356445,286.18408203125,8.48987197875977,22.7376346588135
85.5066636774905,22.1184497936733,3006,970,1,584,15.4109964370728,260.583587646484,11.840313911438,19.8242282867432
85.43840918877,22.117416187984,3007,971,1,815,13.9531221389771,22.4703750610352,17.9257850646973,21.1423740386963
85.470271024704,22.1177053624034,3008,972,0,576,17.8104209899902,300.695220947266,10.5364151000977,26
85.4849152458077,22.1178757533993,3009,973,1,670,15.4052257537842,283.772644042969,6.02850341796875,19.8242282867432
85.5657596188603,22.1185904018916,3010,974,1,508,14.7668352127075,272.674499511719,8.59180736541748,20.2237491607666
85.5659078837433,22.1190388810798,3011,974,1,503,21.2207088470459,310.893249511719,16.6647815704346,30.2158889770508
85.5665241410724,22.1193093440392,3012,974,1,502,17.4954833984375,327.7197265625,22.3233871459961,25.9615097045898
85.4582836694601,22.1176195508977,3013,975,1,606,10.3167219161987,95.1689071655273,11.5680980682373,27.5680980682373
85.4388270978202,22.1173034606072,3014,976,1,814,16.4459285736084,13.5306539535522,17.8700580596924,25.0399684906006
85.4393162728371,22.1172206483982,3015,976,1,809,16.1351299285889,28.5192584991455,13.1370811462402,24.4948978424072
85.4971756686279,22.1177083167706,3016,977,0,658,17.2202053070068,172.79948425293,23.9790496826172,38.561637878418
85.5815586427878,22.1186709178517,3017,978,1,499,16.3763160705566,35.9827575683594,6.48165416717529,21.2602920532227
85.4982618023358,22.1174714247853,3018,979,0,633,10.9328784942627,159.050964355469,20.3306350708008,21.2367610931396
85.498169976012,22.1186324292358,3019,979,0,649,14.3460626602173,134.858123779297,21.1680068969727,22
85.497804353902,22.1177227507885,3020,979,0,633,10.7453002929688,122.69140625,18.4201354980469,22.1359443664551
85.498205949532,22.1179992178629,3021,979,0,639,10.8690853118896,144.232879638672,24.6013870239258,16.822603225708
85.4841288650099,22.1181308387427,3022,980,1,652,15.0472021102905,288.679107666016,7.08284568786621,19.3132076263428
85.4836828304956,22.1177867788604,3023,980,1,643,15.0262622833252,321.162536621094,11.3858156204224,20.7605400085449
85.4841969384859,22.117673833775,3024,980,1,654,15.0778646469116,309.730010986328,9.36449718475342,20.6639785766602
85.427748814848,22.1169581145501,3025,981,0,610,13.8612451553345,238.997802734375,22.6952819824219,19.2093734741211
85.4587119282185,22.1171208146733,3026,982,1,616,17.5213069915771,320.013854980469,11.6621246337891,22.6053085327148
85.4593576140727,22.1174620573838,3027,982,1,618,24.2468185424805,352.843078613281,20.1970157623291,36.2904930114746
85.4597211681879,22.1177715517079,3028,982,1,599,19.4222927093506,360,26.1416015625,31.8747539520264
85.4612255608603,22.1181408283845,3029,982,1,625,23.2206153869629,288.96044921875,17.9776058197021,32.0468406677246
85.4608391407701,22.1186849467102,3030,982,1,604,21.0249309539795,268.166198730469,19.6302528381348,30.0499591827393
85.4605298547096,22.1174061418587,3031,982,1,623,20.8798179626465,334.532653808594,22.0528430938721,30.2654914855957
85.4611415499292,22.1175781956683,3032,982,1,639,18.584192276001,308.453796386719,26.4297904968262,29.9332599639893
85.5445759115875,22.1180723497874,3033,983,1,524,15.2073221206665,174.532821655273,9.44476413726807,20.2484569549561
85.5450659623223,22.1181193440278,3034,983,1,521,17.3129577636719,181.587020874023,6.9050178527832,23.3880310058594
85.5457529475805,22.1181063879681,3035,983,1,523,15.6913747787476,172.939239501953,9.16532230377197,20.8326663970947
85.4357946453743,22.1166083570767,3036,984,1,808,15.9180030822754,328.012969970703,5.6615047454834,20.856653213501
85.4362548234065,22.1170427324233,3037,984,1,807,15.9486675262451,319.496887207031,8.13969707489014,20.5182838439941
85.4357534426761,22.117062020089,3038,984,1,801,15.4048480987549,323.466217041016,6.60159111022949,21.023796081543
85.5031084680409,22.1175814270605,3039,985,1,566,16.015022277832,205.856292724609,14.4116706848145,23.5372047424316
85.5037283354489,22.1177289254044,3040,985,1,567,15.4250907897949,155.014373779297,15.0576286315918,22.7596130371094
85.5135503084741,22.1177857970743,3041,986,1,575,17.3012428283691,64.2556381225586,11.4049997329712,23.1948261260986
85.5136602937146,22.1173348767317,3042,986,1,582,16.2945499420166,60.6005477905273,14.139440536499,21.6333084106445
85.4565843163193,22.1177122585511,3043,987,1,625,19.3814907073975,342.873687744141,12.3519878387451,26.8328151702881
85.4543412271075,22.1169309441428,3044,987,1,627,16.0566368103027,330.335968017578,14.0180969238281,23.021728515625
85.4552105342567,22.1170764466357,3045,987,1,627,17.5587749481201,328.777038574219,16.4225692749023,26.1916007995605
85.4570548635012,22.117956085119,3046,987,1,622,15.185733795166,326.178833007812,10.7082996368408,20.1494407653809
85.4556400716137,22.1177835705558,3047,987,1,614,15.2367582321167,336.660583496094,19.6792469024658,24.145393371582
85.4559933923629,22.1174738079331,3048,987,1,632,20.3343353271484,349.938079833984,17.0422782897949,27.910572052002
85.4747536704921,22.1194128366041,3049,988,1,604,25.4650440216064,332.466979980469,19.2040843963623,34.5108680725098
85.469272487303,22.116661795787,3050,988,1,560,15.7122983932495,274.178833007812,7.71068859100342,19.8494338989258
85.4749711476732,22.1188472935532,3051,988,1,627,18.3676452636719,331.248504638672,28.7160415649414,26.153392791748
85.4733594280922,22.1182642468815,3052,988,1,626,8.02922058105469,330.685607910156,22.3216209411621,13.2287569046021
85.4705661997992,22.1186936854979,3053,988,1,560,16.9554767608643,342.703521728516,17.6568450927734,24.6170673370361
85.4772769189413,22.120304364127,3054,988,1,595,14.9737644195557,348.833160400391,24.9114398956299,22.5610275268555
85.4714083601159,22.1176708695516,3055,988,1,611,20.2782974243164,327.493347167969,24.5901832580566,31.6069622039795
85.4765575909605,22.1203189673884,3056,988,1,591,6.16332387924194,350.799591064453,24.5939464569092,16.1554946899414
85.4764953784131,22.119817512427,3057,988,1,613,20.2572898864746,347.846984863281,8.63647651672363,28.2842712402344
85.4723504043119,22.1184934657815,3058,988,1,610,23.7933444976807,345.25390625,21.7982120513916,32.8024406433105
85.4852754194351,22.1169557322958,3059,989,1,684,15.0720729827881,285.904846191406,11.1224594116211,20.3960781097412
85.5644171937042,22.1178329192584,3060,990,1,490,15.4236927032471,302.342803955078,16.987398147583,23.7697277069092
85.5644107928307,22.1182849476484,3061,990,1,484,15.349513053894,303.547912597656,12.9530735015869,20.8806133270264
85.4355154358407,22.1164732756137,3062,991,1,813,15.4418287277222,341.788452148438,7.47756481170654,20.1742401123047
85.5738575734072,22.117792469635,3063,992,1,501,15.2220001220703,100.416831970215,5.48765659332275,19.2353839874268
85.5807038984825,22.119262597729,3064,993,1,502,21.2817211151123,359.365051269531,21.5645904541016,32.7566795349121
85.582606760392,22.1186476815226,3065,993,1,476,17.1196708679199,65.6296768188477,9.94700527191162,22.3383083343506
85.5826635215283,22.1175051397582,3066,993,1,494,15.6809186935425,75.6243515014648,13.2738513946533,20.0249843597412
85.5779861151279,22.1186968677842,3067,993,1,498,15.0720729827881,285.904846191406,25.8544979095459,22.1359443664551
85.5801475991706,22.1194151168477,3068,993,1,483,20.7106323242188,356.072113037109,20.5773830413818,30.397367477417
85.5779180393778,22.1192180438234,3069,993,1,490,23.1800098419189,315.117370605469,20.8237342834473,33.0302886962891
85.5824702287077,22.119325950597,3070,993,1,468,19.0682468414307,39.5587158203125,16.7852401733398,27.1293201446533
85.5815643219682,22.1194611126092,3071,993,1,481,17.6668930053711,25.7010135650635,10.199348449707,24.5764122009277
85.5825093121914,22.1180495220549,3072,993,1,496,15.6839876174927,61.193546295166,14.5201177597046,23.7276210784912
85.5784566780301,22.1193992132068,3073,993,1,485,17.3316707611084,356.828399658203,12.5197525024414,23.8746719360352
85.4703539761958,22.1165643003132,3074,994,1,588,15.221923828125,246.936386108398,3.69771575927734,19.4164886474609
85.4406181363664,22.1157536445845,3075,995,1,801,15.7566556930542,101.737640380859,5.9556770324707,20.0997505187988
85.4406634693678,22.1162808824208,3076,995,1,804,16.2051582336426,95.6672439575195,9.36456489562988,20.2731342315674
85.4747736536937,22.1162074354242,3077,996,1,640,17.7889251708984,297.38818359375,15.4554281234741,25.059928894043
85.4747031200415,22.1171844797567,3078,996,1,635,15.93874168396,259.243927001953,20.3472938537598,22.4499435424805
85.4747587720608,22.1166734022656,3079,996,1,636,17.5015773773193,286.621307373047,19.3743515014648,24.7386341094971
85.4742349677843,22.1164226459629,3080,996,1,623,14.3759136199951,294.575836181641,20.4980602264404,25.5342903137207
85.4019467327604,22.1152287868665,3081,997,1,492,16.4529438018799,181.675140380859,7.3737621307373,22.6053085327148
85.4014265911924,22.1152351413992,3082,997,1,490,15.6617670059204,191.545455932617,8.03240871429443,21.2837963104248
85.4290375705026,22.1157271850127,3083,998,0,624,31.6461372375488,201.357864379883,31.1013488769531,50.9215087890625
85.5039601933231,22.1164045038376,3084,999,1,559,16.7083606719971,295.05029296875,14.7478923797607,23.4520778656006
85.5034622325332,22.1163885853593,3085,999,1,559,15.6827116012573,322.050506591797,9.90485858917236,20.8806133270264
85.4569934251802,22.1157553344033,3086,1000,1,626,19.2140369415283,113.576850891113,10.4652547836304,24.6779251098633
85.4575635600191,22.116371354065,3087,1000,1,624,15.750168800354,128.689041137695,6.27469921112061,20.6639785766602
85.4568921565535,22.1162056067213,3088,1000,1,630,18.7757205963135,117.27661895752,9.28312110900879,24.4744758605957
85.4576685764111,22.117048614424,3089,1000,1,620,18.4974956512451,101.307952880859,3.99595260620117,24.145393371582
85.4308322378383,22.1153113001423,3090,1001,0,713,11.4704837799072,271.157745361328,29.6284503936768,24.1867733001709
85.4309622331333,22.1157536891846,3091,1001,0,717,23.4463787078857,232.770111083984,26.6635646820068,33.3466644287109
85.5300248147738,22.1163916429952,3092,1002,1,543,12.9533824920654,22.0445404052734,16.4800395965576,19.6214160919189
85.5541421985675,22.116619658259,3093,1003,1,490,12.4949388504028,116.361328125,12.8601179122925,17.1172428131104
85.5537019490966,22.1161892139756,3094,1003,1,479,15.7167434692383,143.256988525391,14.2156095504761,21.470911026001
85.4667918510986,22.1155186097264,3095,1004,0,596,17.5015773773193,73.3786926269531,11.0619373321533,21.8632106781006
85.498727242415,22.1160559982677,3096,1005,1,585,16.5566139221191,135.818359375,6.83888626098633,21.8174247741699
85.4983716219133,22.1156530011039,3097,1005,1,585,15.0298137664795,154.275268554688,8.10027599334717,21.4009342193604
85.4991931392708,22.1159183850567,3098,1005,1,579,15.1302089691162,155.476486206055,5.10655784606934,21.0950222015381
85.5172123466682,22.1169255389548,3099,1006,1,543,15.6809186935425,75.6243515014648,10.9761829376221,20.5426387786865
85.5166672799913,22.1166958339386,3100,1006,1,562,19.7513771057129,74.0951538085938,13.0441265106201,26.4386081695557
85.5144998379959,22.117765393688,3101,1006,1,563,17.247091293335,20.340311050415,24.4740905761719,25.8650341033936
85.5172430570721,22.116086476048,3102,1006,1,551,17.3012428283691,64.2556381225586,10.4676456451416,22.9564800262451
85.5159095982831,22.117290399325,3103,1006,1,567,21.7697849273682,20.8964538574219,18.381368637085,30.6104564666748
85.5174260795623,22.1173520131507,3104,1006,1,535,15.9671211242676,47.6645660400391,6.59517478942871,21.931713104248
85.5166083660573,22.1172690946957,3105,1006,1,553,20.883638381958,39.3126792907715,6.70551109313965,28.5657138824463
85.5174193248285,22.1155937093255,3106,1006,1,561,15.6253213882446,70.2958984375,9.80918598175049,20.2484569549561
85.5152393905899,22.1178418332196,3107,1006,1,547,19.111011505127,27.4469738006592,23.4240455627441,29.7153167724609
85.4531512049977,22.115515713476,3108,1007,1,644,18.2528800964355,353.989929199219,16.8136920928955,24.6981773376465
85.4536499407994,22.1178699540075,3109,1007,1,646,15.8008251190186,97.4922485351562,15.7259454727173,20.0249843597412
85.4535603515695,22.117402825736,3110,1007,1,637,19.9779109954834,121.250862121582,14.5950136184692,26.7581768035889
85.4533093637539,22.1187230964834,3111,1007,1,656,21.2346096038818,91.2091827392578,15.2321949005127,28.7576084136963
85.4539610368139,22.116241046936,3112,1007,1,629,9.25534343719482,334.924163818359,17.7550506591797,17.8885440826416
85.4527361653149,22.1171221388303,3113,1007,1,657,22.7899875640869,117.929740905762,12.2014446258545,32.5729942321777
85.4522357072631,22.1160868168027,3114,1007,1,658,18.8951644897461,111.060005187988,16.137134552002,27.0924339294434
85.4536713715974,22.115860219479,3115,1007,1,641,18.5532379150391,323.729370117188,16.2598686218262,24.4744758605957
85.4525508197762,22.1153690402361,3116,1007,1,646,16.6846618652344,36.1899833679199,11.7310390472412,23.6220245361328
85.4527574172243,22.1164040004366,3117,1007,1,641,15.4052257537842,103.772644042969,15.6559467315674,19.9499378204346
85.5403784620176,22.1157319008673,3118,1008,1,517,19.0179672241211,102.363227844238,11.2985515594482,26.7581768035889
85.5402161165568,22.1163660906936,3119,1008,1,523,16.7729034423828,70.9454650878906,14.1090497970581,23.4093990325928
85.4326854322531,22.114898129058,3120,1009,0,755,8.80143260955811,300.205993652344,20.4745941162109,13.416407585144
85.4317656693534,22.1151259078733,3121,1009,0,737,13.4679260253906,293.188079833984,17.607234954834,27.874719619751
85.431664192844,22.1145610749812,3122,1009,0,746,14.0452299118042,341.905853271484,26.8701591491699,27.6405506134033
85.4332483576507,22.1145513669814,3123,1009,0,765,14.6786079406738,294.998718261719,27.570671081543,22.1359443664551
85.4321669810351,22.1146489153593,3124,1009,0,751,8.99044418334961,328.777038574219,20.2279434204102,12.0830459594727
85.458138574778,22.1157546774644,3125,1010,1,627,21.327262878418,308.283874511719,17.8376960754395,29.5634918212891
85.4575822856729,22.1149943440976,3126,1010,1,632,17.149112701416,305.775024414062,6.89545440673828,23.4307498931885
85.4582750831669,22.1162327298407,3127,1010,1,634,24.2844486236572,303.662536621094,17.2762050628662,33.5857124328613
85.4581512676008,22.1147892979721,3128,1010,1,648,16.0570697784424,289.124664306641,6.283766746521,21.3072757720947
85.4576460645091,22.1154472524726,3129,1010,1,621,13.34375,294.509094238281,10.1183805465698,18.6279354095459
85.4582085869124,22.1152770092156,3130,1010,1,643,17.5085926055908,300.455108642578,7.54401969909668,23.6008472442627
85.458731120093,22.1160483210119,3131,1010,1,642,15.6827116012573,322.050506591797,24.6975173950195,23.4946804046631
85.4823087678053,22.1156839380603,3132,1011,1,650,17.8925342559814,296.389678955078,17.4683685302734,26.6270542144775
85.4806047108139,22.1150971444555,3133,1011,1,661,17.7883529663086,4.6300573348999,13.024019241333,25.4361953735352
85.4825416934979,22.1162064355551,3134,1011,1,652,14.6269521713257,292.149749755859,11.5729856491089,19.8997478485107
85.4813739119227,22.1151836732511,3135,1011,1,659,18.1826438903809,3.01332426071167,11.3767356872559,25.4558448791504
85.4800201141018,22.1152212426497,3136,1011,1,662,15.1707000732422,3.65093612670898,11.5292587280273,21
85.4819915552315,22.1152808027945,3137,1011,1,661,16.6836910247803,350.047637939453,10.1923007965088,22.538854598999
85.4355799786457,22.1145297993971,3138,1012,1,837,15.0170841217041,312.256164550781,4.15455627441406,19.2873020172119
85.466354103616,22.1148738604656,3139,1013,0,604,14.5894155502319,125.648780822754,10.729341506958,24.2899150848389
85.4658239406629,22.115072089057,3140,1013,0,608,14.1981506347656,145.735870361328,12.8937644958496,24.0624179840088
85.4646556036579,22.1150275014922,3141,1013,0,613,19.6993083953857,158.053955078125,22.8501491546631,37.0675048828125
85.4641984510524,22.1148537571913,3142,1013,0,618,14.6618566513062,137.435089111328,15.6899471282959,23.8537216186523
85.4653877103588,22.1148461620247,3143,1013,0,610,8.65672969818115,184.879150390625,17.8437919616699,15.65247631073
85.473478850234,22.1151636867799,3144,1014,1,628,16.3382263183594,322.863647460938,10.9917459487915,22.7815723419189
85.4744087411168,22.1153109250437,3145,1014,1,637,11.8620443344116,308.65478515625,7.20045852661133,22.1133441925049
85.4739446432712,22.1149817372346,3146,1014,1,643,15.99498462677,321.874114990234,7.45498085021973,21.470911026001
85.5033363089327,22.1153623434917,3147,1015,1,564,14.1729402542114,250.066207885742,11.9721946716309,21.5638580322266
85.5028827206526,22.1151455889768,3148,1015,1,550,15.9076251983643,234.870635986328,7.3160514831543,21.2602920532227
85.4440216603687,22.1152591132208,3149,1016,1,732,17.2202053070068,172.79948425293,20.1328945159912,25.0998001098633
85.4450609896501,22.1146673374487,3150,1016,1,710,15.831503868103,169.474914550781,5.83182144165039,21.470911026001
85.4445076618809,22.1151811521117,3151,1016,1,731,15.258415222168,172.727523803711,16.4727096557617,22.6936111450195
85.4430330066528,22.1150236440181,3152,1016,1,747,15.4048480987549,143.466232299805,19.9004955291748,24.2487106323242
85.4455090838566,22.1141462487066,3153,1016,1,690,8.3491096496582,149.999877929688,11.3157510757446,15.7797336578369
85.4430860594907,22.1141026320269,3154,1016,1,736,13.4679260253906,66.8119049072266,8.57133674621582,17.4928550720215
85.4432659941232,22.1146020652644,3155,1016,1,728,15.7703638076782,71.3743133544922,13.7247638702393,21.8860683441162
85.4456934227857,22.1147896188816,3156,1016,1,716,14.896577835083,160.077133178711,9.04986190795898,19.9749851226807
85.4307177268897,22.1144808892015,3157,1017,0,713,14.0468530654907,298.373443603516,41.4026718139648,24.5967483520508
85.4304210176142,22.1140030048002,3158,1017,0,711,20.9449787139893,304.590240478516,10.4367618560791,31.1287651062012
85.4993232639755,22.1149524635025,3159,1018,1,559,15.4467973709106,215.308456420898,16.5231056213379,22.9346904754639
85.4997644249713,22.1146321997065,3160,1018,1,560,11.1545171737671,217.802963256836,9.81981372833252,14.7309198379517
85.5391704680458,22.1151767121161,3161,1019,1,519,15.5781755447388,180,13.0862121582031,21.2367610931396
85.5398795999561,22.1152798008221,3162,1019,1,519,16.7029876708984,184.12451171875,11.880181312561,22.583179473877
85.4272022746545,22.1143690158716,3163,1020,0,633,15.9281034469604,336.843200683594,28.4922523498535,27.4043788909912
85.4281683386605,22.1139987607705,3164,1020,0,659,21.0431442260742,329.676635742188,22.3857822418213,31.480152130127
85.4273270697031,22.1136366383291,3165,1020,0,644,16.2042217254639,288.082061767578,5.91780471801758,20.9761772155762
85.426887513586,22.1138343254378,3166,1020,0,634,13.9523153305054,283.35791015625,5.25138473510742,19.0525588989258
85.4276846721219,22.1142026166659,3167,1020,0,642,14.0230941772461,317.621276855469,22.7076797485352,22.4499435424805
85.4924813754691,22.1146630150466,3168,1021,0,633,14.4091768264771,122.857780456543,26.8713111877441,30
85.4320481235528,22.1138238292451,3169,1022,0,773,14.8754739761353,326.460144042969,10.2138385772705,25.1396102905273
85.4853898502331,22.1143200565756,3170,1023,1,681,16.4119510650635,163.832748413086,23.3966751098633,22.6495037078857
85.49442240786,22.1143578140002,3171,1024,1,568,14.6929578781128,98.9955520629883,5.21548366546631,19.1833267211914
85.5159840000923,22.1145660521648,3172,1025,1,548,9.78872394561768,166.987014770508,8.02048683166504,20.2484569549561
85.4409042826693,22.1149952876034,3173,1026,1,792,15.5042457580566,121.150321960449,8.70390796661377,21.7025337219238
85.4403619034281,22.1139317235918,3174,1026,1,799,17.279354095459,99.8657760620117,7.05892562866211,22.2485961914062
85.4407867202022,22.1144273323927,3175,1026,1,790,18.7914352416992,98.3136596679688,5.66969680786133,24
85.440355026729,22.1149496023325,3176,1026,1,802,15.0560741424561,111.456466674805,6.44504356384277,19.7989902496338
85.4408415935287,22.113584467583,3177,1026,1,791,14.5268936157227,91.8134307861328,6.74118232727051,19.2873020172119
85.4551068311477,22.1141606480564,3178,1027,1,629,14.8698120117188,116.602592468262,16.7891540527344,24.6981773376465
85.4549388334119,22.1149671357646,3179,1027,1,655,15.0037641525269,139.894027709961,20.6255283355713,20.4205780029297
85.4546929408881,22.1145009826965,3180,1027,1,647,19.0283851623535,135.501892089844,13.1046094894409,25.9807624816895
85.4553358121159,22.1152565284388,3181,1027,1,656,16.5990028381348,119.678718566895,22.9862308502197,25.337718963623
85.4548159606565,22.1137422255824,3182,1027,1,639,17.0914306640625,117.819854736328,11.0956621170044,24.879711151123
85.4558449159732,22.1151288302756,3183,1027,1,639,17.8213558197021,133.526077270508,15.7643737792969,24.6981773376465
85.4556664583832,22.1157131936086,3184,1027,1,649,10.9947242736816,91.2091827392578,14.2271709442139,15.7480154037476
85.455479103768,22.1147838667054,3185,1027,1,629,19.3988838195801,124.785835266113,20.6757526397705,26.7955226898193
85.5015254009544,22.1152448524581,3186,1028,1,559,21.0725021362305,156.216171264648,28.290210723877,37.3496971130371
85.5017731359394,22.118126952188,3187,1028,1,582,19.9765930175781,80.259765625,12.0008163452148,27.658634185791
85.5022693398118,22.1162526700116,3188,1028,1,557,18.8493824005127,129.531555175781,14.6113300323486,25.7099208831787
85.5018993381514,22.1157740869078,3189,1028,1,556,15.5787544250488,102.74308013916,12.2480049133301,20.1494407653809
85.5019471721663,22.1173789406662,3190,1028,1,583,19.9486083984375,87.4102783203125,11.3801879882812,27.549955368042
85.5006593291852,22.1146239517175,3191,1028,1,558,15.3763236999512,149.849136352539,14.2499141693115,20.2484569549561
85.5021049100236,22.1167936808792,3192,1028,1,572,18.5202960968018,104.893196105957,6.23694038391113,25.6709957122803
85.5011649879838,22.1143076228545,3193,1028,1,547,17.0426769256592,122.342803955078,18.2833690643311,25.1992053985596
85.4439271901695,22.1140431733586,3194,1029,1,715,16.4294147491455,58.1059036254883,7.20914459228516,21.4009342193604
85.4440812721995,22.113538362228,3195,1029,1,726,13.8984184265137,67.5990219116211,11.5844030380249,18.4119529724121
85.4864715982302,22.114165540952,3196,1030,0,668,13.6599216461182,158.100570678711,11.5496463775635,22.4944438934326
85.4869029627835,22.1144539531454,3197,1030,0,669,13.2486848831177,202.643707275391,11.6061000823975,25.9422435760498
85.4874241322942,22.114326137236,3198,1030,0,674,12.3103113174438,212.2802734375,12.0558338165283,20.3469905853271
85.487051085956,22.1139679763971,3199,1030,0,656,21.3634548187256,195.357543945312,9.98285865783691,30.0499591827393
85.4812340138958,22.1140225707344,3200,1031,1,672,15.1707000732422,183.650939941406,18.6777191162109,21.5174350738525
85.4807495020085,22.113974536485,3201,1031,1,661,11.2019920349121,162.233322143555,11.2901954650879,20.856653213501
85.4854982779992,22.1142428213523,3202,1032,0,678,13.057074546814,197.325149536133,12.7804718017578,24.8193473815918
85.485890243879,22.1139609911665,3203,1032,0,664,24.8927478790283,168.735122680664,13.3513221740723,34.8711929321289
85.5090711304725,22.1142703177799,3204,1033,1,565,15.2362670898438,255.173477172852,8.36684894561768,20.1990089416504
85.4400780409019,22.1188243189682,3205,1034,1,767,16.9334411621094,48.7121925354004,6.9165153503418,22.6274166107178
85.4411216563116,22.1198240622738,3206,1034,1,741,19.0179672241211,102.363227844238,10.9976482391357,25.826343536377
85.44115752993,22.1179838413982,3207,1034,1,791,6.13286638259888,336.314147949219,18.2866230010986,10.0995044708252
85.4419609839248,22.1199110122202,3208,1034,1,728,15.4032869338989,349.163421630859,25.2394905090332,27.6043472290039
85.4433925258115,22.1202519141151,3209,1034,1,697,17.5297527313232,9.43825054168701,32.5745506286621,34.985710144043
85.4430635391925,22.1196011036278,3210,1034,1,737,18.9116039276123,26.1656303405762,8.39407730102539,25.5147018432617
85.4435459950566,22.1193974525866,3211,1034,1,738,19.307954788208,58.2236824035645,10.1115970611572,25.4165306091309
85.4438214822267,22.1204689335034,3212,1034,1,697,16.6637649536133,359.173736572266,31.3801593780518,31.8276615142822
85.4420102311476,22.1160552566581,3213,1034,1,773,20.2272243499756,103.512977600098,12.2420558929443,27.6043472290039
85.4418023521805,22.1148993323924,3214,1034,1,766,17.7076148986816,115.071441650391,19.6859893798828,25.8456954956055
85.5374674194076,22.1151479396217,3215,1035,1,531,20.6735973358154,84.3882293701172,10.6173477172852,28.195743560791
85.5377609684203,22.1144165936595,3216,1035,1,531,11.2142353057861,69.4181365966797,14.9877920150757,15.2970581054688
85.5374374422075,22.1156122232057,3217,1035,1,533,16.2045154571533,101.391395568848,13.1540946960449,21.5174350738525
85.5379295490186,22.1148596971798,3218,1035,1,523,16.3986759185791,75.4770736694336,16.4484024047852,21.7485637664795
85.5372507364621,22.1147321623134,3219,1035,1,549,14.5199251174927,90,21.0178508758545,24.0624179840088
85.4293596856375,22.1135235027493,3220,1036,0,702,7.15127992630005,310.809997558594,30.0827178955078,11.2694272994995
85.4298795750287,22.1133982503293,3221,1036,0,709,15.7566556930542,258.262359619141,23.8304290771484,22.6274166107178
85.514290026469,22.1157826626012,3222,1037,1,570,16.2316627502441,180.849548339844,19.4654235839844,21.8174247741699
85.5116852134136,22.1153298774205,3223,1037,1,588,21.8974609375,165.700180053711,36.6181716918945,35.4400901794434
85.5130886605052,22.115050483143,3224,1037,1,555,15.1505851745605,151.428955078125,24.3455390930176,20.8806133270264
85.5146953389707,22.1146802823109,3225,1037,1,551,17.2059707641602,249.054794311523,17.026668548584,22.583179473877
85.5130734282618,22.1156719987633,3226,1037,1,582,17.516902923584,124.858825683594,19.0573825836182,22.9564800262451
85.5115907579411,22.1147106237509,3227,1037,1,559,21.4899120330811,131.795349121094,32.1730766296387,29.9165496826172
85.5125677454878,22.1154671544762,3228,1037,1,588,19.3185844421387,151.300765991211,33.847469329834,27.5680980682373
85.5147103692617,22.1153385533778,3229,1037,1,569,24.3606834411621,227.226272583008,20.321361541748,36.0693778991699
85.5123582181873,22.1147229210379,3230,1037,1,550,11.5025510787964,165.25390625,36.3824577331543,16.2480773925781
85.5139135077703,22.1153055339664,3231,1037,1,552,18.3660106658936,157.849227905273,8.87998390197754,25.2190399169922
85.5028318552574,22.1138752876779,3232,1038,1,549,12.8813724517822,307.557037353516,9.15561199188232,17.5499286651611
85.4323917409098,22.1133183283604,3233,1039,0,791,13.8570070266724,281.504547119141,43.9546661376953,26.7394847869873
85.4329945348427,22.1133119024539,3234,1039,0,802,12.3869791030884,297.819854736328,12.5289669036865,16.5227108001709
85.4278722516354,22.1135424529949,3235,1040,0,657,13.7790718078613,302.342803955078,14.8368358612061,17.776388168335
85.4271094353688,22.1129408992307,3236,1040,0,646,14.061354637146,254.816757202148,9.77334594726562,19.4164886474609
85.4282776820992,22.1132507412987,3237,1040,0,674,14.0626592636108,271.875915527344,13.2719612121582,17.8885440826416
85.4276945753607,22.113097209256,3238,1040,0,661,14.850040435791,232.911193847656,18.0841960906982,23.0434379577637
85.4273843776005,22.1135170946493,3239,1040,0,652,13.9505586624146,299.6787109375,8.81252861022949,18.2482872009277
85.4602263798772,22.1133773248822,3240,1041,1,653,15.2207164764404,125.992416381836,5.58656597137451,19.261360168457
85.5024376073476,22.1137643223798,3241,1042,1,542,15.1124095916748,302.097839355469,7.51287269592285,19.1049728393555
85.5051964221025,22.1136253699029,3242,1043,1,536,7.14618110656738,141.704833984375,20.6688823699951,13.7113094329834
85.5082378004136,22.1153754356889,3243,1043,1,572,13.462254524231,209.134216308594,10.9256896972656,18.8414440155029
85.5062450701401,22.1152625839514,3244,1043,1,587,19.9184188842773,164.098770141602,36.8096504211426,36.7695541381836
85.5056479770979,22.1142699096138,3245,1043,1,556,16.442943572998,158.552947998047,11.5227699279785,21.931713104248
85.5085050244599,22.1149188587752,3246,1043,1,560,16.9029960632324,219.732482910156,20.5141468048096,26.0192241668701
85.5077035399199,22.115427783031,3247,1043,1,574,12.1283369064331,156.31413269043,15.8990268707275,16.2788200378418
85.504751649965,22.1138352883907,3248,1043,1,553,19.1419124603271,165.598434448242,9.5285816192627,26.608268737793
85.5057064917992,22.1148197713865,3249,1043,1,572,19.8390827178955,180,14.2678737640381,27.495454788208
85.5092603878291,22.1147989570969,3250,1043,1,574,16.0672054290771,215.767120361328,12.9478702545166,21.6564083099365
85.5068161501414,22.1151717495723,3251,1043,1,576,21.8847427368164,159.887344360352,30.8150062561035,34.1613807678223
85.5155662590466,22.1138744042575,3252,1044,1,541,15.8562498092651,162.305419921875,10.7325553894043,21.7255611419678
85.5658713907067,22.1143002406853,3253,1045,1,509,15.3696298599243,217.765548706055,8.27313423156738,20.2731342315674
85.4265267757535,22.1133722440758,3254,1046,0,627,12.4286317825317,292.995971679688,17.4155502319336,24.2074375152588
85.4265069766525,22.1141638063547,3255,1046,0,617,8.83969211578369,283.725311279297,25.1188087463379,14.3527002334595
85.4266743208425,22.1129312938976,3256,1046,0,627,11.6512470245361,259.691589355469,9.58504676818848,18.6815414428711
85.4262394299092,22.114889612953,3257,1046,0,601,23.6876621246338,359.436248779297,18.5342693328857,35.1710090637207
85.4307638345668,22.1128950675494,3258,1047,0,728,20.4215145111084,206.881057739258,51.8644790649414,27.349588394165
85.4310445706077,22.1134564816152,3259,1047,0,743,9.31341743469238,180,28.2018280029297,19.3649158477783
85.4312880625477,22.1127017436344,3260,1047,0,734,13.7660226821899,170.876220703125,49.2351837158203,25.8456954956055
85.4449672180637,22.1128017128903,3261,1048,1,720,12.4286317825317,67.004020690918,10.3202333450317,16.3707046508789
85.4448550980709,22.1136505541185,3262,1048,1,705,18.3819332122803,62.0412139892578,16.0156784057617,23.473388671875
85.4346689004056,22.1131949117197,3263,1049,0,851,11.614839553833,326.905853271484,20.4556064605713,15.7797336578369
85.4345012969256,22.1127041515823,3264,1049,0,856,18.183385848999,272.861907958984,54.1945457458496,23.2378997802734
85.5367573945308,22.1140045399983,3265,1050,1,542,15.2073221206665,174.532821655273,12.7988185882568,20.8086528778076
85.5360812635814,22.1139914279265,3266,1050,1,547,17.1896514892578,168.735122680664,14.5074949264526,24.6373691558838
85.5364407189956,22.1136051405343,3267,1050,1,528,6.89024686813354,169.711654663086,18.8997993469238,9.5916633605957
85.4402977505611,22.1129623771586,3268,1051,0,787,14.8843383789062,120.600212097168,7.3371467590332,21.5638580322266
85.5294535043748,22.1136309739016,3269,1052,1,547,15.258415222168,187.272476196289,13.2116298675537,21.9544982910156
85.5402799213014,22.1137708757067,3270,1053,1,508,18.5840816497803,60.8068885803223,14.0002069473267,23.4520778656006
85.5789970279308,22.1141807571944,3271,1054,1,500,15.1413259506226,180,20.3358345031738,23.2378997802734
85.5798502589195,22.1141553198126,3272,1054,1,500,16.4462909698486,180,23.83811378479,26.0959758758545
85.445913741926,22.1125128923733,3273,1055,1,696,13.6191034317017,86.1187133789062,5.57038497924805,18.4119529724121
85.4558954775582,22.1128483210948,3274,1056,0,653,14.9737644195557,348.833160400391,13.7296123504639,19.9749851226807
85.5103893518747,22.1133539684999,3275,1057,1,553,15.1186561584473,128.476119995117,7.82422828674316,19.8242282867432
85.4531547527167,22.1123323151336,3276,1058,1,639,7.90968179702759,23.8217144012451,18.2353057861328,21.1660099029541
85.4530271440956,22.1130010165113,3277,1058,1,651,22.1678695678711,129.342025756836,14.5549564361572,29.3768615722656
85.4536303817891,22.1128798662058,3278,1058,1,633,10.0899314880371,157.162673950195,18.3296356201172,14.5945196151733
85.4540955823203,22.1133976253254,3279,1058,1,634,14.3525152206421,138.858993530273,12.4520568847656,19.2093734741211
85.4526721703138,22.1124451427009,3280,1058,1,651,18.9859771728516,115.403739929199,17.4960308074951,26.5706596374512
85.4545759009593,22.1135873872237,3281,1058,1,637,16.9266948699951,141.385940551758,11.5755767822266,21.6794834136963
85.4692996208688,22.1126436450805,3282,1059,1,555,16.4123115539551,265.209320068359,8.27113723754883,21.4242858886719
85.4865357235793,22.1127293213466,3283,1060,0,623,11.3882122039795,254.655975341797,21.2476387023926,20.3469905853271
85.4868464224501,22.1130816351082,3284,1060,0,624,10.8296957015991,217.534149169922,13.6911201477051,20.8086528778076
85.5860087077508,22.1135364634043,3285,1061,1,446,10.3914575576782,116.560943603516,27.2183113098145,16.6132469177246
85.5869086426534,22.1137493814574,3286,1061,1,444,17.1896514892578,168.735122680664,26.2072982788086,26.77685546875
85.5855217916694,22.1136326675459,3287,1061,1,459,15.9366588592529,172.180801391602,16.2232780456543,24.2693214416504
85.5860656880266,22.1139897517493,3288,1061,1,468,21.8705596923828,163.764144897461,25.0622100830078,32.2024841308594
85.587368673019,22.1139114958104,3289,1061,1,455,17.4061260223389,151.190048217773,17.9582901000977,25.5147018432617
85.4599559963483,22.1125770013778,3290,1062,1,650,15.8580598831177,146.836395263672,15.1405649185181,25.4361953735352
85.4603972378698,22.1123833898849,3291,1062,1,632,14.1097221374512,143.056304931641,15.1892442703247,24.6981773376465
85.5813819292172,22.1138383557504,3292,1063,1,488,17.4901371002197,136.770919799805,16.6660842895508,27.7128124237061
85.5810236846071,22.113488329677,3293,1063,1,472,14.0512256622314,140.347518920898,21.2486610412598,19.9248580932617
85.4251915665813,22.1119828124351,3294,1064,1,577,16.2357788085938,246.782836914062,6.11010837554932,20.688159942627
85.4326235208449,22.1120574590429,3295,1065,0,747,13.4986085891724,256.166046142578,25.9483966827393,35.1567916870117
85.580902105924,22.1134639312271,3296,1066,1,478,15.8562498092651,162.305419921875,11.8074836730957,21.9089031219482
85.5801982299439,22.1132103415684,3297,1066,1,470,11.9293279647827,188.222595214844,13.8355417251587,16.0934772491455
85.5794375432292,22.1133943529491,3298,1066,1,475,16.3457584381104,168.109268188477,8.41075420379639,22.6936111450195
85.5789658330807,22.1132578145421,3299,1066,1,478,15.4528827667236,151.049652099609,8.94588375091553,21.3541564941406
85.4641657841965,22.1144577169689,3300,1067,1,606,21.4692897796631,151.124267578125,8.52227592468262,29.2916374206543
85.4684761916871,22.1235725391974,3301,1067,1,587,18.7483386993408,70.231819152832,5.90360641479492,24.6170673370361
85.4677726759663,22.122773277211,3302,1067,1,618,15.443058013916,90,14.2050104141235,19.3649158477783
85.4661210597532,22.1182960713385,3303,1067,1,606,26.6278305053711,114.133949279785,10.5750560760498,37.2424507141113
85.4682733840922,22.121354718087,3304,1067,1,582,19.0282402038574,110.166641235352,6.42051696777344,24.8193473815918
85.4684048268924,22.1218276932221,3305,1067,1,585,20.4061603546143,109.97696685791,5.98460388183594,26.907247543335
85.4658114926228,22.1195273436044,3306,1067,1,631,15.93874168396,100.756080627441,25.1862449645996,20.3224010467529
85.4613017186687,22.113672370507,3307,1067,1,633,20.8273963928223,111.496101379395,6.87477493286133,27.9821376800537
85.4636507008714,22.1146360941041,3308,1067,1,620,19.8959789276123,150.725326538086,9.06716728210449,28.1602554321289
85.4686634527542,22.1206673627919,3309,1067,1,561,23.4021663665771,128.007827758789,10.3669395446777,32.0468406677246
85.453388358113,22.1120755229571,3310,1068,1,642,18.5803127288818,342.050537109375,15.4096279144287,25.826343536377
85.4571126258085,22.1135343947668,3311,1068,1,639,15.9486675262451,319.496887207031,4.49024963378906,20.9523277282715
85.454458036757,22.1125093821765,3312,1068,1,641,23.7874240875244,339.956085205078,19.5931358337402,33.8969039916992
85.4555791246656,22.1126284784304,3313,1068,1,660,23.4325180053711,349.672943115234,15.4651050567627,33.7045974731445
85.4541488857635,22.1121524981689,3314,1068,1,654,23.620677947998,336.745697021484,20.930778503418,35.2136344909668
85.4550528596379,22.1127580421479,3315,1068,1,641,18.2918529510498,330.250701904297,20.8395576477051,24.879711151123
85.4568951648598,22.1131097705319,3316,1068,1,654,15.612340927124,328.318328857422,8.434739112854,20.8326663970947
85.4564165264073,22.1125204318114,3317,1068,1,667,18.90651512146,353.487243652344,13.1183700561523,26.0959758758545
85.4547638645322,22.1121449985149,3318,1068,1,661,21.3463459014893,335.879486083984,21.1854400634766,30.9677257537842
85.465440297685,22.1119530523265,3319,1069,1,578,15.4954147338867,325.909332275391,10.1061134338379,22.1359443664551
85.465967421225,22.1120605216367,3320,1069,1,584,15.467698097229,338.97509765625,10.8166542053223,22.0907211303711
85.5222553134682,22.1124438531508,3321,1070,1,522,15.3613224029541,131.045349121094,9.11604118347168,20.44504737854
85.5217144044907,22.1126117568653,3322,1070,1,528,15.9353160858154,138.303817749023,10.7048015594482,21.7255611419678
85.5181548135609,22.1121399971327,3323,1071,1,530,17.705394744873,188.553344726562,25.2332916259766,26.5518360137939
85.5191142721953,22.1123485067018,3324,1071,1,525,16.6836910247803,189.952377319336,26.7813377380371,32.3573799133301
85.5185184812688,22.1125312352405,3325,1071,1,543,19.2724266052246,170.047622680664,16.8790588378906,27.8567771911621
85.5176222316971,22.1124118536686,3326,1071,1,541,21.1131401062012,209.463317871094,17.3054714202881,33.2114448547363
85.5174489363477,22.1130808813328,3327,1071,1,541,18.1914081573486,235.845077514648,11.8431758880615,24.9198722839355
85.4624085526312,22.1121160039799,3328,1072,1,591,15.7122983932495,94.178825378418,5.99027729034424,20.1494407653809
85.46228084275,22.1116736570114,3329,1072,1,590,15.7503099441528,95.8404388427734,10.1995668411255,19.8997478485107
85.5041351298929,22.1128949163138,3330,1073,1,539,18.4147777557373,136.596954345703,13.2117357254028,24.0624179840088
85.5036088525388,22.1125381448012,3331,1073,1,534,17.3897609710693,165.6357421875,13.0581283569336,24.1867733001709
85.5026137667146,22.1122170236155,3332,1073,1,526,16.3457584381104,168.109268188477,19.0501251220703,24.1660919189453
85.5032730165073,22.1120268470685,3333,1073,1,522,15.4050712585449,175.507568359375,19.8895664215088,25.9036674499512
85.5040925464805,22.1134800084158,3334,1073,1,550,17.2098026275635,124.69287109375,9.47026062011719,23.473388671875
85.4900584850916,22.1119850722082,3335,1074,0,614,14.7232990264893,123.098075866699,39.2016143798828,21.9544982910156
85.4895048467087,22.1121076478448,3336,1074,0,620,10.8401308059692,129.965866088867,46.9706497192383,16.1245155334473
85.4715376983015,22.1114777586956,3337,1075,0,606,14.4840974807739,200.542617797852,19.4032287597656,21.6794834136963
85.4711743890603,22.114137413061,3338,1075,0,605,12.5546445846558,288.238739013672,16.1068325042725,20.3715496063232
85.471653443073,22.1147115590047,3339,1075,0,602,10.8004217147827,320.687316894531,26.3464126586914,15.4919338226318
85.471568350785,22.112654855805,3340,1075,0,613,10.4716501235962,253.239517211914,23.6440010070801,16.1554946899414
85.4714528073724,22.1132121191607,3341,1075,0,617,10.1609172821045,290.068206787109,19.3416061401367,18.2482872009277
85.4715593298069,22.1137796808413,3342,1075,0,610,7.82997846603394,298.491333007812,23.499267578125,13.5277490615845
85.4715376491135,22.1121106158507,3343,1075,0,614,7.50887870788574,259.243927001953,18.0247077941895,15.6204996109009
85.4872170992221,22.1120094939406,3344,1076,0,604,11.9945554733276,211.886611938477,40.5751762390137,21.931713104248
85.487659053996,22.1118017501013,3345,1076,0,608,12.3780374526978,210.755706787109,15.4576740264893,21.7025337219238
85.4866906641391,22.1116234611944,3346,1076,0,602,14.9110746383667,194.072448730469,29.799430847168,30.4795017242432
85.4866390325946,22.1120809839887,3347,1076,0,602,8.89028930664062,199.338012695312,30.3985557556152,14.9666299819946
85.4407484583089,22.1112517149304,3348,1077,1,749,15.6419734954834,174.692687988281,4.03763961791992,20.9045448303223
85.4440966457299,22.1112360357786,3349,1078,1,726,15.519458770752,113.493034362793,9.53946304321289,19.1311264038086
85.452976808698,22.1112146295882,3350,1079,1,651,15.0093240737915,273.506652832031,12.5976467132568,21.023796081543
85.453145327848,22.1117858855104,3351,1079,1,649,15.0372133255005,281.443328857422,8.84540367126465,19.7737197875977
85.4853759334673,22.1119052956552,3352,1080,0,567,13.8845682144165,146.027709960938,30.4240875244141,22.9564800262451
85.4848506921789,22.1115766932545,3353,1080,0,574,12.3869791030884,117.819854736328,13.7113332748413,16.6433162689209
85.4843856733363,22.111364738268,3354,1080,0,578,8.75917625427246,201.357864379883,20.6179542541504,25.7293605804443
85.4845279340549,22.1120170212356,3355,1080,0,583,11.9387083053589,194.180511474609,41.5966491699219,19.261360168457
85.4619835187036,22.1111824929968,3356,1081,1,593,15.2207164764404,125.992416381836,6.64589595794678,19.6723155975342
85.4922852192335,22.1112563034917,3357,1082,1,607,18.1970138549805,111.204193115234,12.3331155776978,24.4744758605957
85.4922656320818,22.1122276529489,3358,1082,1,620,15.8877048492432,116.522087097168,16.3736534118652,22
85.4924378654045,22.1117205851883,3359,1082,1,616,20.2743015289307,110.803382873535,9.81175422668457,26.608268737793
85.4597219718386,22.1108178199617,3360,1083,1,627,16.2178382873535,156.379028320312,15.1994676589966,25.4950981140137
85.4601949009398,22.1109981359417,3361,1083,1,619,16.2809467315674,140.541717529297,10.528468132019,21.8632106781006
85.4908922575206,22.1121064414461,3362,1084,0,603,14.2597103118896,244.178787231445,35.2917251586914,19.8242282867432
85.4907392699106,22.1114243622355,3363,1084,0,584,9.18332195281982,195.485809326172,10.9569625854492,22.7596130371094
85.4906241840387,22.1108767082934,3364,1084,0,572,14.0583839416504,165.01513671875,21.6187019348145,32.0156211853027
85.4324700559272,22.1103109489674,3365,1085,0,760,13.7167615890503,226.473922729492,34.7256507873535,23.4520778656006
85.4328546954455,22.1107238642037,3366,1085,0,764,8.79004764556885,222.06364440918,48.901424407959,14.8323965072632
85.4594458038839,22.1107526491922,3367,1086,1,627,14.1378517150879,155.714691162109,15.1994676589966,20.7605400085449
85.4747253689732,22.1108537945541,3368,1087,0,592,14.7323322296143,154.734848022461,21.226448059082,23.8956069946289
85.4766929769425,22.1112010770541,3369,1088,0,570,27.5449962615967,176.67887878418,19.0697937011719,41.7971305847168
85.4764761750635,22.1107034333966,3370,1088,0,561,13.3348655700684,154.084091186523,14.2268543243408,23.1516742706299
85.5280849372236,22.1113820539557,3371,1089,1,535,15.4032869338989,169.163421630859,10.0117263793945,20.1742401123047
85.4379485474489,22.1105710270049,3372,1090,0,827,14.6929578781128,98.9955520629883,8.91646194458008,19.1049728393555
85.437876477847,22.1100856265827,3373,1090,0,827,14.2350854873657,99.3004150390625,18.0293350219727,18.4661846160889
85.5234860083572,22.1110221979853,3374,1091,1,524,15.2935638427734,263.975494384766,10.5119113922119,19.570384979248
85.5766189452519,22.1116027437979,3375,1092,1,494,6.91254281997681,212.2802734375,16.0425128936768,11.9163751602173
85.4387484147864,22.1111359369702,3376,1093,0,813,11.2142353057861,110.58186340332,9.5489616394043,18.788293838501
85.4387936143484,22.1101382744743,3377,1093,0,797,11.1087198257446,98.4047164916992,18.0447807312012,18.8148880004883
85.4386675668212,22.1106129074748,3378,1093,0,810,14.2725944519043,125.465019226074,8.81122207641602,24.3104915618896
85.4384608864401,22.1117193862799,3379,1093,0,820,13.0919580459595,132.061141967773,8.50810432434082,21.8632106781006
85.479055716375,22.1116710676267,3380,1094,0,614,13.4101753234863,175.847137451172,7.26861095428467,17.6635208129883
85.4796293600483,22.1107084154534,3381,1094,0,595,15.3347272872925,132.283737182617,10.0090293884277,21
85.4794094022364,22.1112039050071,3382,1094,0,606,8.60141658782959,147.166778564453,10.041069984436,16.3707046508789
85.4785441632743,22.1110767259229,3383,1094,0,603,12.7354688644409,221.94758605957,16.6769123077393,21.0950222015381
85.4778507341703,22.1113264550331,3384,1094,0,596,14.7323322296143,205.265151977539,7.18459892272949,23.7486839294434
85.4794987930419,22.1120031912157,3385,1094,0,620,14.3281507492065,161.271087646484,16.6603755950928,19.5448207855225
85.4711386072303,22.1101808897935,3386,1095,0,565,14.9390392303467,182.78190612793,35.0678405761719,20.5912609100342
85.4722675692899,22.1105876475811,3387,1095,0,592,11.4147653579712,203.96630859375,21.7094287872314,26.7020606994629
85.4717006178528,22.1108947751688,3388,1095,0,590,15.9963369369507,196.623565673828,15.5023040771484,23.7065391540527
85.4706164368219,22.1110553665285,3389,1095,0,570,13.0131788253784,241.381057739258,10.0950498580933,19.1572437286377
85.4727082398043,22.1107791861905,3390,1095,0,594,14.0583839416504,194.98486328125,20.1997547149658,27.4590606689453
85.4704504214841,22.1104729749925,3391,1095,0,565,8.95534038543701,248.639221191406,11.4121446609497,13.3041343688965
85.4709357032806,22.1106442476442,3392,1095,0,572,10.4436912536621,222.775177001953,14.2150716781616,16.6433162689209
85.4296228843903,22.1100797589177,3393,1096,1,633,15.2935638427734,276.024505615234,16.2350959777832,21.1423740386963
85.4943151497272,22.110745100179,3394,1097,1,566,16.5126361846924,73.942741394043,5.97163963317871,21.0713081359863
85.494708737546,22.1104647559939,3395,1097,1,559,16.0570697784424,70.8753280639648,6.34038829803467,20.5912609100342
85.4252063920665,22.1099231905684,3396,1098,1,576,15.750168800354,308.689025878906,6.73485469818115,20.1990089416504
85.4647313305519,22.1103077387014,3397,1099,0,606,21.1785202026367,320.577545166016,18.2519359588623,29.4957618713379
85.5119227146797,22.1107455923517,3398,1100,1,541,14.1303615570068,282.222991943359,14.2366428375244,19.0525588989258
85.577418020154,22.1120418478176,3399,1101,1,486,15.4689445495605,93.3973388671875,8.97825050354004,19.8746070861816
85.5774580196889,22.1125105952278,3400,1101,1,491,15.6985340118408,115.026245117188,8.92235279083252,20.0997505187988
85.5773419460993,22.1112446891092,3401,1101,1,482,17.9716033935547,128.267852783203,14.6036796569824,28.3196048736572
85.5777882837979,22.1115369343981,3402,1101,1,473,18.4974956512451,101.307952880859,12.3508853912354,24.3310508728027
85.537623846285,22.1111380392941,3403,1102,1,506,15.4886951446533,101.089202880859,18.1980476379395,23.0434379577637
85.5375276202704,22.1106106103027,3404,1102,1,502,15.6741933822632,100.098114013672,20.9387664794922,24.6576557159424
85.4416281077875,22.1096626278815,3405,1103,1,715,16.6047134399414,206.661880493164,12.0456743240356,25.5734233856201
85.4411850638395,22.1099075114821,3406,1103,1,725,15.1464996337891,190.102355957031,11.5377550125122,20.4939022064209
85.4421234633529,22.1096077954517,3407,1103,1,721,15.5357761383057,207.762771606445,9.83534526824951,25.4558448791504
85.4829627528702,22.1102020100888,3408,1104,1,557,18.4181823730469,42.3787078857422,11.3151340484619,28.6356430053711
85.4824416777178,22.1104885732979,3409,1104,1,548,12.1209049224854,6.92631244659424,18.0526390075684,17.3205089569092
85.483464112285,22.1102311270289,3410,1104,1,537,12.5124950408936,58.849681854248,16.9258232116699,17.6068172454834
85.4476129103552,22.1101352834543,3411,1105,1,684,12.1335887908936,105.484519958496,20.9579429626465,16.1245155334473
85.4472671130119,22.1096608505714,3412,1105,1,680,17.2126274108887,140.138275146484,12.5060033798218,22.9346904754639
85.4544240146787,22.110193375228,3413,1106,1,667,7.82997846603394,298.491333007812,19.5718460083008,10.6301460266113
85.452237771388,22.1096609108648,3414,1106,1,650,14.006139755249,328.725646972656,11.3238067626953,18.7616634368896
85.4534578157485,22.1099542734284,3415,1106,1,657,16.9021816253662,336.562591552734,26.0526542663574,25.826343536377
85.4540548676733,22.1098271591335,3416,1106,1,672,17.9580192565918,346.914489746094,11.6210403442383,24.3104915618896
85.4529825525563,22.1094620444175,3417,1106,1,674,17.5433654785156,321.0908203125,13.9965343475342,23.9374179840088
85.4529585265854,22.1100249352814,3418,1106,1,651,17.6441631317139,324.299285888672,22.5879020690918,29.5803985595703
85.4836134617042,22.1098465920355,3419,1107,1,539,15.0560741424561,68.5435409545898,7.04437732696533,18.8679618835449
85.4967630098768,22.1099633550006,3420,1108,1,541,15.6065692901611,176.456161499023,10.9556045532227,21.2132034301758
85.4972620776107,22.1099439781748,3421,1108,1,541,15.5767669677734,170.193267822266,13.8293209075928,22.1359443664551
85.575075243945,22.1107148154362,3422,1109,1,493,14.2150287628174,126.78687286377,12.4096736907959,20.6397666931152
85.4922434855666,22.1097037948398,3423,1110,0,568,19.4834384918213,206.834884643555,20.9559745788574,33.8673896789551
85.4919916819966,22.1093060356824,3424,1110,0,557,19.3297290802002,223.559326171875,10.5463256835938,25.9422435760498
85.5746923902464,22.110529924467,3425,1111,1,496,14.2937507629395,183.885787963867,10.5470018386841,21.8860683441162
85.5746704152459,22.1100762556475,3426,1111,1,478,7.24744558334351,181.945129394531,13.6141967773438,11.357816696167
85.5783394298051,22.1105083501295,3427,1112,1,461,13.6249103546143,18.6961479187012,10.4943943023682,19.2873020172119
85.5782054365324,22.1100655469227,3428,1112,1,477,7.58098840713501,54.175594329834,14.6300296783447,13.1148767471313
85.458779581207,22.1095538508972,3429,1113,0,643,13.327410697937,74.9534759521484,12.8636779785156,16.8522987365723
85.4588153550228,22.1090385199213,3430,1113,0,645,13.403039932251,85.0648574829102,11.7513942718506,17.8325538635254
85.4605258159623,22.1093884372126,3431,1114,1,601,16.0012722015381,96.5675964355469,11.0018434524536,20.7605400085449
85.4603708147036,22.1088659150219,3432,1114,1,601,16.2051830291748,59.4785385131836,8.07680797576904,22.8691940307617
85.4668778666959,22.1089873099991,3433,1115,0,634,13.399561882019,78.0813369750977,11.1031684875488,19.2873020172119
85.466864552471,22.109509835996,3434,1115,0,625,17.1879119873047,45.3725852966309,17.2494983673096,23.259407043457
85.4466583660443,22.1086836438175,3435,1116,1,676,12.8748798370361,105.608322143555,10.7049770355225,18.6815414428711
85.5763554123577,22.109824980159,3436,1117,1,492,13.9503087997437,352.009246826172,15.8641815185547,21.771541595459
85.467967313134,22.1107750565334,3437,1118,1,586,18.5865612030029,63.9652366638184,5.37671661376953,24.6170673370361
85.4681428016168,22.1094689732041,3438,1118,1,588,20.8150787353516,77.5439147949219,5.71681022644043,27.7848873138428
85.4684601325968,22.1089245226971,3439,1118,1,581,17.9828586578369,76.1139831542969,8.15865325927734,23.2378997802734
85.4686273318942,22.1101947216054,3440,1118,1,573,19.49147605896,90,7.52726364135742,25.7099208831787
85.4679897074176,22.1121564731823,3441,1118,1,566,16.1614475250244,53.544620513916,6.31316375732422,21.9089031219482
85.4686300666243,22.109609120886,3442,1118,1,576,21.326286315918,76.64208984375,8.31696510314941,27.5862293243408
85.4672136126568,22.1121980350177,3443,1118,1,585,13.7701501846313,29.5490455627441,9.69388675689697,19.1311264038086
85.4682729331841,22.1113771817625,3444,1118,1,569,15.5787544250488,77.2569198608398,15.2003049850464,19.8242282867432
85.4676216198837,22.1118176012894,3445,1118,1,581,16.4294147491455,58.1059036254883,10.1064605712891,22.2934970855713
85.468580823932,22.1109801983309,3446,1118,1,564,16.2357788085938,66.7828216552734,13.7213401794434,21.7255611419678
85.4391178605917,22.1091945627196,3447,1119,0,778,13.1576642990112,143.781066894531,18.3285331726074,19.6468830108643
85.4390417192281,22.1084926788855,3448,1119,0,760,14.4648752212524,144.151000976562,13.9488372802734,22.3830299377441
85.4386931953291,22.1094654606357,3449,1119,0,784,18.256368637085,156.886291503906,16.7525253295898,29.1719036102295
85.4386836020906,22.1088471145836,3450,1119,0,766,14.0512256622314,140.347518920898,10.0756053924561,21.5870323181152
85.4619209663819,22.1086828305633,3451,1120,1,612,16.2976188659668,244.233383178711,7.63546943664551,20.5912609100342
85.4618453453437,22.1093543131168,3452,1120,1,616,15.7829179763794,297.656524658203,6.69003963470459,22.6274166107178
85.4399777067214,22.1087330400278,3453,1121,0,738,14.4835815429688,128.243637084961,13.223424911499,19.3649158477783
85.4398944425501,22.1082762676718,3454,1121,0,726,16.9029960632324,140.267517089844,11.13600730896,22.8254241943359
85.460754903442,22.1084765607317,3455,1122,1,614,13.4128227233887,11.4847946166992,5.37782287597656,17.9164733886719
85.5706208218936,22.1096183686222,3456,1123,1,491,15.1806592941284,165.25390625,16.6072559356689,23.7486839294434
85.5700300857462,22.1095205274429,3457,1123,1,491,11.8321437835693,176.456161499023,13.469217300415,15.65247631073
85.430857364607,22.1115050041685,3458,1124,0,659,11.3391571044922,241.949905395508,37.5305633544922,16.5529460906982
85.4295374460009,22.1090039525438,3459,1124,0,642,14.5772304534912,353.327880859375,15.9366245269775,22.1810722351074
85.4298256797323,22.1119419526514,3460,1124,0,644,10.6589937210083,211.835906982422,51.1268577575684,22.2934970855713
85.4263285571434,22.1094050935124,3461,1124,0,614,11.9951486587524,293.905487060547,21.9398193359375,14.8323965072632
85.4278543227223,22.1093267578079,3462,1124,0,626,10.2114753723145,338.934417724609,16.9087696075439,19.1049728393555
85.4269188047907,22.1084198660099,3463,1124,0,626,7.62505483627319,268.245025634766,23.5708389282227,15.8113880157471
85.430620780505,22.1089613598646,3464,1124,0,649,11.2397947311401,272.364807128906,18.5278034210205,22.2710571289062
85.4292558924916,22.1119848352858,3465,1124,0,643,8.60141658782959,212.833221435547,34.098217010498,14.3527002334595
85.429699534513,22.1114619070895,3466,1124,0,638,7.45202493667603,223.868728637695,8.70037651062012,16.431676864624
85.4289596126051,22.1098015560418,3467,1124,0,621,13.544602394104,336.784210205078,20.8919773101807,24.6373691558838
85.4306146738881,22.1082933341145,3468,1125,0,657,14.7232990264893,303.098083496094,11.9155540466309,22.0680770874023
85.4279455894138,22.1080123735231,3469,1126,0,652,14.5009117126465,259.957794189453,21.1056709289551,19.1311264038086
85.4888173901915,22.1085451172848,3470,1127,0,561,17.3772506713867,154.685562133789,10.6681289672852,24.7386341094971
85.4680525189131,22.1087778879744,3471,1128,0,596,13.448844909668,96.8928909301758,5.52445793151855,17.0587215423584
85.4684712249957,22.1082427686524,3472,1128,0,581,14.9581880569458,75.7865905761719,17.8885440826416,22.3383083343506
85.4679750448224,22.1083001009944,3473,1128,0,598,16.8400630950928,54.3769607543945,10.4535217285156,22.912878036499
85.4289055782223,22.107651111826,3474,1129,0,692,21.0861625671387,289.892150878906,19.4293594360352,32.0780296325684
85.4288173479347,22.1081464052114,3475,1129,0,679,14.3296699523926,291.663055419922,8.29229736328125,25.9422435760498
85.4620675264776,22.108336098465,3476,1130,1,615,15.9076251983643,234.870635986328,8.12425136566162,20.2731342315674
85.4624770111683,22.1079939047868,3477,1130,1,613,12.5168514251709,262.572296142578,8.3877124786377,16.9410743713379
85.5362556152409,22.1087404641683,3478,1131,1,516,15.1124095916748,122.097831726074,6.73455715179443,19.2353839874268
85.4310079128801,22.1076868316197,3479,1132,0,675,17.9176750183105,344.514190673828,51.9654159545898,29.9666481018066
85.4397912189674,22.1078140674993,3480,1133,0,719,14.1499633789062,117.087326049805,11.13600730896,19.261360168457
85.452108310796,22.1079610364864,3481,1134,0,679,14.3695497512817,320.189361572266,4.87528419494629,19.2093734741211
85.4516209176399,22.1079742473257,3482,1134,0,675,14.3429126739502,317.526031494141,7.61970329284668,18.8944435119629
85.5682824404882,22.1092723329327,3483,1135,1,490,20.0097370147705,168.375091552734,7.5113697052002,26.8328151702881
85.5677887304118,22.1092270673508,3484,1135,1,483,17.5297527313232,170.561752319336,13.4537267684937,23.4520778656006
85.5680567752047,22.109683709302,3485,1135,1,502,18.1650276184082,178.492294311523,10.2657203674316,25.1396102905273
85.5690714811739,22.109621501469,3486,1135,1,501,16.1135749816895,155.268783569336,10.3344097137451,23.021728515625
85.5672806945443,22.1090444556875,3487,1135,1,486,16.2583293914795,169.769195556641,8.28921318054199,21.8632106781006
85.4269353045451,22.1075553480864,3488,1136,0,614,12.4731349945068,229.555358886719,28.3958854675293,18.165901184082
85.4264834082344,22.1073746605268,3489,1136,0,606,28.6159191131592,352.7275390625,52.8064651489258,48.1456108093262
85.4598415142048,22.1078936425515,3490,1137,1,628,16.0406436920166,3.44283390045166,7.80666828155518,21.2602920532227
85.4648257462578,22.107935614137,3491,1138,1,659,15.8984146118164,300.251983642578,10.930739402771,20.8806133270264
85.5352636302872,22.1084354925988,3492,1139,1,527,15.2970485687256,137.265045166016,8.86209869384766,19.8242282867432
85.5357524577974,22.1084387576852,3493,1139,1,521,15.3412027359009,140.997314453125,5.33712196350098,20
85.4891156817696,22.1105061951232,3494,1140,0,603,13.6782350540161,192.288497924805,7.79892349243164,19.1049728393555
85.4874267648776,22.1089575301243,3495,1140,0,578,3.06088757514954,4.6300573348999,10.5379505157471,10.4403066635132
85.4867509836999,22.1084131527518,3496,1140,0,576,6.58694887161255,211.555969238281,24.2562961578369,11.6619033813477
85.488460726625,22.1091635627339,3497,1140,0,589,14.6784677505493,133.526077270508,17.4164695739746,23.2378997802734
85.4867523052525,22.1079267041522,3498,1140,0,567,16.1129035949707,214.597091674805,20.5078430175781,24.3926219940186
85.4893904618751,22.1112229997457,3499,1140,0,615,13.0544786453247,136.465606689453,6.14982414245605,18.9736652374268
85.4885255716342,22.1096715445025,3500,1140,0,590,3.44124603271484,52.1480255126953,22.9469337463379,7.87400770187378
85.4901021313101,22.1109772214128,3501,1140,0,600,13.0441370010376,104.344459533691,29.9293422698975,29.7321376800537
85.4889706638429,22.1094575435888,3502,1140,0,583,14.7646369934082,117.819854736328,24.1710681915283,23.473388671875
85.4874403793946,22.1079318399361,3503,1140,0,567,12.9410839080811,146.991744995117,18.3658504486084,19.4679222106934
85.433130360126,22.107178360631,3504,1141,0,804,27.3562870025635,328.851379394531,36.9043884277344,56.7802772521973
85.4328678819895,22.1075935082526,3505,1141,0,801,14.850040435791,307.088806152344,13.12668800354,28.2311878204346
85.4390902185636,22.1074047968268,3506,1142,0,732,9.5676212310791,127.451820373535,26.6789588928223,17.1464290618896
85.4458688509357,22.107550813844,3507,1143,1,671,13.6310348510742,164.514190673828,14.7555904388428,19.078784942627
85.4450960164725,22.1076602329179,3508,1143,1,683,16.8774833679199,180,6.30002403259277,22.5166606903076
85.4453756517556,22.1072839423761,3509,1143,1,666,3.10727000236511,146.178848266602,7.95277500152588,13.6381816864014
85.4445861138777,22.107408020358,3510,1143,1,674,15.4514846801758,164.604949951172,4.24099349975586,21.2602920532227
85.461395077423,22.1076850639487,3511,1144,1,618,15.349513053894,56.4520950317383,6.44846725463867,19.5192203521729
85.4608603015648,22.1077771407348,3512,1144,1,621,15.03675365448,56.6720962524414,4.15427398681641,19.9499378204346
85.4310239864094,22.1072648197278,3513,1145,0,687,11.5641031265259,349.055511474609,50.3932266235352,19.1049728393555
85.4693794085613,22.1080904682294,3514,1146,0,559,12.6833915710449,94.178825378418,11.5261077880859,22
85.4694995624328,22.1072473745848,3515,1146,0,562,23.0459289550781,20.800968170166,29.495246887207,35.7211418151855
85.5013508972021,22.1077053209789,3516,1147,1,518,15.93874168396,280.756072998047,9.42873096466064,22.9564800262451
85.429595391127,22.1067824350917,3517,1148,0,714,13.8973569869995,286.361389160156,44.7505187988281,19.3390789031982
85.429653709211,22.1073316991773,3518,1148,0,713,13.3348655700684,334.084106445312,22.4664039611816,23.9374179840088
85.428148974881,22.1067797912525,3519,1149,0,652,14.72571849823,310.933013916016,10.5447101593018,25.7293605804443
85.4266142517162,22.1067251218963,3520,1150,0,631,7.70905017852783,1.82733011245728,42.774055480957,18.4661846160889
85.4271509198596,22.1068148902609,3521,1150,0,631,12.1872243881226,350.799591064453,21.8946857452393,22.3383083343506
85.4446276101602,22.1067838300116,3522,1151,1,677,15.9281034469604,23.156795501709,3.93444442749023,21.2837963104248
85.4251902296144,22.1065195835596,3523,1152,0,592,13.2993650436401,291.360778808594,11.9711408615112,17.8044929504395
85.4630935088769,22.1067082694456,3524,1153,1,639,15.8877048492432,296.522094726562,12.2890100479126,21.1896209716797
85.4626929016237,22.1069997766293,3525,1153,1,626,15.9671211242676,312.33544921875,9.55843734741211,20.9045448303223
85.4736436324238,22.1069458845906,3526,1154,1,518,15.0727949142456,8.29388046264648,8.29306888580322,20.9045448303223
85.458453500464,22.1118830078506,3527,1155,1,658,17.279354095459,99.8657760620117,9.41164588928223,23.7697277069092
85.4580136602847,22.1106181417772,3528,1155,1,658,22.0887336730957,113.834938049316,20.1663284301758,34.0587730407715
85.4584007268059,22.1083828971449,3529,1155,1,654,23.3510971069336,91.0882949829102,9.71017646789551,30.4795017242432
85.4590371035962,22.1094562165603,3530,1155,1,634,15.6741933822632,79.9018936157227,6.92595291137695,19.8746070861816
85.458550444645,22.1102253004516,3531,1155,1,635,21.8936729431152,109.054534912109,20.949800491333,32.863353729248
85.458377001375,22.1097848547258,3532,1155,1,646,21.327262878418,51.716136932373,19.5894355773926,29.325756072998
85.4596713270071,22.109840599237,3533,1155,1,618,15.1492929458618,81.2901000976562,8.8168363571167,19.3907203674316
85.4582238015447,22.107089209296,3534,1155,1,649,18.7573909759521,101.843460083008,19.5863037109375,25.9615097045898
85.4590014242739,22.108450234701,3535,1155,1,632,16.2958793640137,102.967010498047,13.4924230575562,21.7485637664795
85.4583813084544,22.1109262130124,3536,1155,1,644,23.614953994751,108.592834472656,17.5058269500732,34
85.4335410077017,22.1063652665839,3537,1156,0,853,13.7704963684082,293.671813964844,22.2981548309326,28.7749900817871
85.4434178298789,22.1064306988343,3538,1157,1,690,15.0270137786865,341.241516113281,7.22335910797119,20.1990089416504
85.4897311404774,22.1066635646532,3539,1158,1,513,18.3112564086914,162.542739868164,17.5655975341797,26.153392791748
85.4889864942894,22.1067880053729,3540,1158,1,517,15.6913747787476,172.939239501953,20.195743560791,25.1197128295898
85.5760664444172,22.1075912351208,3541,1159,1,494,16.0878810882568,11.2194137573242,6.42262077331543,21.6564083099365
85.4431286942879,22.1060024226312,3542,1160,1,695,15.467698097229,338.97509765625,7.7556676864624,20.6397666931152
85.4426259649558,22.1060430903528,3543,1160,1,693,15.0270137786865,341.241516113281,11.8648023605347,20.2484569549561
85.4867815626212,22.1063665755549,3544,1161,1,515,18.0671043395996,186.839477539062,13.8756446838379,26
85.487234517386,22.1066016235778,3545,1161,1,518,16.768404006958,191.569458007812,15.7043695449829,22.8910465240479
85.5855290101121,22.107289559677,3546,1162,1,442,16.1226959228516,6.86097478866577,14.98606300354,21.3307285308838
85.4274325464499,22.1059674888486,3547,1163,0,668,11.4229354858398,353.868194580078,19.4485836029053,15.033296585083
85.4269368248252,22.1055928822483,3548,1163,0,672,14.6656742095947,314.827819824219,14.7156524658203,21.771541595459
85.4295279987482,22.1057867963867,3549,1164,0,758,17.3577861785889,349.657958984375,61.2019882202148,24.3104915618896
85.4333506766833,22.1056680271886,3550,1165,0,865,14.335503578186,333.9501953125,16.0577602386475,21.8632106781006
85.4725248522596,22.106150127186,3551,1166,1,530,17.8666324615479,336.314147949219,16.5133056640625,28
85.4740136818414,22.1058283880297,3552,1167,1,525,15.6868934631348,87.4898529052734,8.01816272735596,20.3469905853271
85.4484912078006,22.1056049535451,3553,1168,0,686,14.6428604125977,346.627105712891,4.24871063232422,20
85.4366356534645,22.1060906567332,3554,1169,0,825,14.4983911514282,113.351829528809,36.2778244018555,23.6008472442627
85.4359288122085,22.1061559611518,3555,1169,0,836,14.8843383789062,120.600212097168,16.81715965271,24.3926219940186
85.4366331330715,22.105333347683,3556,1169,0,818,16.5955562591553,132.382995605469,36.2778244018555,28.2311878204346
85.4363433102358,22.1064744709795,3557,1169,0,840,14.2150287628174,126.78687286377,8.33930969238281,22.2036037445068
85.4362827956078,22.1057336235908,3558,1169,0,823,11.7908773422241,122.02587890625,9.84641075134277,18.3847770690918
85.4687686465789,22.105406685051,3559,1170,1,594,15.8636932373047,99.1316299438477,11.9605045318604,22.5610275268555
85.4689488616864,22.1059013268919,3560,1170,1,595,14.7531623840332,89.1079177856445,10.6545886993408,19.2873020172119
85.427777414346,22.1050285045331,3561,1171,0,708,13.5987319946289,291.892791748047,14.4033050537109,32.3109893798828
85.4632350101223,22.1054857830424,3562,1172,1,661,15.1806592941284,345.25390625,6.9095573425293,20.5426387786865
85.4640631912235,22.1058858436466,3563,1172,1,670,16.3440628051758,289.605194091797,19.4362773895264,26.608268737793
85.4637105988014,22.1065372482133,3564,1172,1,652,16.7639865875244,278.610443115234,19.5721836090088,23.1300678253174
85.4641126515268,22.1070694647057,3565,1172,1,653,15.2961196899414,316.017913818359,11.6128015518188,20.4205780029297
85.4637859023839,22.1053899674794,3566,1172,1,666,18.4799652099609,311.487121582031,13.3115005493164,25.0998001098633
85.4736946487802,22.1056065579124,3567,1173,1,535,15.5462942123413,83.2290420532227,6.59926319122314,19.8494338989258
85.4422131208192,22.1051932449047,3568,1174,1,705,15.8562498092651,342.305419921875,8.13834095001221,21.8860683441162
85.4428761737533,22.105203913192,3569,1174,1,709,15.4418287277222,341.788452148438,8.86832427978516,20.8806133270264
85.4418401719566,22.1048994886733,3570,1174,1,708,15.7540073394775,338.455505371094,7.2573299407959,20.9045448303223
85.4619851755151,22.1055017750797,3571,1175,1,644,17.2009334564209,313.526062011719,7.94243049621582,22.6053085327148
85.4625442738531,22.105631099673,3572,1175,1,645,15.4467973709106,324.691558837891,5.84225463867188,20.4694900512695
85.4621801254434,22.1050784693688,3573,1175,1,652,15.1124095916748,302.097839355469,6.38803291320801,20.7846088409424
85.5338085912435,22.1061685926508,3574,1176,1,528,18.4244346618652,134.548690795898,11.9983158111572,25.4165306091309
85.5330150788433,22.106149617004,3575,1176,1,539,15.8750429153442,159.567810058594,20.2239303588867,23.8117618560791
85.5335376948853,22.1057341423967,3576,1176,1,522,16.164909362793,146.565475463867,18.6898002624512,24.1660919189453
85.4248288396227,22.1045520685817,3577,1177,1,595,15.6741724014282,270.837188720703,13.3354635238647,21.1423740386963
85.4247630174521,22.1050046699249,3578,1177,1,597,17.7363586425781,267.060882568359,11.880241394043,23.0867919921875
85.4554939902271,22.1052250580084,3579,1178,1,671,18.3245086669922,127.342834472656,7.24304389953613,24.020824432373
85.4557627618932,22.1057017032646,3580,1178,1,668,16.0645408630371,128.788909912109,12.8855276107788,22.7596130371094
85.4548526236357,22.1049613379469,3581,1178,1,678,13.9550256729126,125.272529602051,7.65185642242432,18.1934051513672
85.4550424519777,22.1054185233104,3582,1178,1,678,15.3020992279053,134.771179199219,11.2543544769287,19.7737197875977
85.5089115658057,22.1059362881896,3583,1179,1,559,16.2491321563721,138.206344604492,29.9830551147461,21.1660099029541
85.5095786122039,22.107036937121,3584,1179,1,560,21.4244403839111,104.522918701172,18.2587127685547,31.4006366729736
85.5101335108463,22.1074755544928,3585,1179,1,536,16.834156036377,79.854118347168,11.2409496307373,22.472204208374
85.5092492226885,22.1065921604658,3586,1179,1,566,20.0592632293701,120.349464416504,30.5381278991699,32.4653663635254
85.5092630480175,22.1052842530832,3587,1179,1,541,18.4683799743652,109.356727600098,18.2139186859131,25.3968505859375
85.5096044054933,22.1058834040606,3588,1179,1,534,22.8248291015625,109.342300415039,29.2916450500488,34.4383506774902
85.5101482649426,22.1070168657995,3589,1179,1,536,15.3986511230469,114.633277893066,19.2873935699463,20.4939022064209
85.521270233385,22.1052317380818,3590,1180,1,518,15.0986232757568,294.223907470703,14.710470199585,19.8494338989258
85.5217951485008,22.1057844152164,3591,1180,1,507,18.3840084075928,2.23301601409912,15.2189102172852,25.2982215881348
85.5225227555349,22.1057892310309,3592,1180,1,505,15.5055046081543,351.950408935547,11.8507204055786,22
85.5212693006147,22.1057671454178,3593,1180,1,503,15.1818542480469,339.515228271484,20.820671081543,21.6333084106445
85.4268174054212,22.104659669877,3594,1181,0,658,23.1888313293457,225.678695678711,26.1064834594727,33.7490730285645
85.4266779128103,22.1042222867638,3595,1181,0,652,13.6993417739868,223.677917480469,22.6466522216797,22.5610275268555
85.4310068419458,22.1047418852797,3596,1182,0,831,14.2937507629395,356.114227294922,19.4919452667236,26.1725044250488
85.4301093392224,22.1047370480716,3597,1182,0,833,15.754919052124,330.685607910156,52.5981521606445,36
85.4305719079378,22.1043486716107,3598,1182,0,841,9.44630146026611,294.766052246094,24.6060905456543,26.2868785858154
85.5480803696605,22.105351003419,3599,1183,1,480,15.2541790008545,85.6890106201172,11.1268310546875,21.470911026001
85.5820044108115,22.1079995573006,3600,1184,1,493,16.5990028381348,119.678718566895,19.8044986724854,22.427661895752
85.5822263535691,22.1086253216813,3601,1184,1,462,20.974157333374,24.6213512420654,22.0678844451904,29.068883895874
85.5821107739545,22.1069923500908,3602,1184,1,475,17.7076148986816,64.9285507202148,8.98871421813965,22.8910465240479
85.5824559306737,22.1065119344573,3603,1184,1,473,16.9191970825195,71.9408721923828,19.3187561035156,22.226110458374
85.5780303095947,22.1082127330898,3604,1184,1,483,16.8451328277588,339.120330810547,13.5116100311279,22.7596130371094
85.5829275450935,22.1066264908687,3605,1184,1,463,21.4997882843018,72.4317016601562,13.4961910247803,29.4278774261475
85.5833097326392,22.1061411837979,3606,1184,1,452,10.9030666351318,26.6265716552734,23.5505905151367,16.5227108001709
85.5792545513915,22.1084206845371,3607,1184,1,479,22.1019954681396,1.82733011245728,24.3749351501465,32.1714172363281
85.5825362255243,22.1080069447004,3608,1184,1,473,21.8703365325928,115.403739929199,8.0230712890625,28.372522354126
85.580199029585,22.1083377293076,3609,1184,1,483,20.2536907196045,360,27.3500213623047,32.5576400756836
85.4414880134989,22.1045028212368,3610,1185,1,719,16.6836910247803,350.047637939453,6.74917793273926,22.3383083343506
85.4399341946984,22.1045878395566,3611,1185,1,703,15.5800094604492,342.894378662109,21.942554473877,21.1187114715576
85.4397063008442,22.1041810215877,3612,1185,1,725,17.5221176147461,359.216644287109,18.6210708618164,25.8843574523926
85.4407089084993,22.1043501139632,3613,1185,1,717,16.0406436920166,356.557159423828,6.74917793273926,22.6274166107178
85.4405311686696,22.1048241280033,3614,1185,1,700,13.3404054641724,341.974212646484,15.5265436172485,18.7082862854004
85.4393424764026,22.1045180027964,3615,1185,1,700,11.6160068511963,26.1656303405762,21.942554473877,20
85.4733074110461,22.1046306534964,3616,1186,1,537,14.5477733612061,86.3767547607422,6.13660907745361,21.1896209716797
85.4772043811348,22.1045716630076,3617,1187,0,539,13.1581296920776,50.8495941162109,8.9586181640625,21.3541564941406
85.4776775714697,22.1047749400443,3618,1187,0,534,12.2005319595337,35.3763313293457,8.33498001098633,23.345235824585
85.4451399599182,22.1047086525894,3619,1188,1,680,25.5622062683105,100.370086669922,21.7695541381836,36.3318023681641
85.4450379937481,22.106005934791,3620,1188,1,684,16.5082454681396,82.0483245849609,15.5600252151489,21.470911026001
85.4448661615439,22.1042624335152,3621,1188,1,687,21.6579036712646,123.175811767578,17.5862274169922,29.1376037597656
85.4441227100086,22.1041548853546,3622,1188,1,698,16.1135749816895,155.268783569336,8.45584678649902,21.8632106781006
85.4433833292618,22.1041717078479,3623,1188,1,709,15.4418287277222,161.788467407227,9.75961303710938,21.1896209716797
85.444618061656,22.1053472119751,3624,1188,1,704,20.9096698760986,83.8396148681641,23.3788299560547,35.0998573303223
85.4439615928963,22.104603124894,3625,1188,1,716,6.66103649139404,121.776321411133,12.2486667633057,11.4017543792725
85.4446066274933,22.1048047468966,3626,1188,1,699,24.6821479797363,102.363227844238,20.6450386047363,35.5246391296387
85.4779280049531,22.1045132270373,3627,1189,1,526,15.1492929458618,98.7098999023438,7.37651634216309,18.8679618835449
85.5344289761498,22.1051995943281,3628,1190,1,514,7.3458776473999,350.362548828125,17,12.8840990066528
85.4717786286403,22.1041926437156,3629,1191,1,564,15.0262622833252,321.162536621094,17.9443855285645,22.3159141540527
85.4713296318747,22.104595525893,3630,1191,1,542,5.85741472244263,2.41146159172058,11.788990020752,15.0996685028076
85.4720127293364,22.104590316268,3631,1191,1,554,14.0585489273071,312.165618896484,16.2585124969482,19.2873020172119
85.4263982982806,22.1037511260696,3632,1192,0,631,12.9410963058472,282.363220214844,14.3564128875732,23.9165210723877
85.4631780006519,22.1038482207894,3633,1193,1,701,10.9328784942627,339.050964355469,10.5577783584595,14.7309198379517
85.4626238940917,22.1039443879716,3634,1193,1,690,18.625150680542,334.185638427734,17.7974262237549,27.3861274719238
85.462490630535,22.104719270541,3635,1193,1,668,18.0184097290039,307.229888916016,17.3504791259766,25.6709957122803
85.4642486972358,22.1037920957755,3636,1193,1,711,8.50332641601562,322.678558349609,16.3471794128418,15.7797336578369
85.46091803101,22.1040711725152,3637,1193,1,669,16.0251998901367,346.086639404297,14.5094633102417,23.7907543182373
85.4635405924771,22.1045009424817,3638,1193,1,681,15.3361530303955,346.344085693359,10.7261438369751,20.5182838439941
85.4617290540507,22.1037241213557,3639,1193,1,680,15.9180030822754,328.012969970703,20.2917747497559,21.023796081543
85.4641343588458,22.1042470620208,3640,1193,1,692,18.7207260131836,335.144500732422,9.16108894348145,25.7487869262695
85.461840093759,22.1043464463587,3641,1193,1,655,21.8003387451172,334.426330566406,21.3227062225342,34.7419052124023
85.4629947570044,22.1043612102829,3642,1193,1,682,17.2282791137695,342.167266845703,6.50551414489746,24
85.5078038307403,22.1042909861241,3643,1194,1,523,17.4954833984375,147.719711303711,24.9362697601318,27.2580261230469
85.5072167895593,22.1042018465415,3644,1194,1,529,15.1707000732422,176.349060058594,22.6691188812256,25
85.5065669699967,22.1044999156741,3645,1194,1,541,15.0727949142456,188.293884277344,13.0719089508057,21.3072757720947
85.5093993517123,22.1047148248278,3646,1194,1,538,14.6658334732056,119.054832458496,18.8112983703613,24.7790241241455
85.5087671765684,22.1040950584432,3647,1194,1,516,16.8839244842529,181.6298828125,33.7644271850586,30.1827774047852
85.5092863481531,22.1042305612904,3648,1194,1,517,12.0732860565186,175.369934082031,27.9807586669922,21.1896209716797
85.508682420845,22.1046437174314,3649,1194,1,541,10.328574180603,171.830078125,22.8625144958496,14.6969385147095
85.4555698417014,22.1037402906214,3650,1195,1,678,8.86868476867676,3.17160701751709,13.8410015106201,21.4476108551025
85.4554400713505,22.1042171895351,3651,1195,1,656,5.80981254577637,14.7460861206055,17.4465522766113,16.4620780944824
85.4550513663797,22.1035663809772,3652,1195,1,666,16.6846618652344,323.810028076172,10.6919717788696,21.771541595459
85.4665935198219,22.1037222238789,3653,1196,0,642,14.8754739761353,146.46012878418,24.286247253418,21.023796081543
85.5026242117236,22.1045247531246,3654,1197,1,534,17.3628082275391,175.248641967773,19.9579200744629,25.5342903137207
85.501962891018,22.1042065656089,3655,1197,1,521,20.0788974761963,183.384948730469,15.4720497131348,28.3196048736572
85.5011006772394,22.1043188342824,3656,1197,1,524,19.1548480987549,216.618530273438,20.0149402618408,26.6645832061768
85.5033830804598,22.1043504943183,3657,1197,1,537,17.4446315765381,191.890731811523,21.3087024688721,26.324893951416
85.503952563033,22.1044354828895,3658,1197,1,540,15.3762311935425,182.698989868164,22.6754531860352,25.3179779052734
85.5008646608983,22.1038716551715,3659,1197,1,504,7.44295263290405,193.372894287109,20.7124443054199,11.7046995162964
85.5016258606936,22.1046122530821,3660,1197,1,542,11.5601787567139,214.734375,17.3503532409668,16.822603225708
85.5043366106514,22.1040520268469,3661,1197,1,527,18.3724346160889,180.744674682617,14.5513391494751,25.4754791259766
85.5014537185734,22.1039535555037,3662,1197,1,512,12.935640335083,206.809921264648,15.8096046447754,17.9164733886719
85.4236139023131,22.1032612627314,3663,1198,0,601,14.9677362442017,304.570434570312,10.6718997955322,21.3307285308838
85.4241144910729,22.1029956392832,3664,1198,0,610,13.7041893005371,303.699371337891,5.578125,19.3907203674316
85.4455033337599,22.1032319963201,3665,1199,0,698,14.8236875534058,325.190704345703,12.6347312927246,23
85.468772487626,22.1036501424441,3666,1200,1,603,15.2146711349487,89.1362380981445,9.08236980438232,20.0997505187988
85.4284341015254,22.1029828069818,3667,1201,0,730,21.1103610992432,345.099029541016,33.1681976318359,32.2490310668945
85.5312181670546,22.1061291942248,3668,1202,1,530,16.2913475036621,194.54150390625,22.0425415039062,24.7790241241455
85.532193137987,22.1046083146387,3669,1202,1,518,15.8008251190186,262.507751464844,15.18825340271,22.2934970855713
85.5325639101329,22.1061022296159,3670,1202,1,542,15.1707000732422,176.349060058594,29.6994018554688,24.6576557159424
85.5322307557028,22.1037676001249,3671,1202,1,511,15.349513053894,236.452087402344,13.7113466262817,21.3775577545166
85.532327686638,22.1056203351957,3672,1202,1,520,15.071494102478,241.837249755859,22.9905490875244,19.4679222106934
85.531923469475,22.1060425103998,3673,1202,1,536,21.1873760223389,208.609680175781,29.9444007873535,32.186954498291
85.5323683058595,22.1051103530331,3674,1202,1,517,15.2220001220703,259.583160400391,7.38628196716309,19.5192203521729
85.4582180234754,22.1031644517988,3675,1203,1,659,16.0701141357422,68.2818298339844,12.7170286178589,20.6155281066895
85.4610299690769,22.1030352571575,3676,1204,1,693,13.9416551589966,327.3828125,7.42462253570557,19.7230834960938
85.585782285833,22.1053049051668,3677,1205,1,438,10.1858835220337,59.8669166564941,20.9739398956299,16.9410743713379
85.5857855785117,22.1047679162249,3678,1205,1,449,21.6214256286621,51.637508392334,24.321325302124,30.8544979095459
85.586025675772,22.1040115374426,3679,1205,1,460,17.279354095459,99.8657760620117,11.7162685394287,23.8327503204346
85.4537126880698,22.1034277227782,3680,1206,1,665,7.82119750976562,131.045349121094,21.3939781188965,12.3288278579712
85.4528214850697,22.1026898736796,3681,1206,1,670,9.36068058013916,95.7095794677734,11.5580825805664,14.7309198379517
85.4525488487924,22.1033279012294,3682,1206,1,691,16.7841987609863,126.733787536621,12.2312898635864,22.1359443664551
85.4531452283157,22.1036701269917,3683,1206,1,687,21.4251556396484,136.131271362305,12.9717636108398,29.1890392303467
85.4536543265978,22.1044339935009,3684,1206,1,687,17.2126274108887,140.138275146484,9.89631462097168,24.3926219940186
85.4538534749153,22.1039426894755,3685,1206,1,676,16.895435333252,116.451713562012,14.0906705856323,22.8691940307617
85.452250141727,22.1026950715719,3686,1206,1,681,14.4835815429688,128.243637084961,11.5580825805664,18.6547584533691
85.4530820458148,22.1031213896478,3687,1206,1,667,15.1663017272949,127.229881286621,17.0646190643311,22.7376346588135
85.4530680589161,22.104586068814,3688,1206,1,697,15.349513053894,123.547912597656,7.91862773895264,19.6977157592773
85.4625039777765,22.103102432751,3689,1207,1,702,16.5619926452637,318.112762451172,7.90625095367432,21.470911026001
85.462024647596,22.1030321217496,3690,1207,1,704,15.5506248474121,327.118591308594,11.9840784072876,19.8494338989258
85.481084842828,22.1029677954115,3691,1208,1,503,15.5012283325195,95.0885696411133,7.27712345123291,19.078784942627
85.5639450060177,22.10354151554,3692,1209,1,459,16.1439018249512,267.564697265625,14.8738117218018,22.2934970855713
85.5641677590349,22.1042198443735,3693,1209,1,457,19.292911529541,279.437438964844,17.6788024902344,26.2678508758545
85.424321815072,22.1025374425248,3694,1210,0,619,13.8793354034424,250.618698120117,14.9081754684448,18.788293838501
85.4247873493592,22.1027885145452,3695,1210,0,627,11.2399101257324,299.6787109375,24.5416717529297,18.7082862854004
85.4240104377168,22.1021423512303,3696,1210,0,604,18.0010395050049,295.403747558594,21.7168006896973,35.5808944702148
85.4246514461655,22.1021728591594,3697,1210,0,628,13.5862846374512,288.803955078125,22.4320983886719,22.0227146148682
85.4244496355539,22.1031383916088,3698,1210,0,622,14.9449014663696,337.162658691406,11.3315296173096,22.8910465240479
85.459445263608,22.1024985840298,3699,1211,1,669,16.6904277801514,308.976806640625,6.1038761138916,21.3775577545166
85.4593619014374,22.1029494322462,3700,1211,1,664,15.03675365448,303.327911376953,7.94731044769287,19.3132076263428
85.4716249256965,22.1025811848831,3701,1212,1,574,14.4983911514282,293.351837158203,13.3731603622437,19.6977157592773
85.5852807331809,22.1036503224588,3702,1213,1,456,16.614860534668,202.990097045898,14.1462516784668,22.3606796264648
85.5857537278161,22.1037646271821,3703,1213,1,459,15.1486749649048,178.172668457031,13.6422443389893,21.7485637664795
85.5283929555552,22.104114791385,3704,1214,1,525,24.3377704620361,175.621475219727,15.2866191864014,34.423828125
85.5297963058487,22.1032625615599,3705,1214,1,512,24.0508060455322,190.589172363281,17.4230442047119,34.4383506774902
85.5278563591791,22.1039777353926,3706,1214,1,526,17.8623142242432,191.590347290039,13.353494644165,24.7991943359375
85.530508416639,22.1030990622996,3707,1214,1,503,18.589786529541,164.365005493164,19.5604782104492,27.1661548614502
85.5308595209626,22.1034858689152,3708,1214,1,505,15.8877048492432,116.522087097168,13.0580730438232,22.6495037078857
85.5284392431101,22.103654530884,3709,1214,1,508,9.97798156738281,155.348587036133,15.8272094726562,13.9283885955811
85.5293196453382,22.1038887910866,3710,1214,1,517,15.99498462677,218.125869750977,14.0595436096191,21.1660099029541
85.3957447515603,22.1019007372619,3711,1215,1,493,18.3724346160889,0.744676828384399,12.6709957122803,25.3968505859375
85.3934707160199,22.1020013236716,3712,1215,1,489,18.0197010040283,354.67041015625,14.6157636642456,26.0384330749512
85.3968878263193,22.1018784529836,3713,1215,1,500,11.9331083297729,33.4676208496094,15.9047164916992,20.2484569549561
85.3931104637713,22.101647045515,3714,1215,1,502,16.6768531799316,2.47744131088257,16.9179821014404,23.4093990325928
85.394459493703,22.1018463435618,3715,1215,1,505,9.08776664733887,1.54634976387024,20.7300109863281,16.8819427490234
85.39367547244,22.101580606531,3716,1215,1,509,4.7899923324585,11.8907260894775,19.8880805969238,10.3440799713135
85.3964109868906,22.102012712122,3717,1215,1,491,16.6050033569336,12.5399761199951,11.8954610824585,23.259407043457
85.445673599645,22.1020835274389,3718,1216,0,739,21.7556114196777,344.954254150391,18.6464233398438,31.8433666229248
85.4458201104935,22.1025536393975,3719,1216,0,727,13.5191688537598,324.935729980469,7.7756519317627,19.8746070861816
85.4299138132846,22.1020360303956,3720,1217,0,804,13.1161642074585,297.225402832031,32.1586647033691,19.1833267211914
85.4309345335677,22.1019748481226,3721,1218,0,845,11.1000957489014,255.477081298828,41.2013511657715,18.2208671569824
85.5065644367887,22.102612993228,3722,1219,1,536,14.0585489273071,312.165618896484,11.5561971664429,18.5202598571777
85.5464177372874,22.103031060817,3723,1220,1,478,15.4514846801758,195.395050048828,13.1184759140015,22.6053085327148
85.5427399788929,22.1029487677677,3724,1221,1,495,18.9519214630127,29.3562564849854,19.1848831176758,28.5657138824463
85.5433235363458,22.102881454506,3725,1221,1,484,15.5800094604492,17.1056156158447,11.8548030853271,20.9284496307373
85.5420879181401,22.1028073457894,3726,1221,1,499,15.3762311935425,2.69899892807007,18.5476493835449,23.259407043457
85.5375201557128,22.1026964274391,3727,1222,1,499,15.258415222168,172.727523803711,14.8078117370605,20.8806133270264
85.5380058126782,22.1028060276855,3728,1222,1,495,16.8654975891113,166.831924438477,17.7885227203369,25.1992053985596
85.4862030510505,22.102908208692,3729,1223,1,523,16.7052364349365,277.062438964844,7.00743293762207,21.7944946289062
85.4865354453967,22.1034721394837,3730,1223,1,526,20.9096698760986,276.160369873047,6.47363090515137,28.1069393157959
85.4864720434065,22.1049696119621,3731,1223,1,518,13.5862846374512,288.803955078125,8.92105484008789,17.3781471252441
85.4862335317783,22.1023903951644,3732,1223,1,523,16.3147163391113,261.136566162109,6.49132347106934,21.6101837158203
85.4870774046966,22.1045856027773,3733,1223,1,542,17.7784080505371,287.102691650391,10.6111841201782,23.8327503204346
85.4869387766257,22.1031169215923,3734,1223,1,541,15.9078435897827,268.351318359375,15.4974193572998,23.4520778656006
85.486529406422,22.1041957343923,3735,1223,1,524,15.2220001220703,280.416839599609,10.9804954528809,21
85.4402526531508,22.101489619822,3736,1224,1,737,15.03675365448,123.327896118164,9.54636669158936,18.9736652374268
85.4612900039276,22.1017762178994,3737,1225,1,714,15.0037641525269,319.89404296875,12.2824592590332,20.6639785766602
85.4783133493201,22.1020100501325,3738,1226,1,549,15.6385688781738,157.32551574707,16.5999298095703,23.473388671875
85.4775971837479,22.1049868967606,3739,1227,1,524,18.0197010040283,5.32957792282104,7.66874313354492,25.7293605804443
85.4768816788997,22.1050203659332,3740,1227,1,524,18.693058013916,11.0323762893677,8.86778259277344,25.5734233856201
85.4749471561185,22.1044557998314,3741,1227,1,541,17.4092292785645,21.8195934295654,12.8062772750854,24.3926219940186
85.4755080232751,22.1041273227426,3742,1227,1,546,17.5297527313232,9.43825054168701,11.8674612045288,23.8117618560791
85.4803077050486,22.1019312454312,3743,1227,1,510,16.9554767608643,17.2964649200439,18.4893608093262,28.9309520721436
85.4759150612176,22.1043739901073,3744,1227,1,535,18.1826438903809,356.986663818359,9.91716575622559,25.2982215881348
85.4795300815887,22.1032544066206,3745,1227,1,540,18.1076240539551,43.3471603393555,16.4138679504395,25.2982215881348
85.4801537154677,22.1044401673368,3746,1227,1,504,13.0753602981567,30.1191082000732,15.4729566574097,17.7482395172119
85.4811006328785,22.1016199183368,3747,1227,1,525,15.5767669677734,9.80673980712891,28.2111396789551,29.8161029815674
85.4794229335722,22.1041485897709,3748,1227,1,519,21.704195022583,11.8907260894775,11.6805152893066,30.066593170166
85.4371236708164,22.101517262475,3749,1228,1,767,16.3580436706543,90,12.6160202026367,21.0950222015381
85.4984872531767,22.1017548421687,3750,1229,1,499,17.2354927062988,321.235595703125,20.3772716522217,25.5734233856201
85.4991873310348,22.1018822338826,3751,1230,1,506,15.5800094604492,17.1056156158447,8.83199882507324,20.4939022064209
85.4276096346618,22.1020373758716,3752,1231,0,753,8.43352699279785,332.237213134766,25.971248626709,17.4355964660645
85.4281681979528,22.1018924570795,3753,1231,0,755,11.8026208877563,321.704833984375,47.9939842224121,21.5174350738525
85.4278686483248,22.1012404870985,3754,1231,0,759,11.2096481323242,308.362487792969,26.1518478393555,26.8886585235596
85.5779578857295,22.1026477522533,3755,1232,1,469,18.4683799743652,250.643280029297,15.990816116333,28.9136638641357
85.5781488176692,22.1034139560154,3756,1232,1,466,15.0427894592285,275.251800537109,9.83153438568115,19.5959186553955
85.5782458781249,22.1022425616747,3757,1232,1,465,16.442943572998,201.447052001953,13.2611875534058,21.470911026001
85.4902232583508,22.1014448277771,3758,1233,1,515,17.627311706543,69.6112823486328,11.0486106872559,26.1151294708252
85.489951567397,22.1018691525045,3759,1233,1,513,15.1505851745605,28.571044921875,15.3447999954224,20.0997505187988
85.5035007232889,22.1018323447298,3760,1234,1,513,18.5990791320801,339.737335205078,22.491174697876,29.0172367095947
85.5043036279074,22.1020115195551,3761,1234,1,528,20.0441284179688,335.538146972656,18.0201587677002,28.0535202026367
85.5030339370597,22.1016010152373,3762,1234,1,523,16.4459285736084,346.469360351562,18.0627861022949,23.3238067626953
85.5040409620222,22.1015955491517,3763,1234,1,537,17.7814445495605,331.896026611328,23.4561500549316,28.5482044219971
85.4015300125927,22.1006249453094,3764,1235,1,497,15.6065692901611,356.456146240234,7.22844982147217,20.9761772155762
85.4362179480228,22.1011098986763,3765,1236,1,780,15.0720729827881,105.904846191406,10.5991821289062,18.9736652374268
85.4644437025988,22.1014237589765,3766,1237,0,664,14.03551197052,154.426330566406,26.6587734222412,19.7484169006348
85.4649691133889,22.1013395522399,3767,1237,0,660,12.7308025360107,136.543029785156,15.314395904541,18.6547584533691
85.4497074239092,22.1008319472051,3768,1238,1,697,15.3509254455566,111.923316955566,10.8167657852173,20.0997505187988
85.4502736680793,22.1017895170318,3769,1238,1,681,22.6808910369873,141.704833984375,36.9900131225586,40.5955657958984
85.4507514301906,22.1019347404687,3770,1238,1,695,21.0109539031982,158.230911254883,25.7294960021973,31.1929473876953
85.4499276477282,22.101451820415,3771,1238,1,701,16.3986759185791,104.522926330566,15.5748748779297,21.6333084106445
85.3965082858786,22.1005878305296,3772,1239,1,516,15.7703638076782,71.3743133544922,16.5789413452148,27.892650604248
85.3968778590733,22.1002764733432,3773,1239,1,502,18.3969345092773,92.1193466186523,15.7271251678467,24.3721160888672
85.4493164598099,22.1012899764417,3774,1240,1,715,15.7703638076782,108.625686645508,11.7018747329712,21.4476108551025
85.4492162529802,22.1008108341962,3775,1240,1,708,16.7083606719971,115.050285339355,6.75597095489502,22.472204208374
85.4539422323225,22.1022998561995,3776,1241,1,685,19.6993083953857,338.053955078125,11.8910522460938,26.8141746520996
85.4526945573302,22.1010729140479,3777,1241,1,682,19.4834384918213,333.165130615234,13.5820007324219,28.2311878204346
85.4535567979069,22.101767067207,3778,1241,1,698,15.6127042770386,315.96484375,22.4834823608398,25.5147018432617
85.453189367576,22.1021011570352,3779,1241,1,680,19.8240413665771,329.808227539062,17.9917221069336,26.7581768035889
85.4531984559355,22.1012438311083,3780,1241,1,700,16.2428379058838,317.036010742188,21.1330909729004,22.9564800262451
85.4543998171189,22.1025389272627,3781,1241,1,679,17.7642421722412,335.312591552734,13.0370121002197,24.0831890106201
85.4528764277154,22.1015847409473,3782,1241,1,683,17.7806396484375,291.762084960938,16.4291591644287,25.0798721313477
85.4886011242765,22.103122574513,3783,1242,1,525,16.8648452758789,94.654411315918,13.9277667999268,22.8691940307617
85.488195499707,22.1024874799092,3784,1242,1,534,18.3224811553955,102.150024414062,9.44964027404785,23.8746719360352
85.4891614482879,22.1050841800352,3785,1242,1,520,21.7758903503418,68.3170776367188,12.9830169677734,28.9136638641357
85.4878606825611,22.1014681601148,3786,1242,1,522,18.2162132263184,166.344100952148,19.4564056396484,25.2586612701416
85.488295859018,22.101725001006,3787,1242,1,527,16.2429656982422,135.865188598633,20.0777893066406,22.4053573608398
85.4884324019752,22.1047733960778,3788,1242,1,549,15.6458721160889,67.6282806396484,20.1028289794922,23.9791584014893
85.4886745642684,22.1041494710597,3789,1242,1,539,20.3053913116455,101.504547119141,8.43804359436035,27.1108837127686
85.4881204888951,22.1040088272727,3790,1242,1,549,17.0941905975342,126.864967346191,20.3102645874023,23.0867919921875
85.4887105633731,22.1054975747278,3791,1242,1,525,18.5093383789062,49.5279655456543,12.414026260376,25.0998001098633
85.488731447094,22.1024878744978,3792,1242,1,514,16.3640842437744,91.600212097168,10.3372020721436,22.8910465240479
85.4582952382626,22.1008987500532,3793,1243,1,687,16.442943572998,338.552947998047,6.62904167175293,23.1084403991699
85.4603056130718,22.1016779914503,3794,1243,1,698,16.3763160705566,324.017242431641,9.93998527526855,21.8403301239014
85.4591749064544,22.1008859195251,3795,1243,1,702,15.2426443099976,327.412780761719,5.62837028503418,20.4939022064209
85.4592573981486,22.1018616002737,3796,1243,1,681,20.086296081543,323.828521728516,13.6951351165771,28.2311878204346
85.4589353811628,22.1014851801492,3797,1243,1,682,17.7018413543701,330.865783691406,9.30978584289551,24.1039409637451
85.4598249509852,22.1014567168929,3798,1243,1,703,16.015022277832,334.143707275391,10.1180572509766,22.6495037078857
85.4584557218342,22.1013417320348,3799,1243,1,683,17.4377861022949,326.654571533203,8.61898040771484,23.473388671875
85.4259365653068,22.1004153495544,3800,1244,0,689,13.4986085891724,256.166046142578,57.4026031494141,20.3469905853271
85.4263404985272,22.1006857448636,3801,1244,0,691,11.7404708862305,257.466918945312,40.4970703125,24.6981773376465
85.435757319895,22.1005641093835,3802,1245,1,789,15.1745080947876,116.968688964844,3.41648864746094,19.4164886474609
85.4767281842054,22.1009058810432,3803,1246,1,543,15.3763236999512,210.150863647461,10.1802129745483,20.7123146057129
85.5278604801237,22.1012720906638,3804,1247,1,511,15.1355638504028,324.935729980469,9.8117618560791,19.7484169006348
85.4479069348673,22.1046659939405,3805,1248,1,705,18.8796939849854,329.676635742188,16.3446311950684,25.2586612701416
85.4464746603375,22.1043077404343,3806,1248,1,680,27.4902610778809,334.971984863281,26.3185024261475,40.0124969482422
85.4437857391862,22.1023216001969,3807,1248,1,700,18.6733055114746,354.135467529297,19.127836227417,25.5734233856201
85.4492454646068,22.1055972549276,3808,1248,1,697,20.3466682434082,322.751708984375,7.17928123474121,26.8514423370361
85.4419406347106,22.1013437485218,3809,1248,1,738,21.652379989624,352.502807617188,19.1114311218262,29.8328685760498
85.4519726795185,22.1083750838423,3810,1248,1,674,15.0922164916992,323.6845703125,5.4571475982666,19.8997478485107
85.4438958970362,22.1014177239062,3811,1248,1,733,16.5903587341309,328.561920166016,26.1757831573486,22.3606796264648
85.4464802687259,22.1029343398723,3812,1248,1,728,19.6325035095215,316.392059326172,12.9368362426758,26.9258232116699
85.4444703722932,22.1021017664193,3813,1248,1,703,15.8211755752563,335.714691162109,28.6508159637451,22.1133441925049
85.4431676596183,22.1020982019508,3814,1248,1,696,19.0531520843506,355.699371337891,29.8511085510254,26.6270542144775
85.566867139304,22.1017930545012,3815,1249,1,466,16.1098384857178,232.381561279297,7.31955623626709,20.9045448303223
85.567204766034,22.1013915009244,3816,1249,1,471,15.3986511230469,245.366714477539,10.0588245391846,20.5912609100342
85.5786500389376,22.1016748866642,3817,1250,1,462,15.0093240737915,273.506652832031,10.0142793655396,18.6279354095459
85.4321837652979,22.1002061701393,3818,1251,1,890,15.612340927124,148.318344116211,7.20517253875732,20.2731342315674
85.4593931592194,22.100404591846,3819,1252,1,719,15.4048480987549,323.466217041016,5.18386936187744,20.0499382019043
85.4763943123582,22.1007546927923,3820,1253,1,541,11.7178993225098,204.595840454102,6.66343784332275,18.8414440155029
85.4758217872198,22.1005812472336,3821,1253,1,531,17.2202053070068,172.79948425293,8.35302543640137,23.1516742706299
85.4824643568196,22.1013397455657,3822,1254,1,501,17.8506278991699,82.6857757568359,13.8939800262451,23.366641998291
85.4825238487967,22.1005577905113,3823,1254,1,508,19.9720363616943,93.8812789916992,15.0793428421021,27.549955368042
85.482348887845,22.1018439719463,3824,1254,1,501,15.6741933822632,79.9018936157227,11.4923000335693,20.9284496307373
85.4227800636177,22.1000066968317,3825,1255,0,616,13.8243036270142,269.045318603516,15.7967357635498,17.5499286651611
85.4230206897733,22.1004980033329,3826,1255,0,616,15.9076251983643,305.129364013672,12.6709060668945,22.7815723419189
85.5298880596052,22.1010791316915,3827,1256,1,491,15.6370315551758,72.9651107788086,11.087869644165,20.6155281066895
85.4856389458126,22.1013930788194,3828,1257,1,514,16.3075675964355,311.196746826172,13.3853521347046,20.9761772155762
85.4853930154814,22.1002151103644,3829,1257,1,517,16.5126361846924,253.942749023438,27.0666732788086,25.826343536377
85.4851349412189,22.1007712541641,3830,1257,1,499,18.1643543243408,279.349151611328,26.5950870513916,33.4215507507324
85.4575541923942,22.1000774624121,3831,1258,1,708,17.8663063049316,332.916168212891,6.30435180664062,24.2487106323242
85.457764356176,22.100572174466,3832,1258,1,692,12.9533824920654,337.955474853516,6.54895496368408,16.8819427490234
85.458267290602,22.1001754297198,3833,1258,1,711,16.1226959228516,353.139038085938,11.5759963989258,21.3307285308838
85.5805489934917,22.101335034462,3834,1259,1,464,15.6458721160889,247.628280639648,11.1994514465332,21
85.5862008659881,22.1013627812537,3835,1260,0,453,14.2306823730469,75.9661712646484,6.17200660705566,18.8679618835449
85.4637651431293,22.0999985740486,3836,1261,0,619,14.6601314544678,136.131271362305,18.8505592346191,22.0907211303711
85.4648424844086,22.099944040729,3837,1261,0,617,14.3789777755737,227.802795410156,11.0643348693848,21.4476108551025
85.4642621385045,22.1000443402451,3838,1261,0,619,11.7821483612061,164.393905639648,16.5495624542236,23.7065391540527
85.4646630365958,22.1003894568944,3839,1261,0,630,23.8354053497314,192.986373901367,11.3157024383545,33.0907859802246
85.5426391960922,22.1006730331521,3840,1262,1,482,16.1332664489746,161.737701416016,8.83809089660645,21.4476108551025
85.5417018946819,22.1008052290437,3841,1262,1,501,8.25662231445312,171.446655273438,8.88450527191162,18.9472961425781
85.5436038789719,22.100763713302,3842,1263,1,479,17.5297527313232,170.561752319336,12.6520614624023,25.3968505859375
85.5442256562515,22.1006859481911,3843,1263,1,472,17.9503211975098,170.799575805664,11.3726444244385,24.556058883667
85.5447385709709,22.1008417715767,3844,1263,1,478,11.4426898956299,133.526077270508,11.48912525177,19.3907203674316
85.4217827409686,22.0998163657536,3845,1264,0,590,11.563437461853,245.114822387695,7.89039993286133,22.1359443664551
85.4219628200418,22.1002557136643,3846,1264,0,590,9.07699680328369,268.529479980469,11.3131866455078,17.6635208129883
85.4218559544125,22.1010934099814,3847,1264,0,592,7.62505483627319,271.754974365234,15.8895664215088,13.3041343688965
85.4224591820857,22.1008412564485,3848,1264,0,599,10.7669048309326,287.568298339844,11.187349319458,15.5563488006592
85.422786697077,22.1014258276628,3849,1264,0,591,8.43352699279785,332.237213134766,13.8405456542969,15.3297100067139
85.4222460520808,22.0992905738291,3850,1264,0,588,12.2606496810913,248.994522094727,13.4792652130127,22.5610275268555
85.423331124714,22.101456404918,3851,1264,0,598,14.2622842788696,299.999877929688,12.0811367034912,22.3383083343506
85.5289650450194,22.101536846881,3852,1265,1,501,20.0477333068848,31.3634586334229,9.02194595336914,27.6767044067383
85.5288494255489,22.100851051501,3853,1265,1,515,18.8307285308838,89.3111572265625,12.2832489013672,24.5967483520508
85.5296423028674,22.1014333514412,3854,1265,1,494,16.5955562591553,47.617000579834,10.089259147644,21.2367610931396
85.528343698089,22.1015792456203,3855,1265,1,507,17.7883529663086,4.6300573348999,9.49997520446777,25.4558448791504
85.5289290708112,22.1003628206398,3856,1265,1,512,16.6735610961914,105.075103759766,12.2832489013672,21.4941844940186
85.4281045073453,22.0996826020145,3857,1266,0,804,11.4611711502075,281.666748046875,10.7754859924316,19.3907203674316
85.4846362029473,22.1000957745674,3858,1267,1,491,17.765754699707,289.432525634766,14.4427480697632,24.3926219940186
85.4496116209545,22.0995215329025,3859,1268,1,696,16.895435333252,116.451713562012,7.78432369232178,21.7485637664795
85.5378735130633,22.1004096129874,3860,1269,1,471,16.0251998901367,166.086639404297,21.0341854095459,23.4093990325928
85.5788550451824,22.1007468183988,3861,1270,1,457,15.1818542480469,200.484756469727,10.3799676895142,21.6101837158203
85.4062993396741,22.0990412551888,3862,1271,1,503,16.6833362579346,343.258392333984,16.7768478393555,24.3926219940186
85.4067425686328,22.0992590204164,3863,1271,1,501,10.1247215270996,319.258453369141,17.4644184112549,13.4536237716675
85.4027799498751,22.0988033326141,3864,1272,1,517,15.3762311935425,357.300994873047,7.54090309143066,20.9045448303223
85.4022824912369,22.0989030374916,3865,1272,1,519,15.6913747787476,7.06075763702393,11.9228296279907,20.7846088409424
85.4042721842574,22.0989428565795,3866,1273,1,504,13.8984184265137,67.5990219116211,11.1572494506836,18.1383571624756
85.4643156530956,22.0993477182025,3867,1274,0,594,14.1968832015991,199.953002929688,21.8225955963135,22.7815723419189
85.478860046566,22.0993761357072,3868,1275,1,525,14.7709913253784,174.363052368164,12.5313177108765,19.6977157592773
85.4766854254765,22.0996483838696,3869,1275,1,521,17.930326461792,230.688735961914,11.3543186187744,23.2163734436035
85.4780891583984,22.0994942719962,3870,1275,1,526,16.7029876708984,175.87548828125,9.33634185791016,22.5166606903076
85.4771595276758,22.1002675198441,3871,1275,1,536,16.2042217254639,251.917938232422,5.87471580505371,21.3775577545166
85.4785169757398,22.0997174615942,3872,1275,1,535,13.4101753234863,175.847137451172,11.6538801193237,18.7349948883057
85.4774415209592,22.0992340473349,3873,1275,1,520,20.1026248931885,192.948760986328,9.75544548034668,29.3768615722656
85.4777908365182,22.099905075345,3874,1275,1,536,15.2343816757202,168.109268188477,8.53554821014404,20.1246109008789
85.5697054944692,22.1008290975676,3875,1276,1,470,16.1684398651123,94.0545043945312,14.7943353652954,21.8403301239014
85.5695579407497,22.1001424250955,3876,1276,1,469,18.0472640991211,96.5024871826172,12.6493854522705,25.0399684906006
85.583195463603,22.100456397868,3877,1277,1,457,21.3634548187256,164.642456054688,16.3861465454102,30.9515743255615
85.5852618263874,22.1007846507585,3878,1277,1,468,17.9503211975098,170.799575805664,18.891788482666,27.2763633728027
85.5844773356363,22.1031393590488,3879,1277,1,458,23.338098526001,25.4796600341797,25.7814407348633,35.0998573303223
85.5851043272678,22.103130151202,3880,1277,1,446,17.1270656585693,21.3578605651855,24.2212219238281,33.2866325378418
85.583356731524,22.1029493506512,3881,1277,1,490,18.5860633850098,30.0412158966064,23.4564189910889,28.3196048736572
85.5826934629934,22.1006390664639,3882,1277,1,471,14.6533918380737,202.314300537109,18.1719036102295,22.6274166107178
85.5865715757063,22.1009195767904,3883,1277,1,446,16.5082454681396,97.9516754150391,16.9833278656006,21.7255611419678
85.5844092847348,22.1005288863023,3884,1277,1,453,22.1019954681396,178.172668457031,17.3110523223877,32.0468406677246
85.5863853409462,22.1013967161143,3885,1277,1,445,16.0257587432861,77.6367721557617,8.72556114196777,20.6397666931152
85.5858878447222,22.1014056169519,3886,1277,1,459,17.0210628509521,80.7518081665039,6.17200660705566,22.3606796264648
85.3992696045695,22.098563279314,3887,1278,1,503,15.9265842437744,273.294616699219,7.87644100189209,19.9499378204346
85.507848021935,22.0995774031352,3888,1279,1,519,15.9346942901611,134.719253540039,9.67117214202881,20.688159942627
85.5083010340233,22.0998600527208,3889,1279,1,520,15.0262622833252,141.162536621094,9.95840549468994,19.7989902496338
85.4570598903095,22.0992097424104,3890,1280,1,714,6.81371068954468,322.110961914062,12.6233463287354,11.6619033813477
85.5360700257118,22.0998817792375,3891,1281,1,473,15.3149747848511,133.526077270508,8.2578649520874,20.1742401123047
85.5669312962202,22.1002142699715,3892,1282,1,457,17.7199592590332,268.529479980469,14.6588249206543,24.0624179840088
85.5668522874471,22.0995508264938,3893,1282,1,460,13.5096406936646,278.834594726562,13.9296617507935,18.0277557373047
85.5667311417092,22.1007340521213,3894,1282,1,456,14.5268936157227,268.186553955078,12.0227146148682,21.0950222015381
85.4247631778901,22.0993057722701,3895,1283,0,665,11.687915802002,293.351837158203,24.6911430358887,23.5796527862549
85.4249308415865,22.1000317097421,3896,1283,0,658,10.0203895568848,303.840576171875,13.1802911758423,20.856653213501
85.4237709856112,22.0984667590535,3897,1283,0,620,11.563437461853,245.114822387695,17.7561416625977,15.6204996109009
85.4238033378368,22.0995314460506,3898,1283,0,638,14.9843578338623,225.201126098633,17.3559226989746,20.2237491607666
85.4254720375469,22.0994228491428,3899,1283,0,662,7.73324584960938,300.881164550781,14.77845287323,12.6491107940674
85.4250261723973,22.10100263312,3900,1283,0,648,12.1175584793091,260.103851318359,28.0879096984863,25.059928894043
85.4246556824131,22.1006024541122,3901,1283,0,640,11.2677307128906,274.721557617188,9.41873264312744,17.8325538635254
85.4246540895307,22.1015025770001,3902,1283,0,642,12.3027095794678,294.430694580078,23.861156463623,18.7616634368896
85.4240570672811,22.100785883345,3903,1283,0,631,17.7289752960205,301.722015380859,19.778923034668,24
85.4244059571225,22.1000148841981,3904,1283,0,643,9.81845378875732,321.424438476562,11.7999658584595,13.2664995193481
85.5326591318594,22.1022554615675,3905,1284,1,513,18.8951644897461,248.940002441406,4.1696949005127,25.4950981140137
85.5348926968718,22.100571379458,3906,1284,1,493,17.1937427520752,63.2246246337891,22.2393016815186,23.4946804046631
85.5326808659723,22.1017528014155,3907,1284,1,497,18.1823635101318,218.147415161133,15.4521226882935,24.7790241241455
85.5346453502756,22.0990300990881,3908,1284,1,468,7.89262104034424,167.41096496582,14.8668479919434,14.4913768768311
85.532208342763,22.102642690172,3909,1284,1,504,17.7199592590332,271.470520019531,12.649206161499,22.538854598999
85.5344865110429,22.1020125067381,3910,1284,1,517,29.4170246124268,120.113075256348,23.4548797607422,43.0813179016113
85.5346900477317,22.0995319452979,3911,1284,1,488,15.3273506164551,153.834365844727,6.63329315185547,24.7991943359375
85.5328176193111,22.1027749428178,3912,1284,1,526,22.0848007202148,270,12.5405082702637,29.2403831481934
85.53321295651,22.1019589781264,3913,1284,1,522,20.9048118591309,208.335739135742,10.1455726623535,29.2574768066406
85.5340737493943,22.0992624623141,3914,1284,1,475,12.1020641326904,192.793701171875,13.9798994064331,17.4642486572266
85.4047410273825,22.0978088284846,3915,1285,1,510,11.9620695114136,93.3281631469727,11.6162595748901,18.165901184082
85.4047959203255,22.0985072607153,3916,1285,1,508,18.4818782806396,63.0089416503906,12.5500946044922,24.1660919189453
85.4278257548885,22.0986366973485,3917,1286,0,802,18.4118366241455,238.849685668945,32.408332824707,37.934154510498
85.4278308390484,22.0981525591318,3918,1286,0,791,14.1097221374512,323.056304931641,32.408332824707,23
85.5481553834461,22.0996939514612,3919,1287,1,465,18.0197010040283,5.32957792282104,10.1827726364136,24.2280826568604
85.5476582574451,22.0994459093358,3920,1287,1,464,15.8116245269775,357.379119873047,11.2666015625,22.0454082489014
85.5487470905427,22.0996344000257,3921,1287,1,461,15.9963369369507,16.6235694885254,9.51741981506348,21.7485637664795
85.5487166791596,22.0990869747914,3922,1287,1,475,14.3759136199951,65.4241790771484,9.13759136199951,19.6723155975342
85.5481155785385,22.0991101988588,3923,1287,1,483,7.57036304473877,343.003845214844,19.208179473877,16.3401355743408
85.440692156949,22.100252159823,3924,1288,1,746,15.0778646469116,309.730010986328,6.62791061401367,19.7230834960938
85.4397752593936,22.0999036677582,3925,1288,1,741,16.0015163421631,340.661987304688,10.9016180038452,21.6794834136963
85.439600660615,22.0989285859636,3926,1288,1,779,19.6666393280029,334.993804931641,11.9428329467773,30.4630928039551
85.4385978789591,22.0987131109336,3927,1288,1,758,15.0262622833252,321.162536621094,12.7477397918701,20.3960781097412
85.440407876442,22.0992231414874,3928,1288,1,769,21.2206573486328,349.106536865234,13.0199565887451,33.8526229858398
85.4384624767028,22.0980915414413,3929,1288,1,774,13.1467323303223,301.776306152344,5.55032157897949,19.570384979248
85.440253180613,22.1000123289911,3930,1288,1,746,15.3273506164551,333.834381103516,5.26875686645508,22.0227146148682
85.4411479143463,22.1000890480988,3931,1288,1,761,16.2429656982422,315.865203857422,6.2183895111084,21.023796081543
85.4393675501795,22.0984260835256,3932,1288,1,792,15.2961196899414,316.017913818359,11.7281332015991,21.1660099029541
85.4904126249312,22.0990178394023,3933,1289,1,495,15.9728136062622,123.960876464844,18.0004653930664,21.3072757720947
85.4902460472849,22.098586182932,3934,1289,1,493,12.4222087860107,133.526077270508,13.5043983459473,19.4935894012451
85.5051285625709,22.0987329707303,3935,1290,1,514,6.85499095916748,144.935745239258,23.7096328735352,14.2828569412231
85.5040718449227,22.0987652273616,3936,1290,1,522,9.45326042175293,137.621292114258,13.1037521362305,15.4596252441406
85.5051071513532,22.0993817548865,3937,1290,1,538,3.22028231620789,85.8211822509766,26.9939308166504,5.56776428222656
85.504571175585,22.0986997811789,3938,1290,1,522,5.80981254577637,165.25390625,19.4150047302246,10.1980390548706
85.542504742475,22.0994716895878,3939,1291,1,491,16.2913475036621,14.5414953231812,19.2244758605957,23.6008472442627
85.5432362564746,22.0991884430929,3940,1291,1,476,15.7167434692383,36.7430114746094,14.1043071746826,20.9761772155762
85.5431485194327,22.0996876875026,3941,1291,1,469,14.025541305542,45.1101303100586,19.6848659515381,21.1660099029541
85.5430011978709,22.0987697734771,3942,1291,1,490,9.14724636077881,82.6857757568359,17.1817588806152,13.856406211853
85.5426411468416,22.1000220046373,3943,1291,1,469,9.02417659759521,78.0813369750977,12.5499076843262,16.6132469177246
85.5776022908709,22.0992168101109,3944,1292,1,459,15.0372133255005,101.443344116211,14.4500331878662,22.6053085327148
85.5774091108429,22.1003136517379,3945,1292,1,451,13.0441370010376,75.6555328369141,12.8937997817993,17.0880069732666
85.5775824165845,22.0998788484582,3946,1292,1,456,17.7991313934326,78.9563827514648,10.0386571884155,23.1084403991699
85.4642137241191,22.0984467445991,3947,1293,0,568,11.2963523864746,147.301010131836,19.6889705657959,15.9059734344482
85.4876082623444,22.0984722414409,3948,1294,1,495,15.345890045166,97.7272720336914,10.0251064300537,20.1246109008789
85.501323932327,22.0985656130666,3949,1295,1,517,15.4840288162231,251.89274597168,16.3299999237061,21.4009342193604
85.5015435188736,22.0981283250591,3950,1295,1,524,13.9710178375244,261.470733642578,9.57909679412842,19.3907203674316
85.5178633550018,22.0989455434132,3951,1296,1,505,18.4484596252441,16.5387516021729,24.3687744140625,27.7848873138428
85.5184126720225,22.098698715791,3952,1296,1,509,18.3242835998535,19.8077754974365,13.0627536773682,25.8456954956055
85.5173258087582,22.0983122040439,3953,1296,1,522,12.6589260101318,272.092193603516,10.422905921936,16.5831241607666
85.5179235490209,22.0984147107994,3954,1296,1,525,16.9334411621094,48.7121925354004,17.4005928039551,24.4540386199951
85.516867359596,22.0985495865628,3955,1296,1,514,12.3869791030884,297.819854736328,15.1890563964844,15.8113880157471
85.5172798162278,22.0988210920984,3956,1296,1,518,18.5532379150391,323.729370117188,15.5573863983154,27.4772624969482
85.5715371226103,22.0991219514152,3957,1297,1,473,15.1745080947876,243.031311035156,7.52488994598389,20.1246109008789
85.4396533465175,22.1085069004415,3958,1298,1,738,21.0761966705322,122.857780456543,14.708532333374,29.4957618713379
85.4346159124035,22.1026031813341,3959,1298,1,844,25.5176944732666,95.9157485961914,11.0769367218018,34.2344856262207
85.4346936251712,22.0972382290585,3960,1298,1,787,14.3759136199951,114.575820922852,4.94976806640625,19.2353839874268
85.4339881211619,22.1000038934197,3961,1298,1,846,16.6735610961914,105.075103759766,20.43284034729,32.6955642700195
85.4353674647528,22.1039544273449,3962,1298,1,826,24.3490333557129,122.927543640137,7.75775146484375,33.2716102600098
85.4363920534936,22.1040674323973,3963,1298,1,792,16.9018211364746,124.520492553711,13.7731342315674,28.9654960632324
85.4334271197435,22.0998314297133,3964,1298,1,856,19.1125640869141,103.687690734863,11.4393672943115,25.6709957122803
85.4371716832647,22.1091591167083,3965,1298,1,835,26.8401355743408,112.886871337891,16.024112701416,37.1887092590332
85.4358347525729,22.09915400923,3966,1298,1,777,19.3080253601074,110.552665710449,4.75010108947754,24.2693214416504
85.4379915954336,22.1048551307473,3967,1298,1,742,18.4817066192627,111.591796875,9.37038803100586,23.9791584014893
85.577872783601,22.0987319948431,3968,1299,1,446,15.6868934631348,92.510139465332,10.4760684967041,19.8997478485107
85.4946088234281,22.0978024433765,3969,1300,1,504,9.36398220062256,6.01006984710693,13.5390701293945,17.9722003936768
85.493644918771,22.0979961374406,3970,1300,1,493,15.3090515136719,340.661987304688,11.4033260345459,20.5182838439941
85.4941362948252,22.0979641518642,3971,1300,1,494,16.6768531799316,2.47744131088257,8.64950370788574,22.6495037078857
85.5030214833588,22.0979723067494,3972,1301,1,524,16.8926486968994,148.270538330078,7.71631908416748,22.6495037078857
85.4743651926858,22.0985106859492,3973,1302,1,551,25.6341495513916,78.6667709350586,20.442928314209,38.613468170166
85.4746545301412,22.1008769574637,3974,1302,1,557,21.8731594085693,90.5851516723633,14.4468688964844,30.6104564666748
85.4752180452445,22.100472712005,3975,1302,1,540,12.1241970062256,112.43913269043,13.1163778305054,18.4390888214111
85.4751401603944,22.0992582987313,3976,1302,1,529,22.7786235809326,144.132278442383,9.21359634399414,32.6955642700195
85.4739552508329,22.0992771286329,3977,1302,1,561,21.1001491546631,116.503623962402,14.4804782867432,27.658634185791
85.474569078894,22.1003763783543,3978,1302,1,560,23.2987575531006,82.890495300293,10.4442958831787,30.6431064605713
85.4741488585368,22.1008329769422,3979,1302,1,572,21.0423851013184,86.9455261230469,18.7012329101562,29
85.4744519068699,22.0975334412073,3980,1302,1,558,17.276180267334,56.3808288574219,16.0306816101074,22.9564800262451
85.4764216924367,22.1017341868899,3981,1302,1,557,16.3661975860596,172.3984375,9.76150321960449,21.9772605895996
85.4743223664792,22.1015222777902,3982,1302,1,574,18.5211696624756,113.820022583008,18.2863254547119,24.9198722839355
85.4766859755327,22.0978449923872,3983,1303,1,521,19.1171131134033,16.6439781188965,9.03704071044922,25.7487869262695
85.4773938699745,22.0975853445419,3984,1303,1,522,17.1350917816162,33.0941314697266,9.7349681854248,23.3238067626953
85.4758265367852,22.0976467417807,3985,1303,1,532,10.5082902908325,13.4565744400024,18.4381847381592,14.7986488342285
85.4783068325607,22.0975389174923,3986,1303,1,509,16.2875366210938,31.1352214813232,9.46018218994141,21.4941844940186
85.4761699720508,22.0980644109979,3987,1303,1,512,16.7097949981689,14.1485538482666,17.3034477233887,24.5153007507324
85.5159373110756,22.0980848031804,3988,1304,1,508,18.4612636566162,320.687316894531,8.87948989868164,23.9791584014893
85.4358547653727,22.0970827136149,3989,1305,1,764,15.7829179763794,117.656509399414,8.14136123657227,19.7737197875977
85.4504545983564,22.0971325502385,3990,1306,1,715,14.5648593902588,296.220458984375,19.2636432647705,22.8691940307617
85.4626752794845,22.0972378647046,3991,1307,0,566,19.9709815979004,140.102249145508,9.01471900939941,27.2213153839111
85.4634002958638,22.097555174068,3992,1307,0,565,15.9685668945312,140.687316894531,12.584400177002,26.1725044250488
85.462913460299,22.0977561255472,3993,1307,0,570,13.0711832046509,133.526062011719,9.74939155578613,20.856653213501
85.5179503997184,22.0979855481135,3994,1308,1,526,15.8132963180542,121.40843963623,9.74444103240967,22.715633392334
85.4035571436505,22.0968857335239,3995,1309,1,525,15.6514110565186,132.310134887695,9.54809761047363,19.8997478485107
85.4039622391816,22.0971516703651,3996,1309,1,523,15.4840288162231,108.107261657715,9.07783794403076,19.7989902496338
85.4031342380289,22.0964628597903,3997,1309,1,533,16.6589202880859,149.676620483398,18.6342010498047,25.4165306091309
85.4355518182342,22.0968742384446,3998,1310,1,768,16.4294147491455,121.894096374512,6.81949138641357,20.5912609100342
85.4500602288151,22.0969081238595,3999,1311,1,702,15.7829179763794,297.656524658203,15.8691940307617,22.8691940307617
85.496464492075,22.0973465361023,4000,1312,1,515,15.0170841217041,47.743824005127,12.1529502868652,21.2837963104248
85.5072615337036,22.0976224619971,4001,1313,1,514,15.0427894592285,275.251800537109,5.11688137054443,18.6815414428711
85.5488001315677,22.0980183522427,4002,1314,1,452,17.0815925598145,145.81413269043,16.2837791442871,22.8035087585449
85.5466616459042,22.0977787903434,4003,1314,1,449,17.574686050415,206.726287841797,18.2042388916016,25.3771553039551
85.5473238248058,22.0974997646631,4004,1314,1,446,8.34260845184326,168.109268188477,21.9618358612061,12.845232963562
85.546292994038,22.0982297765524,4005,1314,1,467,16.2196006774902,207.386611938477,13.3988304138184,21.9772605895996
85.5493455003218,22.0985360045478,4006,1314,1,459,16.0865268707275,117.979949951172,8.1558780670166,20.5912609100342
85.5482535678352,22.0977924926552,4007,1314,1,449,17.2282791137695,162.167266845703,21.7847919464111,26.0576286315918
85.5472624696636,22.0979705913469,4008,1314,1,467,18.7945003509521,179.27326965332,14.8876829147339,27.0370121002197
85.4284800457692,22.0965003262536,4009,1315,0,813,12.4731349945068,229.555358886719,19.120138168335,19.5192203521729
85.4282096358871,22.0968946419524,4010,1315,0,814,13.6191034317017,266.118713378906,21.5538845062256,24.879711151123
85.4323954159506,22.0968848765234,4011,1316,1,827,16.969388961792,123.426856994629,6.45429229736328,22.6715679168701
85.4322748267714,22.0964363580159,4012,1316,1,826,12.5116004943848,128.91584777832,6.2886905670166,17.2626762390137
85.5419271013678,22.0980450091325,4013,1317,1,482,16.1332664489746,198.262298583984,19.5119667053223,22.0680770874023
85.5456684032189,22.0979858554151,4014,1317,1,460,17.1879119873047,134.627410888672,8.19255065917969,23.1516742706299
85.5445838762741,22.097468298166,4015,1317,1,457,6.75895595550537,154.084091186523,21.4024429321289,9.21954441070557
85.5424487706552,22.0977027444581,4016,1317,1,463,15.4514846801758,195.395050048828,24.0524196624756,24.5967483520508
85.5442347127047,22.0978600514036,4017,1317,1,477,18.2784805297852,168.695434570312,19.8757362365723,27.7848873138428
85.5435007856119,22.0975930644297,4018,1317,1,465,19.105993270874,169.227172851562,19.2044429779053,28.4780616760254
85.542569618125,22.0982196697063,4019,1317,1,486,16.3457584381104,191.890731811523,13.7182579040527,21.8403301239014
85.4101251208857,22.096302217629,4020,1318,1,521,15.071494102478,61.8372497558594,13.2928781509399,21.6564083099365
85.49568431659,22.0974609422299,4021,1319,1,510,16.4119510650635,343.832763671875,10.5439224243164,22.0907211303711
85.4950592666211,22.0971263413362,4022,1319,1,514,16.6833362579346,343.258392333984,11.6460437774658,21.931713104248
85.4610378581215,22.0971084698243,4023,1320,0,600,14.0468530654907,118.37345123291,10.9653692245483,18.7082862854004
85.4622602080496,22.0975726255509,4024,1320,0,588,13.0544786453247,136.465606689453,16.850191116333,20.5182838439941
85.4617134144175,22.0973064723692,4025,1320,0,599,13.3944044113159,133.526077270508,11.7217140197754,23.7065391540527
85.460459062843,22.0972172959954,4026,1320,0,612,13.9550256729126,125.272529602051,9.41809844970703,20.0499382019043
85.462005529943,22.0965376974596,4027,1320,0,587,11.8767404556274,120.455093383789,21.5646686553955,27.9821376800537
85.4612889965792,22.0965542053849,4028,1320,0,589,12.8097944259644,166.831924438477,24.6675052642822,22.8910465240479
85.5586393982539,22.0973730766091,4029,1321,1,450,15.0472021102905,108.679107666016,17.9086570739746,21.0950222015381
85.5588001176693,22.097919438273,4030,1321,1,451,16.3896751403809,61.7092247009277,17.2888107299805,23.1948261260986
85.5591152653815,22.0975017375818,4031,1321,1,441,16.4123115539551,94.7906799316406,20.533332824707,23.2163734436035
85.4933406128251,22.0972089409396,4032,1322,1,496,15.2935638427734,276.024505615234,9.80819320678711,20.44504737854
85.4934918819122,22.0967575065311,4033,1322,1,498,15.4109964370728,279.416412353516,8.43808746337891,20.2731342315674
85.4443403232409,22.0963631437337,4034,1323,1,767,15.2207164764404,125.992416381836,8.51980686187744,19.4935894012451
85.5102069111173,22.0969926668829,4035,1324,1,498,15.3947200775146,129.81201171875,13.0890083312988,20.688159942627
85.5285326760203,22.0974737338336,4036,1325,1,527,19.4837703704834,254.542129516602,8.18796539306641,25.9615097045898
85.5285736404929,22.097015454365,4037,1325,1,525,17.3639888763428,247.651443481445,8.50216102600098,23.2808933258057
85.5284260254291,22.0980309197416,4038,1325,1,533,18.7914352416992,261.686340332031,11.5937576293945,23.8327503204346
85.4152390246223,22.0965403306382,4039,1326,1,529,16.0752449035645,286.532043457031,6.66434669494629,21.3307285308838
85.4154471896586,22.0960012280706,4040,1326,1,535,15.7777252197266,291.269683837891,13.3808670043945,20.7364406585693
85.5149713278632,22.097854166714,4041,1327,1,501,16.2429656982422,315.865203857422,15.6352701187134,21.4941844940186
85.5145252313386,22.0974291013124,4042,1327,1,491,22.3955631256104,311.045349121094,29.0041694641113,36.8781776428223
85.5143826030314,22.096793512942,4043,1327,1,505,16.2357788085938,293.217163085938,14.048095703125,24.145393371582
85.5148194455691,22.097025388203,4044,1327,1,516,17.4915866851807,297.087310791016,25.7876415252686,30.870698928833
85.4772437541954,22.0966752264446,4045,1328,1,531,16.6589202880859,149.676620483398,19.259521484375,29.9833278656006
85.4777157180215,22.0964060460473,4046,1328,1,510,15.3763236999512,149.849136352539,17.9417343139648,28.7054004669189
85.4782256054728,22.0967691507955,4047,1328,1,514,15.3048810958862,138.511444091797,12.0886573791504,21.4242858886719
85.5330446818193,22.0972845178389,4048,1329,1,497,15.6741933822632,79.9018936157227,9.10042285919189,19.8242282867432
85.5329229432467,22.0968386206127,4049,1329,1,498,15.4886951446533,78.9107894897461,8.20527839660645,19.570384979248
85.4372549192016,22.0961956135842,4050,1330,0,800,14.7719764709473,338.891723632812,24.0072021484375,20.1742401123047
85.5289825257997,22.0969636259394,4051,1331,1,537,15.5351457595825,233.846710205078,7.02579689025879,19.8997478485107
85.3948721997819,22.0957915201674,4052,1332,1,546,17.877254486084,37.9942741394043,6.50714492797852,24
85.3950834278742,22.0953735999996,4053,1332,1,548,15.3020992279053,45.2288246154785,13.6076955795288,20.9284496307373
85.4181838610364,22.0955332246,4054,1333,1,540,15.7566556930542,101.737640380859,21.9194927215576,23.6854381561279
85.4180903981966,22.0964181298343,4055,1333,1,545,17.7144889831543,90,15.722825050354,22.8254241943359
85.4178804483573,22.0958872562183,4056,1333,1,557,15.9574565887451,104.95671081543,14.3299350738525,26.8700580596924
85.4248402279515,22.0959368927748,4057,1334,0,615,11.9620695114136,273.328155517578,9.86532020568848,16.9115352630615
85.4743065392413,22.0967743366766,4058,1335,1,561,15.4528827667236,151.049652099609,15.7233037948608,21.6333084106445
85.4755705130457,22.0967802233131,4059,1335,1,538,22.0392608642578,139.4267578125,27.3591060638428,31.7175025939941
85.473398863689,22.0964048000754,4060,1335,1,561,19.6149158477783,171.642730712891,11.4549264907837,27.2029418945312
85.4723873316186,22.0963329002772,4061,1335,1,572,19.111011505127,152.553024291992,12.1096496582031,25.4558448791504
85.4745068879727,22.0963342932871,4062,1335,1,547,17.9176750183105,164.514190673828,14.6390743255615,25.2190399169922
85.4760700118319,22.0966825386455,4063,1335,1,531,16.6983890533447,154.426330566406,25.846263885498,23.8327503204346
85.4724822081699,22.0967996103187,4064,1335,1,579,16.015022277832,154.143707275391,21.8208160400391,23.4520778656006
85.4750092497451,22.0965846031295,4065,1335,1,556,17.7397804260254,146.412399291992,29.6064891815186,34.7706756591797
85.4729011371268,22.0963263943342,4066,1335,1,564,19.5563278198242,173.020523071289,12.6605033874512,27.4226188659668
85.5345777896356,22.0966568108846,4067,1336,1,472,15.9203977584839,107.568305969238,11.5275087356567,20.9761772155762
85.5350010647003,22.0969706192646,4068,1336,1,465,15.349513053894,123.547912597656,18.1609764099121,24.4335842132568
85.4151327457502,22.0956301671372,4069,1337,1,532,15.1663017272949,307.229888916016,14.1697263717651,20.5182838439941
85.460822615237,22.0960363819503,4070,1338,0,567,14.3695497512817,140.189376831055,18.7812614440918,21.3775577545166
85.4350216922868,22.0965417291438,4071,1339,1,776,16.2491321563721,138.206344604492,7.35276985168457,21.8860683441162
85.4332458107339,22.0967223873586,4072,1339,1,806,17.5856761932373,130.300018310547,4.97934913635254,22.472204208374
85.4339312217298,22.0977213624014,4073,1339,1,813,15.7122983932495,94.178825378418,13.2109594345093,21.8174247741699
85.4339257676422,22.0966368988719,4074,1339,1,795,18.1485958099365,132.486785888672,15.1940479278564,26.2297534942627
85.4337884474168,22.0956919233132,4075,1339,1,783,18.9493637084961,104.522918701172,13.4371032714844,25
85.4341467855194,22.096093708451,4076,1339,1,772,19.178409576416,107.139045715332,19.8245849609375,26.8328151702881
85.4339314987718,22.0971056462414,4077,1339,1,809,19.307954788208,121.776321411133,14.1326055526733,27.5862293243408
85.4343893421919,22.0964964883974,4078,1339,1,787,16.8199214935303,161.691329956055,16.9489727020264,26.153392791748
85.3964466992385,22.0955271080562,4079,1340,1,524,15.2362670898438,75.1734771728516,5.74729537963867,19.8997478485107
85.396435314601,22.0950328919182,4080,1340,1,525,15.6458721160889,67.6282806396484,6.85672664642334,20.0997505187988
85.5307321859422,22.0991485578308,4081,1341,1,498,21.094970703125,18.9347267150879,6.37973976135254,29.4448642730713
85.5289498572856,22.0990003906848,4082,1341,1,514,22.9359912872314,21.5444889068604,26.1530609130859,36.7423477172852
85.5295576509763,22.0988716469665,4083,1341,1,519,21.9614448547363,30.2057285308838,15.8126068115234,31.1769142150879
85.5301878058093,22.0981569849754,4084,1341,1,544,18.1261367797852,8.33988857269287,10.1362686157227,24.9198722839355
85.5321404715436,22.0976521970061,4085,1341,1,510,26.9656543731689,79.7882461547852,30.7492866516113,38.223030090332
85.5321901004969,22.0966306802582,4086,1341,1,511,17.597110748291,116.072792053223,24.186861038208,24.6170673370361
85.5317279636273,22.0990240612298,4087,1341,1,493,20.5691394805908,32.7260398864746,10.4576110839844,27.964262008667
85.5312426243036,22.0985718269673,4088,1341,1,512,19.5727863311768,25.9159049987793,2.02201843261719,26.8514423370361
85.5313095805071,22.0967304857852,4089,1341,1,533,18.9259052276611,157.029724121094,7.80396461486816,25.1793575286865
85.5317931661879,22.0984905732794,4090,1341,1,503,21.7871208190918,38.7807693481445,7.12042999267578,29.8998336791992
85.4245388465143,22.095433500151,4091,1342,0,618,14.0468530654907,298.373443603516,6.74863052368164,19.5192203521729
85.5139040132763,22.0965882001441,4092,1343,1,499,17.8872127532959,303.982849121094,8.28080272674561,22.7376346588135
85.5135981937331,22.0961857273055,4093,1343,1,497,16.3533725738525,303.019165039062,10.1281147003174,20.8086528778076
85.5163837153565,22.0962353958813,4094,1344,1,520,15.9963369369507,163.376434326172,10.2935552597046,21.5174350738525
85.5169760464432,22.0966569741114,4095,1344,1,527,15.2358055114746,152.638977050781,22.1122150421143,27.8567771911621
85.5169153914606,22.0962054107642,4096,1344,1,512,18.3660106658936,157.849227905273,16.0246162414551,26.4764041900635
85.509225484961,22.0962309813636,4097,1345,1,517,21.5306625366211,84.633430480957,20.1828765869141,29.0172367095947
85.5090888397902,22.0967838922714,4098,1345,1,518,18.4812679290771,107.121604919434,18.9671516418457,25.059928894043
85.4712345844244,22.0962282036501,4099,1346,0,545,14.1748647689819,238.704956054688,12.0222663879395,19.5192203521729
85.4710910476861,22.0957865139691,4100,1346,0,539,12.6024007797241,240.321273803711,9.11054420471191,18.1107711791992
85.3976205461827,22.0949147841271,4101,1347,1,527,15.1806592941284,14.7460861206055,10.538854598999,20.4939022064209
85.3971037439109,22.0949186071238,4102,1347,1,525,15.2367582321167,336.660583496094,10.9199047088623,20.9284496307373
85.4318606603737,22.0951304114018,4103,1348,1,815,15.03675365448,123.327896118164,15.3987426757812,21.4476108551025
85.4447718711544,22.0967237325426,4104,1349,1,765,21.1451511383057,138.818008422852,24.2127799987793,32.1714172363281
85.4461485843459,22.0966545637754,4105,1349,1,736,23.8973121643066,168.764724731445,18.1108131408691,33.8821487426758
85.4447992957792,22.0952917716552,4106,1349,1,749,18.0315017700195,121.936347961426,18.1414260864258,28
85.4454838210393,22.0956195454003,4107,1349,1,729,15.8636932373047,99.1316299438477,12.7813320159912,19.7230834960938
85.4454000573536,22.0968763363809,4108,1349,1,758,15.6345834732056,139.623657226562,17.1873092651367,20.7846088409424
85.4474937515356,22.099268501219,4109,1349,1,727,15.3073949813843,102.105270385742,13.6932735443115,20.9523277282715
85.4475661736101,22.0985525166121,4110,1349,1,724,16.1439018249512,87.564697265625,8.70587158203125,22.0907211303711
85.445090324077,22.0960184701851,4111,1349,1,739,23.3623752593994,92.1758041381836,12.675479888916,31.6227760314941
85.4470154512036,22.096914633266,4112,1349,1,733,18.1357269287109,139.778518676758,14.3362808227539,23.8746719360352
85.447664096398,22.097353019809,4113,1349,1,723,15.5858039855957,116.164482116699,10.9949750900269,20.8086528778076
85.4209792436112,22.0954531469528,4114,1350,1,561,19.3314113616943,265.307464599609,19.1872310638428,28.5131549835205
85.4207488918265,22.0962155329175,4115,1350,1,547,16.4123115539551,265.209320068359,28.7490882873535,27.549955368042
85.4206777794055,22.0947610344914,4116,1350,1,544,15.8511629104614,256.64208984375,21.4215927124023,23.4520778656006
85.4284699773364,22.0958614018094,4117,1351,0,797,13.7133541107178,220.88117980957,24.9865684509277,25.7099208831787
85.4284177972148,22.0951808355807,4118,1351,0,795,8.95534038543701,248.639221191406,22.3641033172607,17.7482395172119
85.4933745705244,22.0955969754802,4119,1352,1,503,16.6589202880859,30.323371887207,12.1197128295898,25.1197128295898
85.4579635298551,22.0950341502401,4120,1353,0,669,14.8004856109619,121.842041015625,11.0665245056152,21.7944946289062
85.458677608182,22.0960436777801,4121,1354,0,663,11.8472127914429,81.0044403076172,40.4158706665039,18.6010761260986
85.4587729790103,22.0951121151303,4122,1354,0,661,12.0736865997314,117.388175964355,25.0334968566895,28.2311878204346
85.4584662711538,22.0955075294318,4123,1354,0,660,7.22909259796143,99.3004150390625,22.6460266113281,13.2287569046021
85.4589736695882,22.0946778842228,4124,1354,0,652,13.3170289993286,148.073059082031,16.6760787963867,28.0356922149658
85.434017355973,22.0946004782774,4125,1355,1,782,15.0560741424561,68.5435409545898,10.895336151123,19.5959186553955
85.4172282063079,22.09424784361,4126,1356,1,530,15.5767669677734,189.806732177734,9.32325553894043,21.0950222015381
85.4273063262341,22.0946356971749,4127,1357,0,742,13.1618890762329,253.708709716797,16.4316902160645,19.3907203674316
85.4274094245947,22.0941129208059,4128,1357,0,736,14.6658334732056,240.945175170898,12.8732414245605,22.7815723419189
85.4270941044247,22.0950614689827,4129,1357,0,740,16.7910861968994,286.578674316406,20.5008888244629,24.2280826568604
85.4097708579051,22.0939720970106,4130,1358,1,522,15.8511629104614,256.64208984375,17.3214073181152,22.6715679168701
85.4558359807891,22.0943169689799,4131,1359,0,719,13.0711832046509,133.526062011719,22.2745132446289,27.658634185791
85.4559157549421,22.0947629754399,4132,1359,0,730,18.7207260131836,155.144500732422,25.6186599731445,28.6705417633057
85.4074626122551,22.0939617295721,4133,1360,1,521,15.4032869338989,10.8365821838379,20.9304828643799,25.5147018432617
85.4700834126407,22.0976154234985,4134,1361,1,556,16.3661975860596,187.6015625,7.36933135986328,22.7596130371094
85.4708024629877,22.0970096588139,4135,1361,1,546,23.6238117218018,241.44123840332,11.9353485107422,31.6227760314941
85.4717717910468,22.0944327572419,4136,1361,1,520,17.1350917816162,213.094131469727,5.56450843811035,22.847318649292
85.4721945297583,22.0946537911764,4137,1361,1,532,15.0702419281006,192.969329833984,8.1630916595459,22.0907211303711
85.469258520022,22.0976213190814,4138,1361,1,539,15.3493061065674,157.826965332031,10.7105159759521,31.1287651062012
85.4687278225213,22.0965409141834,4139,1361,1,542,20.8066539764404,146.178833007812,10.6694431304932,28.7402153015137
85.472354213128,22.0957430956275,4140,1361,1,564,9.62530326843262,125.465019226074,13.7402153015137,16.7032928466797
85.4744247429103,22.0956332400684,4141,1361,1,533,19.6025905609131,168.109268188477,13.3899993896484,26.4386081695557
85.4683415759401,22.0971507383597,4142,1361,1,568,17.4986400604248,134.60661315918,16.6949157714844,24.5153007507324
85.4671538908073,22.0966622052275,4143,1361,1,540,21.254186630249,194.13117980957,17.4395923614502,29.0516777038574
85.4973345393025,22.0963015866266,4144,1362,1,527,20.086296081543,36.1714744567871,15.8810653686523,28.0891437530518
85.4969519362432,22.0967367256145,4145,1362,1,517,23.3573150634766,22.9428863525391,15.8810653686523,33.3166618347168
85.4967635260902,22.0972682942112,4146,1362,1,510,15.8877048492432,63.4779167175293,12.1456480026245,20.4205780029297
85.4974107250256,22.0956810754963,4147,1362,1,536,20.3657855987549,90,10.7022953033447,26.608268737793
85.4971889490721,22.0944655623974,4148,1362,1,538,15.4689445495605,93.3973388671875,9.62428379058838,20.9045448303223
85.4974579772044,22.0951051112344,4149,1362,1,535,17.9722442626953,86.3767547607422,13.7016048431396,23.302360534668
85.496633206143,22.0962924087971,4150,1362,1,539,16.9021816253662,23.4374198913574,25.3794078826904,29.1032638549805
85.4629463974796,22.0945578152482,4151,1363,1,531,12.2719011306763,11.4456977844238,18.1718215942383,18.0831413269043
85.4621872854921,22.0947491904998,4152,1363,1,541,16.4344043731689,28.8757400512695,12.9619493484497,21.9772605895996
85.4640139330385,22.0947180843076,4153,1363,1,535,15.1818542480469,339.515228271484,13.8426933288574,21.2602920532227
85.4627777692946,22.0941241328735,4154,1363,1,552,15.4528827667236,28.9503536224365,11.7875938415527,20.9523277282715
85.4634122106194,22.0944021025413,4155,1363,1,539,17.558967590332,356.089080810547,7.56081199645996,24.4131107330322
85.4575787074235,22.09422764209,4156,1364,0,665,14.0452299118042,161.905853271484,18.6701622009277,19.1049728393555
85.457060566255,22.094273706186,4157,1364,0,670,12.1587429046631,143.056304931641,25.8411560058594,18.5741748809814
85.4577649011235,22.0946645757777,4158,1364,0,672,12.4256258010864,139.722320556641,12.549409866333,19.7230834960938
85.5417478732771,22.0950288730738,4159,1365,1,477,10.0759754180908,243.999176025391,13.2288007736206,18.9736652374268
85.5412753160237,22.0951513297061,4160,1365,1,470,16.1142826080322,245.698043823242,8.78724479675293,22.715633392334
85.4301237079403,22.0939373091448,4161,1366,1,817,15.1486749649048,178.172668457031,7.58982944488525,20.3960781097412
85.4584951961835,22.0942365000302,4162,1367,0,640,20.7076091766357,160.661987304688,18.8055114746094,30.8058433532715
85.4589679218739,22.094137172981,4163,1367,0,631,11.1266927719116,140.471115112305,22.9404678344727,16.7332000732422
85.4955056202391,22.0946523092289,4164,1368,1,518,17.5213069915771,320.013854980469,13.9111881256104,24.6981773376465
85.4956612835107,22.0958387474972,4165,1368,1,513,18.8307285308838,269.311157226562,16.8378486633301,24.0416297912598
85.495699922029,22.0951058938471,4166,1368,1,515,15.6370315551758,287.034881591797,15.7964420318604,20.6639785766602
85.4962846190428,22.0949184266304,4167,1368,1,538,20.4067726135254,273.791290283203,21.728157043457,28
85.4962014724966,22.0962562331265,4168,1368,1,538,17.5477390289307,284.261413574219,24.0627460479736,31.7962265014648
85.4949494648146,22.0945256924329,4169,1368,1,521,16.6115970611572,351.680877685547,13.5961513519287,22.7376346588135
85.4961240990564,22.0954519965723,4170,1368,1,537,16.6225528717041,273.937347412109,19.2448844909668,23.345235824585
85.5292709824503,22.0947189703719,4171,1369,1,522,15.306206703186,211.363464355469,6.43382167816162,20.4694900512695
85.5433922056381,22.0950728339319,4172,1370,0,494,22.503942489624,1.79115748405457,22.1133499145508,33.7342567443848
85.542957525463,22.0948453056043,4173,1370,0,504,10.4716501235962,286.760498046875,13.4364738464355,22.1359443664551
85.4566058648627,22.0939912315467,4174,1371,0,675,22.9297943115234,132.720794677734,10.1887092590332,33.6005935668945
85.4643956559807,22.0939343435084,4175,1372,1,544,15.3947200775146,129.81201171875,14.8851251602173,25.5929679870605
85.4254514564422,22.0952731390913,4176,1373,0,643,10.7740621566772,315.316497802734,9.19056701660156,16.0312194824219
85.4255662226454,22.0938130611394,4177,1373,0,645,14.4879579544067,238.42529296875,14.1235103607178,24.2074375152588
85.4258658586133,22.0958353509581,4178,1373,0,637,10.3462657928467,304.154907226562,52.8632431030273,17.5214157104492
85.4251158337882,22.0978800635583,4179,1373,0,634,9.14724636077881,262.685760498047,15.0512046813965,15.3297100067139
85.4251588990758,22.0972176633441,4180,1373,0,640,13.3724040985107,267.034210205078,10.9518184661865,27.0924339294434
85.4258546275234,22.0947869288039,4181,1373,0,648,9.95337581634521,305.737579345703,52.9163055419922,15.5884571075439
85.425440273315,22.0944526655033,4182,1373,0,650,10.3677959442139,262.272735595703,20.0681018829346,19.261360168457
85.4251047904673,22.0961326429664,4183,1373,0,624,13.1581296920776,230.849594116211,13.7478847503662,20.44504737854
85.4257349997409,22.0931898436285,4184,1373,0,648,10.1644277572632,260.788757324219,34.713264465332,20.9284496307373
85.4417943368601,22.0951556222654,4185,1374,1,781,16.6904277801514,128.976806640625,10.1464099884033,21.4476108551025
85.4424443348987,22.0965691690831,4186,1374,1,794,16.5277366638184,147.437866210938,16.3067207336426,23.8746719360352
85.4419419324182,22.0959882839657,4187,1374,1,785,15.1933631896973,110.318214416504,8.31531524658203,20
85.4422015130639,22.0941546383786,4188,1374,1,753,16.4713935852051,102.005035400391,10.4098491668701,22.583179473877
85.4419166514945,22.0945444670676,4189,1374,1,766,17.5477390289307,104.261421203613,8.9442720413208,23.0651245117188
85.442404118831,22.0946218206598,4190,1374,1,758,17.597110748291,116.072792053223,11.8673229217529,24.1246757507324
85.4419446857673,22.0935660866256,4191,1374,1,759,16.8648452758789,94.654411315918,9.36059761047363,22.0907211303711
85.4423189538381,22.0952585823534,4192,1374,1,769,18.584192276001,128.45378112793,12.1867408752441,25.337718963623
85.4460588349631,22.0939980000536,4193,1375,1,726,16.6768531799316,2.47744131088257,23.6117763519287,26.324893951416
85.4453343714113,22.0941574662605,4194,1375,1,727,11.7514209747314,29.8672657012939,12.1540555953979,15.5241746902466
85.4466995592264,22.093677922467,4195,1375,1,725,13.8200759887695,360,23.0804138183594,26.1342678070068
85.4464973980732,22.0932423184781,4196,1375,1,746,5.86770009994507,33.0941314697266,20.1646041870117,9.11043357849121
85.4368796134355,22.0971447892328,4197,1376,1,757,15.5152082443237,285.416564941406,18.4734268188477,20.8086528778076
85.436320422894,22.0938666769173,4198,1376,1,823,18.1113891601562,317.695770263672,7.08355712890625,24.5764122009277
85.4382804608673,22.0963567047763,4199,1376,1,810,20.5519943237305,318.98583984375,14.170973777771,28.1247215270996
85.4354427128715,22.094605867932,4200,1376,1,791,17.2199192047119,312.426910400391,6.66090393066406,22.715633392334
85.4361242510085,22.0954312717653,4201,1376,1,788,15.5951251983643,304.950897216797,7.80535697937012,21.6564083099365
85.4390966322161,22.0969903341591,4202,1376,1,806,15.9285306930542,317.109161376953,6.40581703186035,21.7485637664795
85.4354436365426,22.0955007786791,4203,1376,1,775,16.1351299285889,331.480743408203,7.57965278625488,21.8632106781006
85.4394443435617,22.0974812581244,4204,1376,1,803,16.2833003997803,304.154907226562,10.9689245223999,21.2602920532227
85.437912421186,22.0957007135066,4205,1376,1,814,17.2968616485596,337.162658691406,11.7126493453979,23.5584373474121
85.4359482286065,22.093481454408,4206,1376,1,821,17.2756881713867,310.23828125,6.76911163330078,23.6643199920654
85.4392717316459,22.0942562702524,4207,1377,1,817,16.5990028381348,119.678718566895,19.1796627044678,22.6936111450195
85.4401873239011,22.0943316423881,4208,1377,1,800,12.117772102356,131.939300537109,7.49153423309326,16.3707046508789
85.4395770395506,22.0947332047298,4209,1377,1,816,17.7289752960205,121.72200012207,8.42391395568848,22.538854598999
85.4388617138389,22.0940067757322,4210,1377,1,817,15.99498462677,141.874130249023,18.806604385376,22.0680770874023
85.4394837426254,22.0938497960158,4211,1377,1,802,21.1292877197266,136.17138671875,11.4864711761475,28.3901386260986
85.4385803813244,22.0936115987037,4212,1377,1,814,15.0170841217041,132.25617980957,6.80373954772949,19.6977157592773
85.4393421501559,22.0931154447641,4213,1377,1,797,13.0004186630249,110.803382873535,7.66847705841064,18.5202598571777
85.4643010528441,22.093354564609,4214,1378,1,530,4.42103719711304,137.93635559082,21.761302947998,9.05538558959961
85.4640803918987,22.0937846000573,4215,1378,1,550,13.735710144043,154.924163818359,15.5905237197876,28.7054004669189
85.4638054127732,22.0933729058441,4216,1378,1,532,8.69391632080078,115.403739929199,17.2884941101074,14.4913768768311
85.4285248935235,22.0938058030262,4217,1379,0,778,12.4671249389648,264.679931640625,19.2376556396484,20.7123146057129
85.4286704176883,22.0928544586802,4218,1379,0,773,12.1843109130859,244.104888916016,12.4259929656982,21.470911026001
85.4287110600593,22.093319709643,4219,1379,0,776,13.4679260253906,246.811904907227,11.1634273529053,22.5610275268555
85.4285014971562,22.0942776970627,4220,1379,0,785,15.4854488372803,249.196624755859,18.7367668151855,27.6947650909424
85.4951546604984,22.0936978561564,4221,1380,1,512,14.3623275756836,201.769088745117,17.6899299621582,27.8388214111328
85.4939633307104,22.0940479282759,4222,1380,1,516,8.85531616210938,180,15.0462846755981,12.845232963562
85.4941913894325,22.093627018043,4223,1380,1,503,13.3818340301514,225.041885375977,16.6337795257568,22.912878036499
85.4934304947833,22.0940495414913,4224,1380,1,516,12.4098682403564,224.925674438477,10.4400396347046,19.7230834960938
85.4945155844332,22.0941038155488,4225,1380,1,523,9.41737651824951,278.529266357422,18.4321784973145,15
85.4954689451403,22.0940646665029,4226,1380,1,533,9.77397632598877,301.57470703125,14.0556735992432,18.165901184082
85.4965179005099,22.0935174761989,4227,1381,1,515,17.6359004974365,197.380157470703,28.6731739044189,37.0270156860352
85.4958430398926,22.0940039530561,4228,1381,1,534,15.6913747787476,172.939239501953,31.1867332458496,27.6224536895752
85.4964550291676,22.0940202726856,4229,1381,1,536,23.0423851013184,190.525085449219,28.1585540771484,35.9722099304199
85.4987278029431,22.0935195865278,4230,1382,1,514,15.1745080947876,63.0313034057617,9.18863105773926,21.3541564941406
85.5228319627108,22.0936680960501,4231,1383,1,483,12.304612159729,104.14380645752,13.9758129119873,17.776388168335
85.5269903865675,22.0937928035681,4232,1384,1,509,19.5835018157959,326.073852539062,13.0017585754395,26.3058929443359
85.5275180973749,22.0937422522948,4233,1384,1,526,4.92708301544189,357.129913330078,13.202823638916,14.7986488342285
85.5208334309363,22.0939457860587,4234,1385,1,522,11.2773342132568,103.071365356445,11.6192512512207,18.788293838501
85.5212148134484,22.094708447955,4235,1385,1,497,17.2199192047119,47.5730972290039,17.7321739196777,23.3238067626953
85.5212530236594,22.0935675874783,4236,1385,1,512,15.6809186935425,104.375640869141,7.29236221313477,20.3224010467529
85.5204267242489,22.0945526803612,4237,1385,1,508,10.6299266815186,343.9794921875,17.0482387542725,18.8679618835449
85.5201113069537,22.093768648127,4238,1386,1,507,18.6415119171143,247.113128662109,12.9168558120728,25.7487869262695
85.5201288031673,22.0942952071645,4239,1386,1,512,14.4574422836304,297.461700439453,15.9227714538574,21.1187114715576
85.5203917741284,22.0933497521333,4240,1386,1,511,13.0023031234741,252.431701660156,14.6382999420166,16.6433162689209
85.5346904096697,22.0936203349609,4241,1387,1,473,16.8400630950928,125.623046875,25.1499824523926,26.7955226898193
85.5333993889002,22.0944082428602,4242,1387,1,512,12.4949388504028,243.638671875,13.8555603027344,19.2873020172119
85.5352867498333,22.0941160068547,4243,1387,1,477,15.9223117828369,153.004379272461,23.4948806762695,21.1187114715576
85.5341726101599,22.0941324683538,4244,1387,1,510,19.2724266052246,170.047622680664,16.6005935668945,27.4226188659668
85.5348933876611,22.0945420444325,4245,1387,1,490,24.7252807617188,125.361145019531,27.4776725769043,35.3270416259766
85.5343005498782,22.0947580368462,4246,1387,1,521,17.7642421722412,24.6873989105225,25.2891864776611,44.0113639831543
85.5337601561836,22.0952367286008,4247,1387,1,493,7.23868131637573,32.9387741088867,28.4347190856934,14
85.5347805492164,22.0951511112802,4248,1387,1,495,26.1430835723877,26.6480331420898,32.1709823608398,38.065731048584
85.4144985760337,22.092574983346,4249,1388,1,542,15.5357761383057,332.237213134766,9.20570468902588,22.0907211303711
85.4149274947194,22.0927971856754,4250,1388,1,534,16.8587474822998,350.985473632812,6.04052734375,22.472204208374
85.5438557999077,22.0948367390698,4251,1389,0,522,25.3520011901855,347.904968261719,48.0196647644043,50.7050285339355
85.5441646074898,22.0936033838994,4252,1389,0,508,25.7787532806396,186.672134399414,26.4693794250488,39.6862678527832
85.5450665411857,22.0938144124596,4253,1389,0,508,18.7231750488281,135.536590576172,33.146556854248,25.3968505859375
85.5436292473323,22.0936386925137,4254,1389,0,504,14.7985134124756,246.202880859375,15.0475921630859,20.688159942627
85.544405477039,22.0948213391043,4255,1389,0,521,33.8186569213867,16.0850219726562,50.4724655151367,62.1771659851074
85.545315974677,22.0945277781774,4256,1389,0,511,17.6048316955566,36.7657165527344,48.1247978210449,25.5342903137207
85.5446895440635,22.0943562635795,4257,1389,0,524,8.94095706939697,98.9955520629883,13.6933336257935,18.9736652374268
85.5441158132951,22.0942813835966,4258,1389,0,523,10.8004217147827,219.312683105469,13.4960889816284,15.5241746902466
85.5429996319797,22.093768833863,4259,1389,0,490,11.1087198257446,261.595275878906,20.1870517730713,22.226110458374
85.4563546585044,22.0931118611054,4260,1390,0,696,7.80140209197998,9.06335544586182,24.9330596923828,14.3527002334595
85.4557779899974,22.0934346889782,4261,1390,0,691,8.71406078338623,122.342803955078,28.4925670623779,23.2378997802734
85.45745794943,22.0928149811582,4262,1390,0,702,10.0597524642944,93.9756469726562,21.0197563171387,15.1327457427979
85.4570260656731,22.0931915931259,4263,1390,0,698,10.4149141311646,330.450958251953,32.1356735229492,17.4928550720215
85.4561847529624,22.0937035307755,4264,1390,0,691,20.2743015289307,110.803382873535,16.4281692504883,28.1247215270996
85.5308159684718,22.0942772000877,4265,1391,1,514,15.6827116012573,142.050506591797,14.0905323028564,20.2237491607666
85.5309417384206,22.0937905549799,4266,1391,1,503,16.79758644104,155.501327514648,10.2074642181396,23.643180847168
85.5303079141432,22.0935038895469,4267,1391,1,500,17.4032344818115,126.991195678711,24.3721313476562,25.7681980133057
85.5313149811767,22.0945182883408,4268,1391,1,509,16.5990028381348,119.678718566895,3.77442741394043,22.0227146148682
85.5314322956107,22.0935988374079,4269,1391,1,490,15.6248760223389,153.411071777344,13.2508764266968,21.0950222015381
85.5316477749555,22.0949561377611,4270,1391,1,506,14.8892250061035,97.977409362793,5.95949554443359,19.1311264038086
85.4958520914733,22.0928908511584,4271,1392,1,503,3.32197427749634,188.553344726562,15.0884294509888,18.3303031921387
85.4472466181069,22.0925521174404,4272,1393,1,748,15.3360767364502,70.7982559204102,8.39716148376465,21.4941844940186
85.4996965408413,22.0929032742519,4273,1394,1,534,18.6335620880127,4.40511178970337,33.9995307922363,35.9861068725586
85.5006991641073,22.0930322358647,4274,1394,1,512,18.7862586975098,8.75875663757324,14.9396543502808,25.6124973297119
85.5001774206956,22.0928233905686,4275,1394,1,528,16.0015163421631,19.3380222320557,28.3138160705566,28.6356430053711
85.4992219345613,22.0927027228389,4276,1394,1,533,16.2451782226562,357.452850341797,33.9995307922363,30.8220691680908
85.3980940478736,22.0917619937374,4277,1395,1,584,15.194580078125,300.881164550781,7.90625095367432,19.9248580932617
85.425621397854,22.0921487931826,4278,1396,1,630,15.9574565887451,255.04328918457,11.5055294036865,20.9045448303223
85.4476934943738,22.0925681985394,4279,1397,1,736,17.6569957733154,81.854850769043,10.2728118896484,26.7955226898193
85.4476837984993,22.0919972059807,4280,1397,1,732,15.5462942123413,96.7709579467773,9.94092655181885,20.5426387786865
85.4356403993329,22.0924122690764,4281,1398,1,838,15.1505851745605,331.428955078125,14.7378740310669,19.570384979248
85.4354360558208,22.0918364432053,4282,1398,1,841,15.2220001220703,280.416839599609,15.8624048233032,19.8997478485107
85.5206555491584,22.0928642730226,4283,1399,1,500,16.6983890533447,154.426330566406,23.3260345458984,23.8537216186523
85.5214924403166,22.092891710469,4284,1399,1,497,15.8750429153442,159.567810058594,15.7986183166504,22.5166606903076
85.5210962502405,22.0926016703112,4285,1399,1,489,17.5016460418701,161.648773193359,25.7585830688477,27.2396774291992
85.4209278630883,22.0917923323749,4286,1400,1,552,15.9217891693115,12.230076789856,11.325047492981,21.2602920532227
85.420449146,22.0917018497001,4287,1400,1,550,17.5432205200195,346.578002929688,9.55843734741211,23.5584373474121
85.4941846209321,22.0925023019385,4288,1401,1,502,15.2367582321167,336.660583496094,11.0723152160645,20.6639785766602
85.5282159022498,22.0930121637256,4289,1402,1,509,22.6836853027344,147.519622802734,11.7009868621826,32.4961547851562
85.5286241210659,22.0926399040161,4290,1402,1,480,13.9505586624146,119.678718566895,20.6278743743896,21.6101837158203
85.527369279857,22.0928743436429,4291,1402,1,501,21.2817211151123,179.365051269531,21.182445526123,31.6227760314941
85.5267560227033,22.0927933757154,4292,1402,1,501,19.2798633575439,175.044677734375,17.0886554718018,27.9463768005371
85.5285146881454,22.0933796236539,4293,1402,1,508,16.8168125152588,121.02938079834,20.7914543151855,21.7025337219238
85.5279024729674,22.0926159110547,4294,1402,1,492,8.27746200561523,147.719711303711,20.1246128082275,13.076696395874
85.4224771837984,22.0915906878009,4295,1403,1,558,16.6580486297607,275.503997802734,10.8117618560791,23.8117618560791
85.4220584963821,22.0920765300778,4296,1403,1,553,15.8511629104614,256.64208984375,10.2494516372681,20.3960781097412
85.4225419043066,22.0921423523469,4297,1403,1,563,17.3546714782715,263.975494384766,8.9901123046875,23.1084403991699
85.410107378935,22.0914085499105,4298,1404,1,545,15.6985340118408,295.026245117188,12.3106136322021,21.1423740386963
85.4157838669729,22.0913926572235,4299,1405,1,537,15.0894947052002,96.9872436523438,16.9058036804199,21.0713081359863
85.4382770887208,22.0915933384292,4300,1406,1,807,17.516902923584,124.858825683594,6.0877857208252,23.4946804046631
85.4380700616041,22.0925560256506,4301,1406,1,814,15.9577550888062,94.9351425170898,10.292594909668,20.2977828979492
85.4380936554039,22.0920515709899,4302,1406,1,812,17.9085369110107,108.49235534668,10.0410566329956,23.4520778656006
85.4385480383117,22.0924144808256,4303,1406,1,804,15.1492929458618,98.7098999023438,6.52724933624268,20.2731342315674
85.4377289011845,22.0915359711815,4304,1406,1,802,14.4648752212524,144.151000976562,10.1845045089722,23.259407043457
85.5261258638047,22.0924231178014,4305,1407,1,498,15.7962198257446,127.494346618652,15.7757921218872,27.2213153839111
85.4623933710664,22.0919122728492,4306,1408,0,608,6.81562280654907,130.674774169922,23.764575958252,18.6010761260986
85.4620127509224,22.0923828718043,4307,1408,0,609,4.49001455307007,33.3454284667969,33.5264739990234,14.1067361831665
85.4617034250053,22.0919297441489,4308,1408,0,600,13.4266128540039,242.37353515625,20.3571796417236,17.5783958435059
85.4620439613996,22.0915742047746,4309,1408,0,600,14.6084508895874,196.352157592773,16.51442527771,20.3715496063232
85.4097050716342,22.0910958765409,4310,1409,1,538,15.0560741424561,291.456451416016,12.835750579834,19.8997478485107
85.4276540462855,22.0913965131386,4311,1410,0,686,13.7372255325317,227.867523193359,17.475154876709,21.0475654602051
85.4559198244804,22.091486448292,4312,1411,1,721,15.5910530090332,119.971290588379,14.9032001495361,30.2654914855957
85.5452364915631,22.0955357006327,4313,1412,1,464,20.0535564422607,27.4630107879639,34.2714195251465,27.2763633728027
85.5437173685978,22.0921407809186,4314,1412,1,454,16.512638092041,169.088943481445,11.5380077362061,22.6274166107178
85.5442146117822,22.0923691588302,4315,1412,1,455,18.625150680542,154.185638427734,12.5593957901001,24.5967483520508
85.5433583747702,22.0947483781474,4316,1412,1,508,13.8349828720093,324.661743164062,23.9515113830566,25.5342903137207
85.5453457534648,22.0932095047255,4317,1412,1,474,27.8247489929199,155.348587036133,21.847146987915,41.2674217224121
85.5463529660803,22.0950045720809,4318,1412,1,450,19.3874034881592,59.1612892150879,19.1486148834229,25.6124973297119
85.5468623010075,22.0936876951985,4319,1412,1,446,17.4911804199219,90.7454528808594,9.70540046691895,22.158519744873
85.5440240816864,22.0929815602922,4320,1412,1,478,16.8839244842529,178.3701171875,20.8911762237549,23.021728515625
85.5444436151822,22.0952696450466,4321,1412,1,486,38.2675094604492,13.609037399292,31.7304916381836,62.0564270019531
85.543942318742,22.0955149697619,4322,1412,1,479,24.9080600738525,8.55334568023682,33.0223045349121,34.655445098877
85.4620950086799,22.0914015165541,4323,1413,1,589,19.853630065918,188.940383911133,8.53752136230469,27.1661548614502
85.4615206478623,22.0917717445293,4324,1413,1,590,19.4427909851074,250.316436767578,13.7743558883667,26.7394847869873
85.4616393110981,22.0911257656527,4325,1413,1,578,15.6034088134766,194.317886352539,9.67329978942871,21.1660099029541
85.4613833001945,22.0923080870066,4326,1413,1,599,20.6178359985352,242.057434082031,11.4681339263916,28.2311878204346
85.4584976407104,22.0911893523674,4327,1414,0,634,15.3048810958862,138.511444091797,18.175666809082,23.6220245361328
85.4596219205372,22.0914874639494,4328,1414,0,626,10.8415279388428,97.3799896240234,16.3095455169678,15.3297100067139
85.45881386526,22.0931651544848,4329,1414,0,651,9.25755310058594,72.4317016601562,25.6316928863525,18.2208671569824
85.4591062738959,22.0927581124732,4330,1414,0,643,14.313304901123,101.117889404297,13.5124568939209,19.5959186553955
85.4598444298761,22.092109390684,4331,1414,0,625,13.839056968689,92.8618927001953,18.3329067230225,18.3030052185059
85.4588958885585,22.092290662708,4332,1414,0,640,8.87285327911377,144.503494262695,34.3165893554688,12.5698051452637
85.4590969733322,22.0918107997257,4333,1414,0,632,8.66405200958252,105.608322143555,6.57289981842041,12.0415945053101
85.4183560506055,22.0907226867261,4334,1415,1,545,15.0427894592285,275.251800537109,11.4746150970459,20.6397666931152
85.4225502391289,22.09069586258,4335,1416,1,571,15.0037641525269,319.89404296875,13.7295913696289,18.8679618835449
85.4341182968248,22.0907220569019,4336,1417,1,833,15.2831420898438,299.6787109375,12.1882781982422,21.3072757720947
85.4346265918335,22.090777215477,4337,1417,1,844,16.6617755889893,303.227020263672,13.3238067626953,23.3238067626953
85.4344395992759,22.0912049367,4338,1417,1,836,15.3613224029541,311.045349121094,10.2471103668213,20.1742401123047
85.4099176638278,22.0907075206426,4339,1418,1,542,15.0894947052002,276.987243652344,12.507152557373,20.4939022064209
85.4098418832481,22.0902497358732,4340,1418,1,542,15.9203977584839,287.568298339844,12.507152557373,23.3238067626953
85.428141265296,22.0906244965851,4341,1419,0,662,12.7116231918335,253.093597412109,9.57287406921387,26.1342678070068
85.4936514370617,22.0909784152952,4342,1420,1,518,16.1248207092285,260.201873779297,11.4681167602539,25.6124973297119
85.4937981164901,22.0914615309628,4343,1420,1,514,20.9052753448486,298.182464599609,9.87592697143555,27.8388214111328
85.4941070961594,22.0907422536868,4344,1420,1,516,16.8134994506836,208.124893188477,10.4138135910034,22.4499435424805
85.493707698931,22.0920207401063,4345,1420,1,500,16.9191970825195,288.059112548828,15.1515970230103,23.0867919921875
85.493344774072,22.0916350026564,4346,1420,1,496,16.7342987060547,307.851989746094,19.3111419677734,23.9582977294922
85.4943414764452,22.0917598861627,4347,1420,1,523,17.0318717956543,330.450958251953,14.6123991012573,23.8537216186523
85.430064175427,22.0907778884976,4348,1421,0,743,10.7306880950928,210.073028564453,24.2674007415771,15.6204996109009
85.4296393409407,22.09026161245,4349,1421,0,741,7.50693368911743,297.819854736328,20.1202583312988,15.8113880157471
85.4302861218808,22.0915775441393,4350,1421,0,764,8.17241096496582,193.913360595703,13.2289953231812,13.34166431427
85.4301497154038,22.0901311991346,4351,1421,0,742,14.2150287628174,306.786865234375,30.0710124969482,21.6101837158203
85.5236107222936,22.0930668244997,4352,1422,1,491,18.1299629211426,313.526062011719,13.3801860809326,24.2899150848389
85.5231210016722,22.0921703730446,4353,1422,1,490,18.0044441223145,275.066070556641,17.9372520446777,25.0199928283691
85.5242430599327,22.0933336758207,4354,1422,1,497,15.185733795166,326.178833007812,12.0743227005005,20.2237491607666
85.5229910579169,22.0912175910677,4355,1422,1,480,16.2945499420166,240.600555419922,14.6126546859741,22.2036037445068
85.5230541387923,22.0916860807651,4356,1422,1,496,17.6019420623779,276.679046630859,11.3080978393555,23.1300678253174
85.5232255539259,22.0926414812877,4357,1422,1,483,15.9285306930542,317.109161376953,18.286901473999,23
85.5249670473618,22.0932792377774,4358,1422,1,502,15.6065692901611,356.456146240234,3.77451324462891,20.8806133270264
85.5235603951669,22.0919564683475,4359,1422,1,505,17.0745887756348,273.826782226562,17.3348045349121,24.2074375152588
85.5258350641006,22.0911842245922,4360,1423,1,479,15.0262622833252,141.162536621094,12.9819984436035,20
85.5253031299249,22.09120835996,4361,1423,1,485,16.3763160705566,144.017242431641,10.3802108764648,22.3383083343506
85.523809341814,22.0914691563606,4362,1423,1,499,15.4032869338989,169.163421630859,6.3805046081543,20.5669631958008
85.5256537900954,22.0919914689104,4363,1423,1,504,17.4954833984375,147.719711303711,13.8272933959961,23.3238067626953
85.5242057033305,22.0917646816469,4364,1423,1,506,17.1066074371338,182.411468505859,7.83010768890381,22.5610275268555
85.5247468708561,22.0913281485378,4365,1423,1,498,16.6768531799316,182.477447509766,5.30745697021484,22.583179473877
85.5262829192866,22.0918996354555,4366,1423,1,489,16.6477565765381,142.678573608398,15.0308809280396,25.0798721313477
85.4055631267607,22.0899270248563,4367,1424,1,538,15.0922164916992,323.6845703125,9.45896530151367,19.8746070861816
85.4331298869948,22.0901920096325,4368,1425,1,826,15.7106437683105,309.890563964844,7.42486667633057,19.6723155975342
85.4612933566444,22.0906025352409,4369,1426,1,571,15.3360767364502,109.20174407959,5.91390037536621,19.9248580932617
85.5351722114358,22.0917034471906,4370,1427,1,478,15.831503868103,10.5250844955444,10.5062484741211,21.5870323181152
85.5360528476148,22.0912925560541,4371,1427,1,485,16.6374816894531,72.4317016601562,14.9216737747192,22.0680770874023
85.5361836308029,22.0920227535094,4372,1427,1,464,15.8044843673706,34.3490829467773,15.2652282714844,21.8174247741699
85.5357983702641,22.091704899948,4373,1427,1,480,17.6486721038818,19.8270225524902,8.5122127532959,26.4007568359375
85.5364445283642,22.0909056133156,4374,1427,1,480,15.4788961410522,62.6802978515625,9.46018218994141,21
85.395858282526,22.0896511168432,4375,1428,1,558,15.9476308822632,313.526062011719,8.81039237976074,20.688159942627
85.423642360809,22.0899103809358,4376,1429,1,587,16.0570125579834,261.810577392578,8.28877353668213,20.4694900512695
85.4973146444144,22.0909242555785,4377,1430,1,517,17.5587749481201,148.777038574219,7.45702648162842,23.1732597351074
85.4966140521575,22.0906036982147,4378,1430,1,515,15.1631021499634,162.384460449219,10.1759624481201,20.2237491607666
85.4311047096539,22.0897232528299,4379,1431,0,799,14.6929578781128,278.995574951172,9.34530067443848,20.1742401123047
85.4310177128245,22.0902530980469,4380,1431,0,791,13.4802045822144,309.258972167969,15.895299911499,18.9472961425781
85.3955452916751,22.0894044824469,4381,1432,1,556,15.1933631896973,290.318206787109,8.20754241943359,19.0525588989258
85.4805077268495,22.0902080123543,4382,1433,1,487,15.0922164916992,36.3154296875,16.3842105865479,23.6643199920654
85.5334748721756,22.0905916590214,4383,1434,1,480,16.6923236846924,298.589691162109,10.0113792419434,22.2036037445068
85.3983037130861,22.0935122795526,4384,1435,1,574,19.3814907073975,17.1262989044189,23.9085273742676,32.7566795349121
85.4007613327327,22.0903197229571,4385,1435,1,577,21.0970191955566,34.0148162841797,23.5327682495117,30.675724029541
85.3996190613894,22.0938545318124,4386,1435,1,527,15.8211755752563,24.285306930542,28.7894020080566,24.3721160888672
85.4012729598719,22.0897842161349,4387,1435,1,571,16.1439018249512,92.435302734375,22.7204570770264,20.5426387786865
85.399060193257,22.0936649937072,4388,1435,1,550,26.5905170440674,39.6524810791016,15.8335094451904,39.9374504089355
85.3998215362035,22.0923086993859,4389,1435,1,564,19.976390838623,47.4110832214355,9.05635643005371,26.9629383087158
85.3999086562356,22.0907965154104,4390,1435,1,581,19.307954788208,58.2236824035645,11.9821376800537,25.8069763183594
85.3970876255442,22.0934650744216,4391,1435,1,551,16.2042217254639,288.082061767578,8.45598602294922,22.0907211303711
85.4016796474279,22.0890714429325,4392,1435,1,562,16.1684398651123,94.0545043945312,11.736367225647,21
85.4008460445398,22.0908266707467,4393,1435,1,554,19.0492362976074,46.4739265441895,16.0011920928955,25.1793575286865
85.40499564451,22.0891077447974,4394,1436,1,553,16.6115970611572,351.680877685547,13.0434589385986,23.9791584014893
85.4054537188251,22.0893496034172,4395,1436,1,542,10.3933954238892,336.417022705078,8.51953315734863,21.470911026001
85.526396504799,22.0904231679599,4396,1437,1,481,16.1316184997559,270.812194824219,10.525016784668,22.9346904754639
85.4099055240271,22.0893227929174,4397,1438,1,552,16.5633354187012,314.671508789062,11.875301361084,23.5372047424316
85.4097226361691,22.0888919877667,4398,1438,1,561,15.6827116012573,322.050506591797,10.8486270904541,20.5669631958008
85.4216226638763,22.0894515113875,4399,1439,1,565,15.6615419387817,303.758697509766,5.1400032043457,19.8242282867432
85.499259023348,22.0900339667074,4400,1440,1,513,16.614860534668,157.009902954102,26.4811248779297,30.6104564666748
85.4987674228239,22.0901153936164,4401,1440,1,499,16.2231483459473,212.280288696289,27.7523918151855,31.8747539520264
85.5334138205196,22.0900689484715,4402,1441,1,476,16.2357788085938,246.782836914062,12.3919897079468,21.9772605895996
85.5333025274947,22.090543880887,4403,1441,1,474,14.9015522003174,289.813079833984,15.4335842132568,20.0997505187988
85.5339076522232,22.090293209231,4404,1442,1,494,10.5294218063354,257.256927490234,13.3430480957031,22.3383083343506
85.3968675396892,22.088552774464,4405,1443,1,582,15.0557641983032,217.57356262207,14.6253213882446,24.3721160888672
85.3965288638583,22.0891835800501,4406,1443,1,578,16.4123115539551,265.209320068359,12.8374462127686,21.7255611419678
85.396686841295,22.0898587822742,4407,1443,1,567,20.1313858032227,289.605194091797,9.38181114196777,26.0768089294434
85.3962335010944,22.0895424572396,4408,1443,1,565,15.185733795166,326.178833007812,13.4977121353149,21.5174350738525
85.4534114620842,22.0893022564385,4409,1444,1,738,11.0032501220703,155.052169799805,13.7272958755493,16.6433162689209
85.4528021393935,22.0891206231177,4410,1444,1,734,16.1135749816895,155.268783569336,7.7435827255249,21.5638580322266
85.4681557753502,22.0902228924748,4411,1445,0,557,14.1218700408936,129.460723876953,17.2179126739502,30.5614128112793
85.4682508980469,22.0910044181798,4412,1445,0,551,12.4098682403564,44.9256744384766,7.07735443115234,18.2208671569824
85.4681127010759,22.0897116658998,4413,1445,0,546,8.59420585632324,88.4454879760742,21.2931499481201,15.033296585083
85.4677577833527,22.0912174859298,4414,1445,0,551,13.9400062561035,26.8810653686523,12.0446243286133,23.473388671875
85.4678121221259,22.0891690740212,4415,1445,0,547,9.32869052886963,116.695579528809,12.0259971618652,14.7309198379517
85.4678294111525,22.0906405163452,4416,1445,0,556,12.035623550415,56.1055717468262,14.3367729187012,18.6010761260986
85.4571396384206,22.0891196124188,4417,1446,0,599,12.7486743927002,139.559600830078,14.0302734375,20.1990089416504
85.4576342351809,22.0890861063718,4418,1446,0,594,11.4147653579712,156.03369140625,8.50639152526855,23.1300678253174
85.4565130547596,22.0888933756722,4419,1446,0,615,12.2510938644409,146.178848266602,27.1576824188232,25.9229621887207
85.457755555641,22.0895494226823,4420,1446,0,609,22.3108425140381,150.370300292969,36.8332557678223,31.0805397033691
85.5339156547254,22.0896584957847,4421,1447,1,474,15.4048480987549,216.533767700195,3.88275718688965,21
85.5385712208823,22.089239319259,4422,1448,1,447,15.5787544250488,102.74308013916,11.1885986328125,20.7364406585693
85.5381052094713,22.0905431287329,4423,1448,1,462,15.8877048492432,63.4779167175293,7.81335830688477,20.7123146057129
85.5368382794749,22.0907704124206,4424,1448,1,470,16.015022277832,25.8562908172607,10.3512535095215,22.8691940307617
85.5387516452546,22.0899162945239,4425,1448,1,452,17.8017673492432,95.8628234863281,8.10513305664062,23.259407043457
85.53866790574,22.0904693418592,4426,1448,1,447,16.5967121124268,63.8842964172363,7.4525146484375,21.3072757720947
85.5376934207961,22.0908057831073,4427,1448,1,463,17.9098510742188,36.9436950683594,10.0185194015503,24.5764122009277
85.4672452010064,22.0887740189374,4428,1449,0,552,12.4836673736572,180,8.26898193359375,24.2074375152588
85.4673129423166,22.0892818624152,4429,1449,0,560,11.8805513381958,144.935745239258,8.33096885681152,18.2208671569824
85.4261695073249,22.0883165029894,4430,1450,0,651,14.988302230835,318.622161865234,14.0484657287598,26.4196891784668
85.426124921651,22.087745864028,4431,1450,0,659,18.0747661590576,331.566650390625,15.1115036010742,25.5342903137207
85.459416709457,22.0883926864848,4432,1451,1,552,14.5772304534912,173.327865600586,10.4376449584961,19.5192203521729
85.4598615775338,22.0885874753793,4433,1451,1,559,16.3099308013916,153.733215332031,10.2775135040283,21.6333084106445
85.4092750725779,22.0877651916298,4434,1452,1,577,17.6533107757568,14.9339714050293,15.1626958847046,23.5796527862549
85.4564913720957,22.0881180442196,4435,1453,0,591,15.3763236999512,149.849136352539,9.38091468811035,22.427661895752
85.4560044411592,22.0880463795343,4436,1453,0,591,15.0922164916992,143.6845703125,42.3719177246094,22.7596130371094
85.4636113222368,22.0881870664376,4437,1454,0,548,17.7889251708984,62.6118202209473,20.1789627075195,23.7276210784912
85.4641223286015,22.0881969404491,4438,1454,0,539,15.3073949813843,77.8947296142578,29.0938377380371,23.9374179840088
85.5102755301629,22.0902537296085,4439,1455,1,490,19.4211711883545,322.25537109375,22.4531173706055,26.324893951416
85.5096441327681,22.089481487385,4440,1455,1,489,19.7850074768066,294.223907470703,25.6433181762695,28.0713367462158
85.5101278970007,22.0897469951118,4441,1455,1,487,20.5876636505127,320.800506591797,27.4185943603516,31.78049659729
85.5098086678047,22.0884682401447,4442,1455,1,494,16.1248207092285,279.798126220703,13.4851703643799,21.8860683441162
85.5106194628859,22.0898575417304,4443,1455,1,507,15.0604133605957,338.3486328125,18.7915573120117,23.9374179840088
85.5098407302627,22.0889316343275,4444,1455,1,492,20.1492748260498,269.359771728516,15.5803279876709,27.8028774261475
85.4013339951609,22.0883110719465,4445,1456,1,575,16.9564476013184,37.4993743896484,13.1802444458008,22.3606796264648
85.4015995215873,22.0878208302603,4446,1456,1,584,15.4495325088501,91.7001647949219,18.7598762512207,31.8747539520264
85.402037337402,22.088308032221,4447,1456,1,563,16.5301189422607,54.534984588623,13.4700355529785,22.4499435424805
85.4020699928195,22.0873419433996,4448,1456,1,563,13.6490840911865,114.966819763184,16.6537227630615,19.5192203521729
85.4015812584245,22.0872509837611,4449,1456,1,571,12.7471113204956,133.526077270508,14.2170915603638,17.8605709075928
85.4666869689189,22.0878842390401,4450,1457,0,517,15.0727949142456,188.293884277344,9.97317790985107,20.4205780029297
85.4666759385913,22.0883581238701,4451,1457,0,531,13.4928417205811,199.986404418945,8.22786712646484,22.4944438934326
85.4272723755675,22.0875263445558,4452,1458,1,691,13.0586814880371,314.994873046875,13.0727214813232,21.4476108551025
85.4577786766578,22.0879838898284,4453,1459,0,560,14.2533922195435,147.061218261719,5.75941276550293,19
85.4642225062914,22.0879531210523,4454,1460,0,531,10.4736003875732,140.917343139648,26.6362323760986,28.6356430053711
85.4125920169408,22.0877302600669,4455,1461,1,574,15.0894947052002,83.0127487182617,25.0511951446533,26.2106857299805
85.4129027479359,22.0872418453062,4456,1461,1,564,17.4915866851807,62.9126777648926,15.9252662658691,24.4948978424072
85.4972604799309,22.0888890965067,4457,1462,1,506,18.7896633148193,105.373626708984,9.95963096618652,23.9791584014893
85.4974153100419,22.0882261695787,4458,1462,1,496,11.2607593536377,126.66625213623,16.529354095459,16.0312194824219
85.4967560889844,22.0880746675764,4459,1462,1,509,15.6827116012573,142.050506591797,11.339451789856,20.2977828979492
85.4974712942776,22.0893768453706,4460,1462,1,509,10.6389865875244,74.8167572021484,12.0643577575684,14.9331846237183
85.4613550329944,22.0880310878253,4461,1463,1,579,19.7079010009766,282.560333251953,17.4736976623535,26.3818111419678
85.4611115917599,22.0872875702723,4462,1463,1,585,10.1609172821045,290.068206787109,14.1534671783447,13.6747941970825
85.4614641913747,22.088829993573,4463,1463,1,569,16.9944267272949,298.877349853516,20.0358695983887,23.2378997802734
85.4611393643045,22.0884770584958,4464,1463,1,559,19.1125640869141,283.687683105469,19.4227886199951,27.910572052002
85.4615477889895,22.0876102053218,4465,1463,1,589,13.636739730835,305.070709228516,23.2086238861084,22.0907211303711
85.5371619381579,22.0883345015207,4466,1464,1,459,15.4482097625732,173.722915649414,6.42927646636963,21.023796081543
85.5376614745017,22.0882616622406,4467,1464,1,448,14.531005859375,175.223617553711,9.40484619140625,19.9248580932617
85.496460443908,22.0877931328147,4468,1465,1,506,15.0718269348145,150.205123901367,9.29321002960205,19.6468830108643
85.4098273020429,22.0871813961432,4469,1466,1,579,16.3561344146729,72.9404220581055,14.7290639877319,21.5870323181152
85.4099645660509,22.0866864921271,4470,1466,1,590,15.0720729827881,74.0951538085938,20.7551422119141,24.6373691558838
85.5296774943655,22.0886130016247,4471,1467,1,479,17.574686050415,333.273712158203,11.6954936981201,23.9791584014893
85.5291738818291,22.0877175184537,4472,1467,1,494,15.9408483505249,292.802673339844,22.5277652740479,25.8650341033936
85.5301610595231,22.0885208960323,4473,1467,1,497,9.54510879516602,1.47094452381134,10.803729057312,22.6715679168701
85.5293760384608,22.0881855527375,4474,1467,1,493,12.2429027557373,337.792938232422,17.9671173095703,18.8148880004883
85.528870215426,22.088156401723,4475,1467,1,474,23.004753112793,310.315093994141,17.6713600158691,31.5277652740479
85.4149947944811,22.0868073447904,4476,1468,1,549,16.494421005249,111.100021362305,7.60759353637695,20.7605400085449
85.4254312031468,22.0868025575124,4477,1469,0,655,13.8685083389282,265.237213134766,6.18582534790039,18.9736652374268
85.4784989714893,22.0872750132703,4478,1470,1,484,15.99498462677,218.125869750977,8.95945453643799,20.688159942627
85.430083970428,22.0867152955286,4479,1471,0,689,14.6784677505493,133.526077270508,16.8060665130615,21.7944946289062
85.4307444100661,22.0866954241154,4480,1471,0,689,12.3738794326782,187.916320800781,15.688268661499,25.5538654327393
85.4319621198616,22.0868316883643,4481,1471,0,692,13.1370344161987,204.009338378906,10.7915954589844,23.302360534668
85.4331290003053,22.0869194831384,4482,1471,0,698,14.3761615753174,192.646102905273,17.179443359375,24.2693214416504
85.4314118261524,22.0869134639559,4483,1471,0,684,13.7633399963379,197.432235717773,18.1275405883789,31.3209190368652
85.4324891225274,22.0869339126764,4484,1471,0,703,13.5140399932861,166.497940063477,12.3429660797119,27.0924339294434
85.5248652038406,22.0875323525329,4485,1472,1,482,16.0566368103027,29.6640396118164,17.9799346923828,32.7108535766602
85.5240827193548,22.0874002233478,4486,1472,1,484,18.1650276184082,1.50770461559296,13.5233936309814,24.9599685668945
85.5245305667949,22.0878660083041,4487,1472,1,469,16.9747047424316,14.7460861206055,25.0297088623047,25.4558448791504
85.5235670733173,22.0874698956591,4488,1472,1,484,15.0702419281006,347.030670166016,14.8009586334229,22.0680770874023
85.404877867121,22.0863366252827,4489,1473,1,549,19.4609050750732,116.905204772949,18.4666786193848,27.0554981231689
85.4044646759939,22.0857039751008,4490,1473,1,542,12.8391313552856,144.047515869141,8.20585441589355,16.7332000732422
85.4045026718074,22.0868208287473,4491,1473,1,573,17.4477005004883,102.812507629395,23.6543827056885,28.6006984710693
85.4048105932317,22.0873529462614,4492,1473,1,558,21.3275604248047,100.283210754395,19.7800407409668,31.6543827056885
85.3913605069059,22.085520013492,4493,1474,1,543,15.6253213882446,250.2958984375,19.89284324646,22.8254241943359
85.391024244781,22.0858971086066,4494,1474,1,532,17.4665222167969,261.004455566406,24.2578125,28.3372554779053
85.4007308916442,22.0856686010875,4495,1475,1,560,11.8465509414673,104.720031738281,17.1701831817627,18.165901184082
85.4002819560303,22.0860786593979,4496,1475,1,579,16.9334411621094,131.287811279297,11.5395050048828,22.9346904754639
85.4002779465903,22.0854702764356,4497,1475,1,569,16.6374816894531,107.568305969238,8.76099109649658,21.4242858886719
85.4007562664496,22.0861878377625,4498,1475,1,566,15.7167434692383,143.256988525391,14.5844316482544,21.1896209716797
85.4007299392777,22.086871590806,4499,1475,1,580,15.0720729827881,105.904846191406,5.44254589080811,19.8746070861816
85.4060953338212,22.0856106033363,4500,1476,1,558,17.3492412567139,287.568298339844,7.63941955566406,22.3159141540527
85.4062508937267,22.0861326704819,4501,1476,1,555,15.7566556930542,281.737640380859,11.2260446548462,21.1187114715576
85.4551769300166,22.0866754237757,4502,1477,0,583,14.5329437255859,126.941284179688,17.3710556030273,22.6936111450195
85.453712584649,22.0863857852471,4503,1477,0,594,11.9945554733276,211.886611938477,32.8075866699219,21.5638580322266
85.454203434532,22.0864104235676,4504,1477,0,599,12.2719011306763,191.445693969727,15.73215675354,25.5147018432617
85.4553554531945,22.0862164055924,4505,1477,0,583,12.7001667022705,118.229583740234,14.1038131713867,18.0831413269043
85.454673178975,22.0862223895007,4506,1477,0,594,11.4788379669189,141.943801879883,7.89762115478516,19.5959186553955
85.5333661886014,22.0872139983499,4507,1478,1,467,23.0943374633789,120.636001586914,21.5931758880615,32.7261352539062
85.5321540146352,22.087119512741,4508,1478,1,474,15.4467973709106,215.308456420898,11.7336654663086,20.4205780029297
85.5332267994743,22.08788406177,4509,1478,1,472,17.7076148986816,64.9285507202148,21.1052131652832,24.6981773376465
85.5328763428329,22.0871600817476,4510,1478,1,480,15.7234163284302,163.9794921875,18.8236923217773,23.473388671875
85.5324782748066,22.0866631706204,4511,1478,1,470,16.5585613250732,195.148300170898,9.18050956726074,22.5166606903076
85.5331696757854,22.0867595476217,4512,1478,1,464,19.3403873443604,134.496658325195,18.9784088134766,26.3058929443359
85.4356976704763,22.0859366515718,4513,1479,0,739,10.7717437744141,161.479751586914,34.3964538574219,15.8745079040527
85.4349781868306,22.0855841441288,4514,1479,0,734,9.5676212310791,232.548187255859,35.7882232666016,25.1594905853271
85.4352649228329,22.0862234019606,4515,1479,0,744,13.9531221389771,202.47038269043,14.3853950500488,19.1572437286377
85.4585139434547,22.0862812975785,4516,1480,1,549,23.9020481109619,292.2900390625,20.3259544372559,33.8673896789551
85.4594912510538,22.0875524809646,4517,1480,1,561,20.5055847167969,347.332733154297,19.5434169769287,28.8963661193848
85.4578259931435,22.0860027046026,4518,1480,1,542,16.3396244049072,310.038116455078,11.7261247634888,21.9772605895996
85.4587307932371,22.0869706531461,4519,1480,1,563,22.0304756164551,288.306243896484,27.782096862793,36.8374824523926
85.4590593804762,22.0873256231625,4520,1480,1,562,17.8213558197021,313.526062011719,25.391960144043,24.0416297912598
85.4605157258172,22.0877737176404,4521,1480,1,566,16.0406951904297,337.955474853516,7.09635925292969,21.7025337219238
85.4600051891028,22.0873673792047,4522,1480,1,569,16.3099308013916,333.733215332031,20.0550193786621,23.8956069946289
85.4660790167027,22.0859732302816,4523,1481,1,522,15.1981563568115,72.4317016601562,10.885160446167,19.7737197875977
85.5291905690193,22.0867279650631,4524,1482,1,482,18.7113704681396,238.633834838867,10.3829336166382,24.4335842132568
85.5307720095013,22.0869913051245,4525,1482,1,478,18.7896633148193,105.373626708984,14.5992946624756,24.2074375152588
85.530359352778,22.0863010605963,4526,1482,1,477,17.9563293457031,153.925689697266,11.8576545715332,24.2693214416504
85.5304643607543,22.0877855469441,4527,1482,1,492,17.4911804199219,89.2545471191406,12.8499364852905,22.4499435424805
85.5296157162084,22.0862636640774,4528,1482,1,480,16.9801998138428,186.493377685547,6.57965278625488,23.5796527862549
85.5308280438393,22.0865390098589,4529,1482,1,470,16.2833003997803,124.154922485352,18.6705417633057,21.8632106781006
85.3995224002341,22.0847082964922,4530,1483,1,559,20.7106323242188,183.927886962891,18.23948097229,29.597297668457
85.399713899285,22.0851269091222,4531,1483,1,578,8.3491096496582,149.999877929688,18.0250797271729,12.0415945053101
85.3988592142525,22.0850509020555,4532,1483,1,570,15.3617868423462,180.900253295898,17.0148429870605,21.8403301239014
85.4000958405727,22.0846185918698,4533,1483,1,560,15.6034088134766,165.682113647461,17.6639976501465,21.8174247741699
85.4004532718191,22.0849455323938,4534,1483,1,564,15.6514110565186,132.310134887695,8.65539455413818,21.2602920532227
85.4022523485171,22.0847974505341,4535,1484,1,553,15.8132963180542,121.40843963623,10.9866485595703,21.3307285308838
85.4386095330126,22.085200933999,4536,1485,0,624,12.838360786438,203.437423706055,27.4355239868164,21
85.4394075927703,22.0854925536572,4537,1486,0,640,12.784628868103,200.023651123047,30.6686630249023,26.7581768035889
85.4393043402229,22.0850276933174,4538,1486,0,640,10.9030666351318,206.626571655273,25.417797088623,17.6635208129883
85.441183756964,22.0859597710581,4539,1487,0,730,12.4286317825317,247.004013061523,17.4418964385986,20.7364406585693
85.4429266499822,22.0853531572007,4540,1487,0,728,14.9996471405029,148.968399047852,15.461669921875,26.9629383087158
85.4415591683415,22.0850569329491,4541,1487,0,724,8.60141658782959,212.833221435547,44.0762214660645,18.2756671905518
85.4423436492731,22.0854193245913,4542,1487,0,723,13.009973526001,173.564117431641,15.6815319061279,26
85.4415249075735,22.0856148951418,4543,1487,0,728,12.7703895568848,218.937454223633,18.9558525085449,20.3469905853271
85.3961639848002,22.0845387717631,4544,1488,1,562,22.1200389862061,176.956298828125,18.8374824523926,32.2180061340332
85.3976302862994,22.0851029430924,4545,1488,1,575,10.4533376693726,139.073776245117,21.482593536377,13.3790884017944
85.3964432364672,22.0849270388865,4546,1488,1,581,22.1200389862061,183.043701171875,26.2474918365479,35.2136344909668
85.3967546412597,22.0844151569615,4547,1488,1,550,16.2451782226562,182.547149658203,28.0476093292236,22.715633392334
85.3971359429282,22.0849828043748,4548,1488,1,576,20.3578948974609,158.145538330078,22.9389495849609,31.432466506958
85.3954738774408,22.0848691847556,4549,1488,1,566,16.4732780456543,233.402633666992,11.2585906982422,21.7944946289062
85.3959371806517,22.0850624529531,4550,1488,1,575,16.3382263183594,217.136352539062,15.7255840301514,27.5680980682373
85.4081642667007,22.0846223566378,4551,1489,1,573,15.9148483276367,290.187255859375,11.9735822677612,19.5959186553955
85.4377423737206,22.0847892575574,4552,1490,0,612,14.7457599639893,161.844253540039,11.9259471893311,25.9422435760498
85.4586122126758,22.0850536784504,4553,1491,1,544,18.8210105895996,156.092636108398,17.2736282348633,25.9422435760498
85.4583202067831,22.084680739933,4554,1491,1,535,18.8210105895996,156.092636108398,21.2988948822021,26.3628520965576
85.4348223088606,22.0845015899834,4555,1492,0,666,14.8238773345947,187.497192382812,48.065113067627,29.0516777038574
85.446140090253,22.0845634562708,4556,1493,0,725,14.9677362442017,235.429580688477,8.10918807983398,26.9814758300781
85.4915176846581,22.0850142843253,4557,1494,1,481,16.3099308013916,153.733215332031,15.5306577682495,22.2710571289062
85.4909056746849,22.084991846576,4558,1494,1,489,17.9580192565918,166.914489746094,15.2828884124756,26.1916007995605
85.4915332176417,22.0854687466955,4559,1494,1,493,12.1109733581543,122.342803955078,8.23515796661377,16.5831241607666
85.4666323003563,22.0849366418092,4560,1495,1,529,18.4946937561035,55.679027557373,11.6502552032471,30.1164398193359
85.4659201936524,22.0849926922189,4561,1495,1,541,15.6345834732056,40.3763427734375,11.6639232635498,26.645824432373
85.4668878955704,22.0845174376887,4562,1495,1,524,18.5840816497803,60.8068885803223,9.21907997131348,24.7386341094971
85.4660975836636,22.0854642326497,4563,1495,1,527,18.7652626037598,39.4378356933594,12.7809066772461,28.3372554779053
85.4667241247784,22.0854441173095,4564,1495,1,509,16.8761386871338,45.3509750366211,23.2607841491699,25.1197128295898
85.5302950559429,22.085186487157,4565,1496,1,449,15.4482097625732,173.722915649414,18.3968505859375,23.0434379577637
85.5297771826697,22.08539308189,4566,1496,1,462,15.5800094604492,197.105621337891,14.2165107727051,22.3830299377441
85.5234026006844,22.0851362117464,4567,1497,1,486,15.6777086257935,228.902053833008,17.1644020080566,23.1084403991699
85.4126837177554,22.0843368519653,4568,1498,1,583,15.6253213882446,70.2958984375,23.4607810974121,24.879711151123
85.4131397607467,22.0838025516225,4569,1498,1,568,15.4854488372803,69.1966247558594,10.2431974411011,19.5448207855225
85.4129005367248,22.0865598882922,4570,1498,1,573,15.0427894592285,95.2518081665039,14.0122079849243,19.6723155975342
85.4130186411564,22.0858306725836,4571,1498,1,566,17.6287841796875,108.038146972656,8.10570621490479,23.8537216186523
85.4125853909824,22.0849397101064,4572,1498,1,573,18.4817066192627,68.408203125,20.9924049377441,25.3968505859375
85.413377012532,22.0845345837479,4573,1498,1,559,15.7962198257446,52.5056533813477,19.9391860961914,20.0748596191406
85.4126503688294,22.0854042277111,4574,1498,1,571,16.4713935852051,102.005035400391,16.3658714294434,21.9544982910156
85.507732430652,22.0848162775586,4575,1499,1,487,12.3651180267334,339.242523193359,20.7270698547363,21.1423740386963
85.5082308194438,22.0848430457899,4576,1499,1,491,14.335503578186,333.9501953125,17.9881019592285,20.856653213501
85.4017425107118,22.083373088511,4577,1500,1,540,17.4954833984375,147.719711303711,12.1927127838135,24.2693214416504
85.4019974826508,22.0838603752317,4578,1500,1,547,20.3551177978516,124.304626464844,10.2031383514404,26.2678508758545
85.4037351937139,22.0833759587413,4579,1501,1,536,15.0303010940552,344.140441894531,8.20569610595703,19.6723155975342
85.5256351187305,22.0858421168134,4580,1502,1,468,17.8229846954346,65.916374206543,6.64188003540039,23.1948261260986
85.5256449564616,22.0863067347705,4581,1502,1,464,18.3865013122559,90.7067337036133,11.0568933486938,24.4540386199951
85.5261010192662,22.0856455679811,4582,1502,1,465,17.4138107299805,65.272819519043,7.89776802062988,22.3830299377441
85.5260562706279,22.0843909916067,4583,1502,1,465,17.597110748291,116.072792053223,11.0998001098633,25.0998001098633
85.5257054295826,22.0868191533589,4584,1502,1,465,19.7692127227783,94.579963684082,12.9720191955566,25.9229621887207
85.5260840365903,22.084857809907,4585,1502,1,467,17.8858890533447,102.472610473633,8.91338539123535,23.7907543182373
85.5257017447546,22.0872788912585,4586,1502,1,462,17.7227764129639,80.3994216918945,17.6390380859375,25.8456954956055
85.407521594028,22.0833934992371,4587,1503,1,565,15.4886951446533,258.910797119141,11.9375638961792,22.7596130371094
85.4509214370724,22.0837710483279,4588,1504,0,637,12.8813724517822,127.557037353516,28.3096389770508,19.261360168457
85.524783089359,22.0845588180779,4589,1505,1,480,16.6892147064209,160.661987304688,7.99138164520264,21.9544982910156
85.5242703481448,22.0846658990812,4590,1505,1,491,8.3491096496582,149.999877929688,16.4772720336914,14.8996648788452
85.5253288201959,22.0846109087069,4591,1505,1,473,16.8993129730225,152.957580566406,8.19410800933838,22.4499435424805
85.5244581045715,22.0842148943655,4592,1505,1,475,17.371997833252,160.661987304688,6.03831672668457,22.5610275268555
85.4620169976601,22.0839245646719,4593,1506,1,557,20.5615539550781,174.05549621582,10.5362815856934,28.5832118988037
85.4632659953737,22.0850158842579,4594,1506,1,577,15.1124095916748,122.097831726074,14.1951198577881,28.3372554779053
85.4611453814415,22.0842913858702,4595,1506,1,571,20.2002849578857,200.606628417969,11.6681385040283,29.3598365783691
85.4600208203611,22.0842939201655,4596,1506,1,546,18.196647644043,240.07292175293,18.0841770172119,25.9229621887207
85.462405370907,22.0832760408421,4597,1506,1,533,15.5506248474121,147.118591308594,16.3851432800293,21.0475654602051
85.4604075374256,22.0850268856625,4598,1506,1,570,16.0012722015381,263.432403564453,16.3117771148682,27.0924339294434
85.4605469469085,22.0842537207753,4599,1506,1,560,21.6794185638428,209.965362548828,11.4124565124512,28.9136638641357
85.4638582179195,22.0842821047424,4600,1506,1,547,16.6768531799316,182.477447509766,12.7597408294678,22.5610275268555
85.4629610301354,22.0844085037058,4601,1506,1,572,13.120587348938,142.329406738281,14.9661769866943,27.7488746643066
85.4338175880152,22.0830114121833,4602,1507,0,618,13.5965538024902,88.05712890625,9.53899097442627,18.3575592041016
85.4338366425086,22.0834862678311,4603,1507,0,618,10.7453002929688,122.69140625,8.85397624969482,18.1107711791992
85.4456796244429,22.0834257908546,4604,1508,0,678,14.1568088531494,208.630432128906,34.4049530029297,22.3830299377441
85.4461227841192,22.0837120473562,4605,1508,0,692,23.3759689331055,174.843490600586,17.0254917144775,33.6005935668945
85.4458948460429,22.0829881132415,4606,1508,0,663,23.9816761016846,167.674041748047,17.965160369873,34.9284973144531
85.408171395415,22.082872061254,4607,1509,1,557,15.8718719482422,194.956390380859,8.63368701934814,21.7485637664795
85.4441182657789,22.0833432002988,4608,1510,0,622,14.0437078475952,259.612976074219,9.48745727539062,18.7082862854004
85.4541356387567,22.0833094011946,4609,1511,1,555,16.121696472168,58.3438415527344,9.55489540100098,20.3715496063232
85.5239603389478,22.0840084577663,4610,1512,1,469,15.1818542480469,159.515243530273,8.56102752685547,19.7484169006348
85.4651332863581,22.0830389736861,4611,1513,1,526,15.6317949295044,133.526077270508,9.0586986541748,20.0249843597412
85.4652874963866,22.0836961959172,4612,1513,1,538,15.4954147338867,145.90934753418,6.42045593261719,21.3541564941406
85.4655700474782,22.0841227008714,4613,1513,1,550,13.544602394104,156.784210205078,9.65005493164062,18.4390888214111
85.4650684761453,22.0841681555769,4614,1513,1,556,13.5704984664917,146.333602905273,7.90578842163086,19.4164886474609
85.4672573938892,22.0830717581656,4615,1514,1,516,15.071494102478,118.162750244141,11.4691638946533,19.7989902496338
85.4673922885359,22.0836780934854,4616,1514,1,513,16.4884204864502,108.577171325684,9.3830041885376,21
85.4674867993692,22.0841906113999,4617,1514,1,515,14.1303615570068,77.7770080566406,2.38863182067871,17.7482395172119
85.4456541750525,22.0827533792778,4618,1515,0,657,16.4060020446777,154.839630126953,9.12152099609375,25.8069763183594
85.4293731550927,22.0887894916242,4619,1516,0,748,10.9212522506714,299.255615234375,16.39501953125,19.7989902496338
85.4272379389055,22.0853468851681,4620,1516,0,684,10.2259731292725,180,31.2145195007324,15
85.4271309228167,22.0862160941358,4621,1516,0,692,7.1690526008606,264.388244628906,4.04091644287109,9.48683261871338
85.4283448434266,22.087360381976,4622,1516,0,710,7.62084150314331,295.403747558594,18.6087169647217,11.7898263931274
85.4289672382817,22.0868603057218,4623,1516,0,703,11.4229354858398,173.868194580078,11.3054866790771,20.3469905853271
85.4256885184739,22.082984138727,4624,1516,0,633,13.6599216461182,201.899429321289,8.0910816192627,18.0554695129395
85.4264510518112,22.0858812517939,4625,1516,0,680,9.2169246673584,259.812805175781,14.9027500152588,15.1327457427979
85.4275616797847,22.0870415426172,4626,1516,0,695,9.96776103973389,280.756072998047,11.3977355957031,12.4498996734619
85.4250735936657,22.0831351487684,4627,1516,0,628,13.4361848831177,204.554916381836,7.77680587768555,17.776388168335
85.4267644246218,22.0850907486829,4628,1516,0,679,14.2701215744019,178.054870605469,26.3715324401855,23.8327503204346
85.5089979548625,22.0835163533298,4629,1517,1,497,16.1316184997559,90.8122024536133,5.05190849304199,20.4694900512695
85.5090666249898,22.0840882095128,4630,1517,1,496,16.8182144165039,88.4454879760742,5.90347957611084,21.2837963104248
85.508955693807,22.0830479694815,4631,1517,1,494,14.9128456115723,107.007690429688,5.16135025024414,19.1833267211914
85.5090206268794,22.084545335661,4632,1517,1,496,10.7693481445312,68.50390625,10.1768684387207,16
85.5181361360296,22.0832572134493,4633,1518,1,463,15.8636932373047,99.1316299438477,15.7496042251587,22.0907211303711
85.5207650331264,22.0835157943,4634,1519,1,462,17.2114372253418,278.371368408203,21.7896385192871,25.8456954956055
85.4529663470885,22.0825415200226,4635,1520,1,554,11.0466289520264,210.566375732422,6.72936153411865,16
85.4446615770098,22.0823914857131,4636,1521,0,649,12.3145866394043,261.358734130859,19.1592102050781,29.1719036102295
85.4450322886232,22.0839742924346,4637,1521,0,649,14.1981506347656,214.264129638672,46.3843688964844,23.021728515625
85.4446442208193,22.0836682838911,4638,1521,0,644,10.3402729034424,211.363464355469,8.24939632415771,15.9373769760132
85.445244470784,22.0825323779775,4639,1521,0,658,12.8531723022461,259.648498535156,17.2360076904297,28.6356430053711
85.4446081597481,22.0831296323143,4640,1521,0,639,12.2029829025269,257.963256835938,13.0345630645752,20.2484569549561
85.4443973885106,22.0842093667566,4641,1521,0,646,19.4232749938965,229.373352050781,37.9049835205078,28.7576084136963
85.4405929069763,22.0826389399096,4642,1522,0,592,11.1266927719116,219.528884887695,5.9987850189209,18.5472373962402
85.4422525553389,22.0829201448085,4643,1522,0,606,13.8479528427124,168.894683837891,8.70565986633301,30.0832176208496
85.4419537660811,22.0822468072536,4644,1522,0,583,14.8852672576904,163.003829956055,17.3158397674561,21.8860683441162
85.4412438285431,22.0824466460376,4645,1522,0,592,17.2829132080078,171.222076416016,20.4227313995361,23.5372047424316
85.441622729835,22.0828189590142,4646,1522,0,598,12.9174642562866,161.34033203125,8.94965171813965,23.1948261260986
85.4400794587375,22.0828295806128,4647,1522,0,588,12.9176683425903,239.96533203125,11.5891399383545,18.3030052185059
85.3963822714471,22.0830529640936,4648,1523,1,529,15.227855682373,272.589721679688,15.1952247619629,23.9165210723877
85.3960919153275,22.0822003804198,4649,1523,1,527,15.1745080947876,243.031311035156,17.8284721374512,20.9523277282715
85.3964563012442,22.0818137911909,4650,1523,1,526,16.9944267272949,241.122650146484,15.0390367507935,25.690465927124
85.3963999348279,22.0825770328674,4651,1523,1,536,20.2415237426758,275.742950439453,11.4618911743164,25.9422435760498
85.4548739944613,22.0827755447142,4652,1524,1,557,15.5055046081543,8.04959106445312,6.58281326293945,21.1423740386963
85.455373846053,22.0824537692076,4653,1524,1,562,17.5433654785156,38.9091644287109,8.34612274169922,23.643180847168
85.5068839473777,22.084188225081,4654,1525,1,489,18.0898265838623,285.282379150391,21.6301078796387,25.9422435760498
85.5070085864585,22.083173119471,4655,1525,1,496,20.637809753418,274.370208740234,11.3893947601318,27.4226188659668
85.5070068511587,22.0836418790896,4656,1525,1,496,22.1028499603271,278.709899902344,13.8617286682129,29.4448642730713
85.5073451238279,22.0847130112782,4657,1525,1,490,15.6777086257935,311.097961425781,10.9424352645874,20.8086528778076
85.5073255199328,22.0839885054882,4658,1525,1,502,19.9594020843506,295.403747558594,15.8449382781982,27.2946872711182
85.4427412241885,22.0829699449021,4659,1526,0,590,11.1027221679688,135.262176513672,18.7583923339844,17.2626762390137
85.4426370778295,22.0823383327508,4660,1526,0,574,10.3933954238892,203.582962036133,9.93634605407715,22.6495037078857
85.4431876445498,22.0833737077018,4661,1526,0,598,14.0778999328613,209.945022583008,8.09391021728516,23.0434379577637
85.4431222288644,22.0826368311787,4662,1526,0,585,13.7368640899658,241.991287231445,16.3131523132324,21.6101837158203
85.4425868576918,22.0834188346731,4663,1526,0,602,22.8027687072754,149.112411499023,18.2487850189209,32.2024841308594
85.4433328453647,22.0838048710242,4664,1526,0,607,13.6310348510742,195.485809326172,16.6690769195557,19.6214160919189
85.3932130532722,22.0820015649246,4665,1527,1,513,20.1837749481201,150.450958251953,24.6044578552246,31
85.3930517817561,22.0814059147513,4666,1527,1,510,12.2606496810913,111.005477905273,12.0749702453613,17.1755638122559
85.3937482768374,22.0824743439185,4667,1527,1,533,17.2126274108887,140.138275146484,20.3104972839355,23.6008472442627
85.3941401049767,22.0820311548964,4668,1527,1,505,13.4101753234863,175.847137451172,24.2665882110596,21.3307285308838
85.3926478806516,22.08171053976,4669,1527,1,522,14.6984939575195,132.227355957031,12.7651119232178,19.0262985229492
85.3938729459576,22.0829122101227,4670,1527,1,538,12.1587429046631,143.056304931641,11.1350517272949,17.3781471252441
85.3937035929319,22.0817479671528,4671,1527,1,506,6.81562280654907,130.674774169922,25.9009799957275,9.38083171844482
85.4033798617423,22.0820126394753,4672,1528,1,541,16.2231483459473,212.280288696289,20.689395904541,27.6767044067383
85.4034865447118,22.0815242212817,4673,1528,1,524,9.76088047027588,295.403747558594,19.3447799682617,16.822603225708
85.3991087868239,22.0812990828239,4674,1529,1,539,15.5462942123413,276.770965576172,6.1696720123291,20.5669631958008
85.3991526496531,22.0818333405598,4675,1529,1,539,16.1245098114014,283.950836181641,7.45250129699707,23.8537216186523
85.3998953146426,22.081274336552,4676,1530,1,555,15.93874168396,280.756072998047,10.1356735229492,20.9523277282715
85.4100182021349,22.0810907877743,4677,1531,1,570,15.4689445495605,273.397338867188,11.5044946670532,19.7737197875977
85.4098492438589,22.0815590784618,4678,1531,1,569,15.60400390625,261.558288574219,6.30772972106934,21.7025337219238
85.399571597514,22.0811072432919,4679,1532,1,545,15.1492929458618,278.709899902344,6.63450622558594,20.1494407653809
85.4330377536009,22.0814486429236,4680,1533,0,610,14.5454444885254,152.237228393555,28.3487892150879,21.0475654602051
85.4437511114138,22.0821199204364,4681,1534,0,611,13.5965538024902,268.05712890625,10.3375606536865,22.0680770874023
85.4440106089068,22.0817005713619,4682,1534,0,624,12.5890684127808,284.893188476562,11.3053245544434,19.3390789031982
85.4434511109258,22.0813709995425,4683,1534,0,606,23.0935363769531,202.623519897461,11.8762264251709,32.9241561889648
85.4444616002238,22.0818832504889,4684,1534,0,630,11.4426898956299,226.473922729492,14.7783641815186,26.153392791748
85.4463685496461,22.0816139928441,4685,1535,0,595,14.7570743560791,164.799911499023,17.8482685089111,21.3541564941406
85.3899169171444,22.0811256123937,4686,1536,1,512,20.3738899230957,268.313018798828,,19.078784942627
85.3900815923428,22.0819517160288,4687,1536,1,515,18.183385848999,267.138092041016,,16.7928562164307
85.3900013725745,22.0803791025698,4688,1536,1,519,16.7729034423828,289.054534912109,,13.34166431427
85.4318658274055,22.0818414146456,4689,1537,0,657,21.0078010559082,144.232879638672,20.7839412689209,33.0151481628418
85.4314145291139,22.0816518897074,4690,1537,0,667,7.50887870788574,79.2439193725586,26.1387462615967,30.9838676452637
85.4313098150265,22.0808435507114,4691,1537,0,662,14.9449014663696,157.162673950195,35.5996398925781,23.021728515625
85.432113183054,22.0823031589664,4692,1537,0,668,7.60873079299927,104.213409423828,37.7369003295898,11.6189498901367
85.4310419130817,22.0813103111069,4693,1537,0,673,4.46733522415161,263.975494384766,9.03115463256836,18.8414440155029
85.4319611970448,22.0828080908002,4694,1537,0,668,14.1097221374512,36.9436950683594,18.4197158813477,24.020824432373
85.4010360166018,22.0805586128056,4695,1538,1,541,16.5301189422607,125.465019226074,8.34867095947266,21.5638580322266
85.4012769650194,22.082186296414,4696,1538,1,544,16.7364196777344,57.8772010803223,8.15999221801758,24.1867733001709
85.4002224832811,22.0820783165548,4697,1538,1,559,13.8845682144165,326.027709960938,13.075644493103,23.2378997802734
85.4008752355777,22.0817316828595,4698,1538,1,556,15.9265842437744,93.2946243286133,14.5919847488403,21.2837963104248
85.4015045856347,22.0813782269243,4699,1538,1,533,17.8506278991699,97.3142318725586,11.5272436141968,23.7697277069092
85.4008815992559,22.0812097310056,4700,1538,1,553,17.7806396484375,111.762069702148,13.8436088562012,24
85.4005512967398,22.0803313032586,4701,1538,1,542,15.0037641525269,139.894027709961,5.62648105621338,19.7737197875977
85.4534406013343,22.0804683290912,4702,1539,1,558,17.1089286804199,275.349884033203,9.92718315124512,23.366641998291
85.4530892078444,22.0811598581647,4703,1539,1,545,17.3424224853516,250.040481567383,17.1343650817871,25.7681980133057
85.4530762377373,22.0822043362258,4704,1539,1,556,15.5462942123413,263.229034423828,12.6553678512573,21.4941844940186
85.4533457820617,22.0816853373416,4705,1539,1,563,18.5852546691895,257.321807861328,13.428897857666,24.8193473815918
85.398648980515,22.0803020026928,4706,1540,1,534,15.4886951446533,281.089202880859,2.23823738098145,20.2237491607666
85.3988328083393,22.0808162255534,4707,1540,1,539,15.1124095916748,302.097839355469,5.74482727050781,20.8086528778076
85.4505375680412,22.0802059365948,4708,1541,1,533,17.2009334564209,226.473922729492,15.3901386260986,23.8746719360352
85.4001464139532,22.0798098217628,4709,1542,1,534,16.9747047424316,165.25390625,13.6261148452759,24.1660919189453
85.4007346357942,22.0797449359378,4710,1542,1,530,17.9246864318848,149.529968261719,9.65559101104736,25.5929679870605
85.3994901154297,22.0794884013575,4711,1542,1,526,15.1464996337891,169.897644042969,19.4006366729736,27.5136337280273
85.4013566591826,22.0798360791157,4712,1542,1,522,15.0270137786865,161.241516113281,10.6047763824463,21.1660099029541
85.3991697554627,22.0798868920331,4713,1542,1,550,8.50332641601562,217.321426391602,19.8680744171143,16.2172756195068
85.3913551126216,22.0796803256505,4714,1543,1,515,15.7200527191162,154.570449829102,13.9373979568481,25.5147018432617
85.3909577668859,22.0793922657912,4715,1543,1,514,15.984227180481,149.179779052734,11.9042663574219,21.9089031219482
85.3917575575379,22.0793532640781,4716,1543,1,496,17.9246864318848,149.529968261719,17.1162796020508,27.1661548614502
85.4312460896974,22.0797960985645,4717,1544,0,626,7.49034738540649,176.235290527344,50.6527976989746,12.845232963562
85.4465212712261,22.0809118519487,4718,1545,0,574,9.61889171600342,172.683670043945,8.83180236816406,18.0277557373047
85.4470075925907,22.0809223166177,4719,1545,0,573,7.23868131637573,147.061218261719,9.36752510070801,12.4498996734619
85.4429778251163,22.0805040356543,4720,1545,0,577,11.7436151504517,189.561782836914,18.5674018859863,24.8193473815918
85.4471240526853,22.0816594701269,4721,1545,0,577,13.3259525299072,118.989402770996,15.1430587768555,18.0554695129395
85.4458382356072,22.0806324511729,4722,1545,0,577,8.60141658782959,147.166778564453,10.3906393051147,15.2970581054688
85.4460548976753,22.0810928923148,4723,1545,0,575,9.34419536590576,166.344100952148,8.26313400268555,17.6068172454834
85.44724944236,22.0801469633445,4724,1545,0,559,13.6310348510742,164.514190673828,12.7654781341553,18.9736652374268
85.4450992917408,22.0804620918826,4725,1545,0,576,8.9748706817627,189.438247680664,14.9838771820068,15.16575050354
85.4465281680898,22.0799683861939,4726,1545,0,547,13.6599216461182,201.899429321289,10.5529079437256,19.9248580932617
85.4442163367193,22.0804571239425,4727,1545,0,580,9.75839996337891,162.471481323242,13.9748764038086,19.6723155975342
85.4028497804264,22.0792049780602,4728,1546,1,528,15.6065692901611,356.456146240234,8.00787830352783,20.8086528778076
85.4347236037033,22.0798222491989,4729,1547,1,563,15.3542242050171,106.480781555176,16.9487686157227,21.771541595459
85.4342979299599,22.0795468809305,4730,1547,1,573,17.0914306640625,117.819854736328,24.9338893890381,29.8328685760498
85.4612796333613,22.0797230749704,4731,1548,1,510,15.0093240737915,266.493347167969,14.1730937957764,21.6564083099365
85.4555831271484,22.0804335926809,4732,1549,1,549,24.3204002380371,66.4746475219727,14.4950199127197,32.4191284179688
85.4562791581595,22.081786696816,4733,1549,1,547,11.3913173675537,123.327896118164,9.00409889221191,19.2093734741211
85.4555208735671,22.0813557130021,4734,1549,1,558,18.4817066192627,111.591796875,16.9908618927002,29.0344619750977
85.4560130861708,22.0795462420359,4735,1549,1,557,16.5082454681396,82.0483245849609,16.7715606689453,22.9346904754639
85.4565822554391,22.0812741224191,4736,1549,1,534,16.869255065918,135.773376464844,10.1969690322876,21.8860683441162
85.4561314742785,22.0802175028009,4737,1549,1,539,16.9922122955322,36.3892631530762,22.5626068115234,23
85.4560929280864,22.0810063887582,4738,1549,1,532,15.3412027359009,140.997314453125,22.5770378112793,20.4939022064209
85.4564760288257,22.0822045701458,4739,1549,1,548,17.9888935089111,118.673004150391,11.501428604126,24.5356884002686
85.5123443170349,22.0802189922749,4740,1550,1,482,16.5082454681396,97.9516754150391,10.6961250305176,23.345235824585
85.437003477551,22.0793015406767,4741,1551,1,537,15.9346942901611,134.719253540039,15.9404249191284,22.0227146148682
85.4369813458319,22.0798896226332,4742,1551,1,545,15.4495325088501,88.2998352050781,24.1760139465332,23.5796527862549
85.4367282302909,22.0803548819079,4743,1551,1,544,17.763650894165,85.5961608886719,18.8541584014893,25
85.4372640268218,22.0804846492498,4744,1551,1,529,15.6868934631348,92.510139465332,15.8873167037964,26.1151294708252
85.4544856549634,22.0794392692714,4745,1552,1,555,16.1098384857178,232.381561279297,12.6587162017822,20.9284496307373
85.4584332905886,22.0800530652013,4746,1553,1,526,16.0865268707275,62.0200538635254,13.0608100891113,22.3830299377441
85.4584528175549,22.0794488178886,4747,1553,1,530,18.4489841461182,94.9351425170898,13.898533821106,26.2678508758545
85.407642033179,22.0801490069443,4748,1554,1,558,18.8307285308838,270.688842773438,18.5113716125488,27.2213153839111
85.4073765628048,22.0808613814299,4749,1554,1,537,21.496826171875,274.178833007812,22.3697547912598,33.5708198547363
85.4078048444996,22.0790383671002,4750,1554,1,567,15.0170841217041,312.256164550781,15.1453399658203,20.3469905853271
85.4071961612503,22.0789047581554,4751,1554,1,554,14.9799060821533,317.348175048828,8.4675121307373,19.6723155975342
85.4073343708908,22.079622664762,4752,1554,1,547,17.2059707641602,290.945220947266,11.8649559020996,24.4335842132568
85.4079241851907,22.0811490909076,4753,1554,1,555,16.5277366638184,327.437866210938,16.5103244781494,21.9772605895996
85.4743428488291,22.0793341062931,4754,1555,1,514,21.8705596923828,16.235860824585,36.3216552734375,43.7378540039062
85.4753081970067,22.0793292070593,4755,1555,1,501,15.2343816757202,11.8907260894775,18.060115814209,27.0924339294434
85.4727422229304,22.0794018902802,4756,1555,1,500,16.1351299285889,331.480743408203,16.2368850708008,22.158519744873
85.4735826514783,22.0793758369745,4757,1555,1,510,23.1310768127441,356.524139404297,27.0139923095703,35.7770881652832
85.4748182524099,22.0796610869466,4758,1555,1,487,19.2567443847656,15.7730741500854,39.6147499084473,35.6510887145996
85.4739548235006,22.0798137043994,4759,1555,1,489,5.70499897003174,350.047637939453,30.1748580932617,8.18535232543945
85.5166515962829,22.0798025933766,4760,1556,1,461,15.2961196899414,43.9820976257324,13.6749792098999,21.8403301239014
85.5161454492954,22.079879869274,4761,1556,1,468,15.6827116012573,37.9494819641113,9.84042358398438,20.6155281066895
85.4020645767623,22.0785502315193,4762,1557,1,532,15.99498462677,321.874114990234,7.39603424072266,21.1896209716797
85.4018569092178,22.0790804416995,4763,1557,1,519,15.3347272872925,312.283752441406,14.2642192840576,20
85.4011416604248,22.0783894891594,4764,1557,1,527,17.0318717956543,330.450958251953,8.82465362548828,22.4944438934326
85.4015684240177,22.0787035910715,4765,1557,1,521,18.5343837738037,333.216400146484,7.73977851867676,24.4131107330322
85.4654737404533,22.0792000062165,4766,1558,1,493,7.56521224975586,326.460144042969,16.0294704437256,15.716233253479
85.507240531293,22.0795614228753,4767,1559,1,485,13.3259525299072,118.989402770996,15.854022026062,18.3847770690918
85.5553430330544,22.0798411739039,4768,1560,1,430,15.1355638504028,35.0642585754395,11.6462478637695,20
85.5650663314585,22.0798840035536,4769,1561,1,425,16.4728775024414,356.652587890625,8.95262241363525,22.4053573608398
85.5644571914845,22.0799998511285,4770,1561,1,421,16.2913475036621,345.45849609375,13.0880241394043,22.6053085327148
85.4602357199654,22.0787070494232,4771,1562,1,510,15.1806592941284,14.7460861206055,13.9763584136963,21.7944946289062
85.4597743307566,22.0788763448977,4772,1562,1,507,11.1921443939209,36.0873947143555,16.7944946289062,15.65247631073
85.4646201757106,22.0788512091598,4773,1563,1,503,15.5288791656494,336.178283691406,8.33608341217041,20.5426387786865
85.4665593323954,22.078732271568,4774,1564,1,504,15.9353160858154,41.6961822509766,11.5734577178955,20.5669631958008
85.4068516744075,22.0782882553221,4775,1565,1,562,16.121696472168,301.656158447266,9.5517110824585,20.8086528778076
85.4071425824594,22.0778818037902,4776,1565,1,574,15.9671211242676,312.33544921875,11.2277450561523,20.3715496063232
85.4605124309119,22.078525883428,4777,1566,1,520,15.4250907897949,24.9856338500977,10.9212665557861,23.0867919921875
85.4540656909408,22.0788548431426,4778,1567,1,539,18.4812679290771,252.878402709961,8.61205101013184,24.4948978424072
85.4530635475875,22.0798275568501,4779,1567,1,542,21.0431442260742,210.323379516602,20.8316326141357,30.2985153198242
85.4540328975699,22.0793884692678,4780,1567,1,546,18.2918529510498,209.749298095703,17.1176853179932,26.8886585235596
85.4537906259865,22.0780695440841,4781,1567,1,514,15.7777252197266,248.73030090332,7.17137908935547,22.847318649292
85.4542183637268,22.0798356542896,4782,1567,1,558,16.5446929931641,197.766677856445,16.952880859375,22.3830299377441
85.4534146607375,22.0794372577325,4783,1567,1,534,24.8411083221436,205.398422241211,15.4816093444824,35.0285606384277
85.452507702665,22.0797591208483,4784,1567,1,535,17.298942565918,216.581024169922,14.0825729370117,26.2106857299805
85.4535636519427,22.0786362341839,4785,1567,1,520,15.4348678588867,231.415145874023,9.54482460021973,20.44504737854
85.4748594933555,22.0783844313276,4786,1568,1,498,15.5152082443237,105.416564941406,14.2635860443115,20.4205780029297
85.4748946189039,22.0789541540684,4787,1568,1,508,12.983585357666,97.1503601074219,33.2497634887695,18.165901184082
85.4302787762641,22.0780888265036,4788,1569,1,571,16.9028491973877,240.052627563477,10.7090063095093,22.0227146148682
85.430094674997,22.0776426287423,4789,1569,1,568,14.7668352127075,272.674499511719,12.5882759094238,18.7349948883057
85.4390403770361,22.0777997667846,4790,1570,1,523,15.9078435897827,268.351318359375,6.63749599456787,20.4939022064209
85.439067588322,22.078345104184,4791,1570,1,524,12.1175584793091,260.103851318359,8.09929752349854,16.431676864624
85.5015932777116,22.0782770314969,4792,1571,1,481,14.061354637146,105.183242797852,13.7387847900391,20.3715496063232
85.5017910109546,22.0787163066092,4793,1571,1,491,14.9811954498291,115.403739929199,11.0012121200562,20.2731342315674
85.4343758296984,22.0776855864641,4794,1572,1,555,10.1410856246948,170.274597167969,14.3276062011719,16.9115352630615
85.4333750420885,22.0776866031931,4795,1572,1,546,17.7780361175537,190.078994750977,14.2193851470947,23.6008472442627
85.4346041666132,22.0783113660268,4796,1572,1,567,14.6309452056885,82.7822570800781,10.4463787078857,18.5741748809814
85.4331347750432,22.0782717603825,4797,1572,1,568,18.1163501739502,192.186614990234,13.7496089935303,25.278450012207
85.4350624617512,22.0788694744814,4798,1572,1,548,14.313304901123,78.8821105957031,9.75219345092773,19.3649158477783
85.4327532848088,22.0778841584781,4799,1572,1,551,15.8812351226807,186.096527099609,11.2297534942627,21.7944946289062
85.4351571178677,22.0781055323566,4800,1572,1,545,20.1770095825195,93.1979293823242,13.3460454940796,25.9807624816895
85.4745334210896,22.0779818898893,4801,1573,1,504,15.0439882278442,130.990417480469,10.9620819091797,21.6333084106445
85.4654622502685,22.1030997831978,4802,1574,1,674,22.7499256134033,113.632354736328,6.40124893188477,30.2820072174072
85.5024800931545,22.1241873477072,4803,1574,1,563,17.8502979278564,39.0485954284668,11.8911781311035,23.9582977294922
85.4346403877624,22.0857973637715,4804,1574,1,719,29.4508953094482,256.136108398438,38.0318298339844,48.548942565918
85.4337321323242,22.1256645303321,4805,1574,1,634,16.6169986724854,321.542236328125,19.5348472595215,24.6981773376465
85.4270152403561,22.1049532211045,4806,1574,1,684,26.1873970031738,259.431610107422,25.4448223114014,41.4004821777344
85.4518120164321,22.0856166085099,4807,1574,1,649,37.6129951477051,101.355163574219,13.225715637207,55.1905784606934
85.4943487002908,22.1168952521355,4808,1574,1,667,28.2317581176758,161.241516113281,20.2773666381836,40.4227676391602
85.4307800608153,22.1229736775455,4809,1574,1,611,22.7328186035156,348.109283447266,29.8907012939453,35.8608436584473
85.5068662907736,22.132761321793,4810,1574,1,541,21.2590198516846,67.0513229370117,8.04986190795898,28.1247215270996
85.4532430176577,22.0857203918994,4811,1574,1,572,20.3818244934082,143.664321899414,20.4698143005371,33.3166618347168
85.3970780173788,22.0777908094954,4812,1575,1,511,15.7200527191162,334.570434570312,15.5654058456421,20.688159942627
85.3963679935683,22.0772511686795,4813,1575,1,508,17.2060585021973,300.205993652344,18.8525676727295,23.9165210723877
85.3964769666664,22.0767534564712,4814,1575,1,519,11.9951486587524,293.905487060547,10.450122833252,16.6433162689209
85.3963388010351,22.0777420742323,4815,1575,1,497,6.98612833023071,293.671813964844,18.8525676727295,25.5147018432617
85.4057959414439,22.076771927073,4816,1576,1,562,15.6458721160889,292.371734619141,7.86362075805664,19.9499378204346
85.405913580407,22.0776728352354,4817,1576,1,559,18.3305816650391,290.273132324219,6.86198043823242,25.1594905853271
85.4061260231923,22.0782079551652,4818,1576,1,546,15.6985340118408,295.026245117188,14.7942523956299,21.4009342193604
85.4063147437366,22.0770372932151,4819,1576,1,572,16.2051830291748,300.521453857422,9.45706844329834,21.0475654602051
85.4547532105642,22.0786522922055,4820,1577,1,550,19.1548480987549,216.618530273438,10.4952831268311,25.6709957122803
85.4545999894929,22.0775354633743,4821,1577,1,514,15.3762311935425,182.698989868164,4.06805229187012,20.5182838439941
85.4559145698836,22.078060071318,4822,1577,1,532,15.8395147323608,184.362716674805,4.89264869689941,21.6101837158203
85.4558050259147,22.0786502610441,4823,1577,1,549,17.087459564209,155.086090087891,7.97194671630859,23.0651245117188
85.4563062859738,22.0783364270484,4824,1577,1,543,12.2157020568848,195.022277832031,12.7121362686157,16.9705619812012
85.4540497220371,22.0775367374789,4825,1577,1,515,15.3361530303955,193.655899047852,4.10647964477539,21.6564083099365
85.4547393766755,22.0781139628924,4826,1577,1,532,15.8750429153442,200.432189941406,5.85189819335938,20.5669631958008
85.4552448009298,22.0781608299541,4827,1577,1,535,15.4032869338989,190.836578369141,6.60578918457031,21.0950222015381
85.4367720917861,22.076867462108,4828,1578,1,529,13.0468692779541,80.8375625610352,10.6788244247437,17.7200450897217
85.5013847234095,22.0775138947558,4829,1579,1,480,14.2306823730469,75.9661712646484,12.0332365036011,20.5669631958008
85.4270885970514,22.0764248307075,4830,1580,1,550,15.306206703186,148.636535644531,17.8518028259277,20.4939022064209
85.4277499401047,22.076596186173,4831,1580,1,552,15.9963369369507,163.376434326172,19.7647132873535,23.8117618560791
85.4492322826386,22.0773768742161,4832,1581,1,528,18.7483386993408,70.231819152832,12.2502136230469,24.4744758605957
85.4489659263473,22.0765759154361,4833,1581,1,525,18.4865245819092,141.704833984375,21.2866439819336,26.77685546875
85.4478434107772,22.0765393025703,4834,1581,1,539,17.3897609710693,165.6357421875,18.6581039428711,23.6220245361328
85.4491047944783,22.0778801760127,4835,1581,1,521,18.2322826385498,66.5291366577148,11.4019546508789,26.8886585235596
85.4493438017605,22.0783649689065,4836,1581,1,516,16.5305995941162,66.3839340209961,15.7127952575684,22.1359443664551
85.4482852253938,22.0768863332674,4837,1581,1,546,16.183219909668,167.108520507812,28.9250545501709,25.9422435760498
85.460950184905,22.0767507835968,4838,1582,1,522,16.5166816711426,27.7627735137939,13.4727458953857,22.583179473877
85.4644804695127,22.0766474774809,4839,1583,1,487,11.7774505615234,140.075485229492,22.0039520263672,26.3628520965576
85.5014161563886,22.0770271047255,4840,1584,1,486,17.7994041442871,43.2892150878906,12.0332365036011,23.6220245361328
85.4430806852345,22.0762909895825,4841,1585,1,522,17.3639888763428,67.6514434814453,11.6332998275757,21.9544982910156
85.4427265015412,22.0766536726964,4842,1585,1,527,16.1129035949707,34.5970878601074,13.9453477859497,24.6981773376465
85.4474500839313,22.0763609866652,4843,1586,1,534,15.3046522140503,163.505676269531,8.78962802886963,19.8746070861816
85.5017547721787,22.0769313012249,4844,1587,1,486,15.4788961410522,62.6802978515625,11.9601211547852,19.1833267211914
85.3901160146579,22.0754692882889,4845,1588,1,502,17.149112701416,125.775032043457,,17.5499286651611
85.3899148032984,22.0760726160317,4846,1588,1,507,16.52880859375,98.4743194580078,,13.8202753067017
85.3905545302337,22.0763016474804,4847,1588,1,492,15.4854488372803,110.803382873535,14.4698133468628,19.5959186553955
85.4484284143273,22.0756822578,4848,1589,1,516,16.1135749816895,155.268783569336,6.31615543365479,21.8403301239014
85.4593917786979,22.0759420749501,4849,1590,1,531,16.5929775238037,235.65869140625,7.57486534118652,21.5406589508057
85.4588211453803,22.0764877210122,4850,1590,1,535,16.1414260864258,195.572494506836,6.36062431335449,21.3072757720947
85.4472014511829,22.0754084978789,4851,1591,1,516,15.9366588592529,172.180801391602,5.58130645751953,21.4242858886719
85.4476824780182,22.0756316447142,4852,1591,1,516,15.4514846801758,164.604949951172,5.20701026916504,20.9523277282715
85.4289894862815,22.0753832546151,4853,1592,1,541,20.4709186553955,209.815048217773,11.2541580200195,29.4618396759033
85.4290367266818,22.0764440999451,4854,1592,1,570,16.2429656982422,315.865203857422,18.1341571807861,34.626579284668
85.4285309487565,22.0760978524912,4855,1592,1,548,16.6735610961914,254.924896240234,13.5708026885986,22
85.429356563732,22.0758205734678,4856,1592,1,561,15.6913747787476,172.939239501953,15.7837362289429,21.771541595459
85.4281322920613,22.0758330354295,4857,1592,1,535,15.6514110565186,227.689865112305,15.8840351104736,20.5182838439941
85.4286623587681,22.0750165775701,4858,1592,1,522,15.9486675262451,220.503128051758,19.0215339660645,23.7907543182373
85.5092830533345,22.0766103564515,4859,1593,1,489,16.8168125152588,238.970611572266,17.0235862731934,21.7485637664795
85.5088932036672,22.0769100746597,4860,1593,1,488,19.0675239562988,227.459503173828,13.0305366516113,26.77685546875
85.5089800357439,22.0762177571169,4861,1593,1,476,17.0401630401611,269.233551025391,8.81098365783691,21.6564083099365
85.5091020959275,22.0755113602133,4862,1593,1,471,17.8104209899902,239.304779052734,8.46510314941406,22.9564800262451
85.4302332663367,22.0749134844284,4863,1594,1,539,15.349513053894,236.452087402344,5.65436172485352,23.4307498931885
85.4297752201346,22.0751185477856,4864,1594,1,542,16.5924301147461,219.598098754883,6.40136337280273,22.2036037445068
85.4613139891757,22.0753367870941,4865,1595,1,510,16.9266948699951,141.385940551758,5.05360984802246,23.366641998291
85.4600843457949,22.0750845579134,4866,1595,1,514,15.4954147338867,145.90934753418,9.55917453765869,20.5182838439941
85.461421863326,22.0759128817587,4867,1595,1,524,15.349513053894,123.547912597656,13.6509733200073,21.5174350738525
85.4606569449768,22.0754754246438,4868,1595,1,516,16.1226959228516,173.139022827148,3.91386795043945,21.8860683441162
85.4256501618171,22.0748171050283,4869,1596,1,553,15.7200527191162,334.570434570312,12.0935354232788,21.0713081359863
85.4248038078492,22.0747441084112,4870,1596,1,548,16.0056114196777,350.472229003906,11.2266206741333,21.3775577545166
85.4259421544045,22.0750889530742,4871,1597,1,549,15.7234163284302,343.9794921875,18.8014106750488,21.4476108551025
85.4263846228722,22.0748700991453,4872,1597,1,558,15.2970485687256,42.7349586486816,18.8014106750488,27.0554981231689
85.4266303187281,22.0744515055714,4873,1597,1,553,16.3440628051758,70.3948059082031,14.8899726867676,22.2710571289062
85.457716383646,22.0747443030871,4874,1598,1,505,15.4032869338989,169.163421630859,10.1469211578369,20.8806133270264
85.5126690737707,22.0753847849922,4875,1599,1,462,15.0986232757568,114.223899841309,15.4852180480957,21.6333084106445
85.5123700514356,22.0749783556859,4876,1599,1,466,16.8400630950928,125.623046875,10.4098491668701,21.8860683441162
85.5126393325157,22.0759782225077,4877,1599,1,468,15.0720729827881,105.904846191406,14.3665323257446,20.3960781097412
85.3934819540406,22.0738335374377,4878,1600,1,502,15.443058013916,270,3.04547309875488,20.0748596191406
85.4219500642074,22.0742652764705,4879,1601,1,570,16.6892147064209,19.3380222320557,10.2229337692261,24.5967483520508
85.421455040918,22.074123480938,4880,1601,1,573,17.5072193145752,15.883490562439,10.813136100769,23.4520778656006
85.4376614125355,22.0743766183497,4881,1602,1,520,17.5085926055908,300.455108642578,8.36524486541748,22.2485961914062
85.4302405245839,22.0743270851059,4882,1603,1,530,17.3394527435303,215.496505737305,18.5857677459717,23.4307498931885
85.4319418822233,22.0749058841175,4883,1603,1,541,19.8564472198486,109.222221374512,14.986291885376,26.6270542144775
85.4322975603146,22.0758796930862,4884,1603,1,550,15.4236927032471,122.342803955078,7.17975425720215,20.5912609100342
85.4331134757129,22.0758277793201,4885,1603,1,533,17.6536388397217,112.73575592041,9.96661472320557,22.912878036499
85.4315360234883,22.0739380430819,4886,1603,1,523,22.9359912872314,158.455520629883,27.9981651306152,32.5576400756836
85.4328060815998,22.0767691049109,4887,1603,1,546,15.6868934631348,87.4898529052734,11.3798179626465,21.3541564941406
85.4324522468872,22.0753129530202,4888,1603,1,536,19.6434631347656,134.48046875,9.61798286437988,25.4558448791504
85.4311752222606,22.0744396871171,4889,1603,1,552,8.86868476867676,176.828399658203,30.9049186706543,18.1934051513672
85.4317612196695,22.0744489810144,4890,1603,1,541,21.421558380127,114.051467895508,24.3423347473145,31.4483699798584
85.4310390310658,22.0739895700958,4891,1603,1,526,20.4714698791504,178.012161254883,21.7345695495605,29.7657527923584
85.4350221303819,22.0740463370012,4892,1604,1,514,21.254186630249,194.13117980957,29.9800262451172,35.2562065124512
85.4356293257016,22.0737692212989,4893,1604,1,513,15.0270137786865,198.758483886719,24.4277687072754,20.0748596191406
85.4360850397626,22.0757838464641,4894,1604,1,543,19.6645584106445,97.9133758544922,12.3784694671631,25.6124973297119
85.4357597809618,22.0743492486308,4895,1604,1,543,18.4752750396729,165.790786743164,21.7258987426758,35.4259796142578
85.435981810309,22.0753075068228,4896,1604,1,540,21.6830158233643,104.93888092041,10.8225421905518,28.6879768371582
85.4344704573505,22.0752021576369,4897,1604,1,543,17.3546714782715,263.975494384766,22.3212776184082,25.4361953735352
85.43465705969,22.0756363586663,4898,1604,1,559,21.2690258026123,273.623260498047,43.4434509277344,40
85.4347634352013,22.074633769861,4899,1604,1,537,19.607572555542,208.99153137207,20.6663589477539,26.2297534942627
85.4364046716763,22.0746709212142,4900,1604,1,526,18.6757946014404,79.5170211791992,15.9192819595337,24.8596057891846
85.4346004026356,22.0763775602334,4901,1604,1,554,24.6965560913086,279.752380371094,38.2815475463867,38.7556457519531
85.4375651757267,22.0742475259976,4902,1605,1,510,13.2264242172241,295.855163574219,8.36524486541748,20.856653213501
85.4374589498254,22.0737756645705,4903,1605,1,516,16.0701141357422,248.281829833984,8.74257278442383,22.3159141540527
85.5071671125015,22.0745478268797,4904,1606,1,475,18.7208557128906,136.543029785156,18.9268035888672,26.8328151702881
85.5068564841921,22.0768897086201,4905,1606,1,470,19.9184188842773,15.9012355804443,28.5786819458008,34.5398330688477
85.5075601933962,22.0752099478508,4906,1606,1,468,16.5669097900391,103.549980163574,21.5354404449463,21.3541564941406
85.5074227176731,22.0766507140073,4907,1606,1,478,19.036548614502,41.5315055847168,22.9038887023926,29.0516777038574
85.5056387847253,22.0769507694412,4908,1606,1,475,16.4329586029053,350.735900878906,17.6022415161133,24.3515911102295
85.5069305297543,22.0759039067326,4909,1606,1,490,17.763650894165,85.5961608886719,17.0156421661377,23.643180847168
85.5073995477061,22.0760344390534,4910,1606,1,478,17.3153076171875,94.5256652832031,13.0085344314575,23.7486839294434
85.5062838124906,22.0765782892166,4911,1606,1,492,18.6733055114746,354.135467529297,23.5233192443848,29.5296459197998
85.5065244474895,22.0747174652439,4912,1606,1,487,16.6637649536133,179.173721313477,6.55315399169922,22.427661895752
85.4224113878833,22.0737846853207,4913,1607,1,566,13.636739730835,54.9293060302734,8.9762487411499,21.7255611419678
85.4287746511599,22.0741041510311,4914,1608,1,532,20.0582733154297,2.03248167037964,8.63607788085938,27.1293201446533
85.4292179058437,22.0737453470054,4915,1608,1,532,16.4711380004883,33.6948089599609,11.478401184082,22.0680770874023
85.4283127511582,22.0738398800174,4916,1608,1,529,10.2717113494873,5.46717882156372,15.8576154708862,17.2336883544922
85.4048671627869,22.0754142568829,4917,1609,1,576,25.1061954498291,284.699401855469,19.1424427032471,35.4682960510254
85.4045933264827,22.0744791853021,4918,1609,1,571,18.0481662750244,289.85986328125,6.78346633911133,25.0798721313477
85.4047611121976,22.076125679686,4919,1609,1,546,15.9476308822632,313.526062011719,29.4564476013184,24.7386341094971
85.4031165940993,22.0739704552972,4920,1609,1,556,21.1595649719238,319.698547363281,21.7390022277832,30.1330375671387
85.4056803433672,22.076090996955,4921,1609,1,569,15.6827116012573,322.050506591797,11.596097946167,21.1896209716797
85.4036595854801,22.0744158601746,4922,1609,1,548,24.0409889221191,318.112762451172,22.789924621582,36.5376510620117
85.4047356790068,22.0738344515144,4923,1609,1,586,17.6019420623779,263.320953369141,12.9550514221191,23.5796527862549
85.4048237253748,22.0748914975482,4924,1609,1,580,18.9328022003174,281.025207519531,18.6498336791992,26.2297534942627
85.4045255973329,22.0733439600385,4925,1609,1,584,17.9430904388428,246.890365600586,10.1460609436035,23.5584373474121
85.511038693266,22.0745199037858,4926,1610,1,472,19.1548480987549,143.381469726562,7.48713684082031,24.9799919128418
85.5115587575827,22.0746158621565,4927,1610,1,470,14.4840974807739,159.457382202148,7.76025199890137,20.6397666931152
85.5106189357791,22.0742517414634,4928,1610,1,471,15.4788961410522,117.319702148438,11.6009035110474,21.8403301239014
85.4392555068258,22.0739071433548,4929,1611,1,512,15.6839876174927,118.806457519531,7.21839714050293,20.4939022064209
85.4386713814553,22.0736704985132,4930,1611,1,527,13.5191688537598,144.935745239258,8.62966823577881,19.3132076263428
85.4892488247434,22.073965026515,4931,1612,1,495,15.0303010940552,195.85954284668,9.63680934906006,20.1990089416504
85.4976406253053,22.0742730529004,4932,1613,1,507,17.4062824249268,353.676116943359,20.5296936035156,24.2074375152588
85.4970345548184,22.0741942135001,4933,1613,1,510,17.4769401550293,335.714691162109,15.1126976013184,24.556058883667
85.4503821729375,22.0735188279412,4934,1614,1,499,16.6735610961914,105.075103759766,12.9891471862793,24.1246757507324
85.4503107083923,22.0740333570037,4935,1614,1,499,16.8182144165039,88.4454879760742,16.6413612365723,22.8035087585449
85.5828384338719,22.0747228932823,4936,1615,1,411,8.16967964172363,358.277038574219,17.9108943939209,12.3288278579712
85.5355906380049,22.0741014155619,4937,1616,1,446,17.3581714630127,281.346740722656,12.736759185791,22.472204208374
85.5356999749515,22.0746329104589,4938,1616,1,438,10.1820058822632,309.730010986328,19.5789051055908,17.1464290618896
85.4895948033334,22.0734772234853,4939,1617,1,498,15.1492929458618,278.709899902344,5.29755592346191,18.788293838501
85.4920050314316,22.0735869089331,4940,1618,1,505,15.6132612228394,137.185455322266,12.903603553772,20.5182838439941
85.4912549733146,22.0731021737715,4941,1619,1,507,15.2426443099976,147.412780761719,9.19454097747803,19.7989902496338
85.5093403303292,22.0751462071313,4942,1620,1,474,14.9128456115723,252.992309570312,9.20875263214111,19.0525588989258
85.5096300636758,22.0733811727474,4943,1620,1,468,18.4270725250244,221.355102539062,7.32683563232422,25.6709957122803
85.5093681807744,22.0746681620024,4944,1620,1,472,15.9078435897827,271.648681640625,14.7280616760254,21.8860683441162
85.5103233384781,22.0734841430272,4945,1620,1,467,16.7767105102539,146.054931640625,8.07398796081543,22.2036037445068
85.5092907495926,22.0729144058125,4946,1620,1,452,7.31819009780884,282.912994384766,10.6277666091919,14.2478065490723
85.5093708764297,22.0739488102025,4947,1620,1,466,19.178409576416,252.860946655273,14.1244506835938,27.2213153839111
85.4961007740528,22.0732307579378,4948,1621,1,511,17.1196708679199,294.370330810547,14.2522735595703,22.472204208374
85.4962659448183,22.0726358166288,4949,1621,1,516,17.627311706543,290.388732910156,8.35592555999756,24.1039409637451
85.4964077467435,22.0735945904856,4950,1621,1,516,17.2060585021973,300.205993652344,8.04999923706055,22.2710571289062
85.4959841112495,22.072375555898,4951,1622,1,517,17.1808757781982,315.730102539062,10.7622766494751,22.427661895752
85.4955241591557,22.0721991929116,4952,1622,1,515,13.4631614685059,302.066467285156,8.89991283416748,16.6132469177246
85.4234446774038,22.0713032153612,4953,1623,1,571,10.8137559890747,103.657051086426,20.2540321350098,17.9443588256836
85.4237077850467,22.0718376314333,4954,1623,1,561,18.2098255157471,94.2883834838867,22.657901763916,29.7993297576904
85.5091481041763,22.07233394879,4955,1624,1,467,13.4128227233887,11.4847946166992,15.1329164505005,19.9499378204346
85.5083813756096,22.0721045466442,4956,1624,1,470,15.831503868103,10.5250844955444,15.1329164505005,22.6274166107178
85.5085947822018,22.0725248545119,4957,1624,1,458,17.1271171569824,13.7758855819702,11.388973236084,23.2378997802734
85.4141834557246,22.0716383496178,4958,1625,1,613,15.0298137664795,334.275268554688,17.4210186004639,24.1246757507324
85.41482898765,22.0713606992984,4959,1625,1,634,15.3090515136719,340.661987304688,18.7952575683594,23.4307498931885
85.4139969484571,22.0711584591676,4960,1625,1,625,13.7372255325317,312.132476806641,12.0087633132935,17.5214157104492
85.4419581337454,22.0712009411585,4961,1626,1,504,14.0585489273071,47.8343925476074,16.4508514404297,20.1990089416504
85.4412187311043,22.0712068867467,4962,1626,1,513,17.1319332122803,4.01488924026489,17.2709522247314,28.2842712402344
85.4415023841471,22.0715742214607,4963,1626,1,495,16.8451328277588,20.8796787261963,23.829309463501,25.4165306091309
85.4261395126447,22.0710338640296,4964,1627,1,569,10.5456800460815,324.573272705078,12.1111841201782,14.7648229598999
85.4350028814786,22.070912674085,4965,1628,0,536,14.3878192901611,7.73615407943726,13.0777416229248,21.6101837158203
85.4914541670435,22.0715157327065,4966,1629,1,493,16.164909362793,146.565475463867,15.1905202865601,22.97825050354
85.4904228841946,22.0712650693657,4967,1629,1,489,17.884557723999,172.312850952148,12.6680030822754,24.2074375152588
85.4909043639012,22.0711233519331,4968,1629,1,487,18.942928314209,168.391326904297,17.7092361450195,27.0554981231689
85.4908927807885,22.0716107961688,4969,1629,1,500,17.2829132080078,171.222076416016,20.8481369018555,25.8650341033936
85.4312002803648,22.0710487433639,4970,1630,0,599,12.7703895568848,38.9374542236328,37.4182090759277,19.4935894012451
85.4313918191792,22.0704851772448,4971,1630,0,604,14.5410013198853,23.5403385162354,20.8170013427734,23.4307498931885
85.4128063522017,22.0702377526798,4972,1631,1,622,15.5858039855957,296.164489746094,10.258674621582,21.4476108551025
85.4237275583998,22.0702047320773,4973,1632,1,563,14.5199251174927,90,6.23216724395752,19.5959186553955
85.4983937190468,22.0722045619896,4974,1633,1,518,18.1163501739502,167.813385009766,11.498405456543,25.5147018432617
85.4969156672175,22.0717448637589,4975,1633,1,509,21.1440143585205,170.362548828125,10.0112571716309,30.2985153198242
85.4993213392827,22.0722420046239,4976,1633,1,500,16.0442047119141,122.802886962891,27.4383506774902,24.7386341094971
85.4988831633434,22.0738698207206,4977,1633,1,507,15.185733795166,33.8211517333984,14.8778686523438,20.0748596191406
85.4954774557698,22.0709266374312,4978,1633,1,495,16.6169986724854,141.542236328125,27.423828125,23.0651245117188
85.4978497337402,22.0717555810425,4979,1633,1,508,19.6641082763672,176.53742980957,13.870698928833,27.6405506134033
85.496358789316,22.0715749962648,4980,1633,1,508,23.892614364624,162.418243408203,18.0198516845703,33.9852905273438
85.4991017021622,22.07319971041,4981,1633,1,509,24.4029026031494,81.6863479614258,17.3081932067871,32.2024841308594
85.4983508007829,22.0717266097632,4982,1633,1,500,9.16550159454346,172.312850952148,17.3104915618896,13.4907379150391
85.4988562689205,22.0719756146692,4983,1633,1,499,11.3626413345337,148.968399047852,20.3514060974121,19.2873020172119
85.5092591547685,22.0713200975843,4984,1634,1,471,17.6019420623779,83.3209533691406,19.450309753418,27.1477432250977
85.5096871758677,22.0708789532968,4985,1634,1,458,19.0955104827881,94.07470703125,14.7651281356812,25.059928894043
85.5095167148228,22.0720380432554,4986,1634,1,459,17.7991313934326,101.04362487793,14.8062744140625,23.5372047424316
85.5097264111774,22.0715790072142,4987,1634,1,456,21.2690258026123,93.6232452392578,13.0333156585693,28.4077453613281
85.3910932704832,22.0695718680375,4988,1635,1,511,15.9076251983643,305.129364013672,9.52659034729004,20.6639785766602
85.4947927612554,22.0718191364088,4989,1636,1,504,15.3149747848511,313.526062011719,15.3952579498291,19.5192203521729
85.4918961713563,22.0705775420147,4990,1636,1,479,10.4786043167114,311.683959960938,14.5280590057373,17.0587215423584
85.4923943915719,22.0703979338113,4991,1636,1,499,16.8853855133057,319.146209716797,5.49832916259766,23.302360534668
85.4937630817833,22.0712667966043,4992,1636,1,509,22.9085636138916,319.177825927734,25.6476211547852,36.7831497192383
85.4934505610063,22.0708550522383,4993,1636,1,509,17.3123970031738,309.150421142578,13.4672393798828,24.1039409637451
85.4929809641762,22.0706390791982,4994,1636,1,500,19.4211711883545,322.25537109375,12.2797203063965,25.690465927124
85.4245809210596,22.0695950279109,4995,1637,1,579,18.8889179229736,308.541931152344,12.7308483123779,25.2388591766357
85.4249271853588,22.069980108075,4996,1637,1,575,17.930326461792,309.311248779297,11.2991714477539,24.2899150848389
85.4242167722115,22.0699270748962,4997,1637,1,562,15.3696298599243,322.234466552734,13.8384046554565,22.8254241943359
85.4250035350947,22.070426828695,4998,1637,1,568,15.6188821792603,314.744659423828,12.4155731201172,20.6639785766602
85.4313266586032,22.069646195155,4999,1638,0,625,9.45326042175293,42.3787078857422,20.2662048339844,19.8746070861816
85.4393707059988,22.0696269883827,5000,1639,1,531,15.1186561584473,128.476119995117,7.31805515289307,19.078784942627
85.5006838668778,22.070670739921,5001,1640,1,477,15.6809186935425,104.375640869141,9.1660099029541,20.9284496307373
85.5008066784073,22.0701596245003,5002,1640,1,473,16.6312599182129,110.068214416504,10.0227146148682,22.0227146148682
85.5005667388512,22.0711274615117,5003,1640,1,482,16.4904403686523,117.196014404297,7.54065895080566,21.1660099029541
85.3920046033464,22.0690295724049,5004,1641,1,510,15.7122983932495,94.178825378418,7.41666984558105,20.1246109008789
85.3918914396402,22.0699125185787,5005,1641,1,508,17.8305225372314,6.16301107406616,9.06328964233398,24.7588367462158
85.391233245599,22.0700255824845,5006,1641,1,507,17.1270656585693,338.642150878906,9.54512405395508,24.9399280548096
85.3907998537469,22.0688551473417,5007,1642,1,512,16.8648452758789,274.654418945312,5.5976448059082,21.7944946289062
85.3904024036691,22.0685941106848,5008,1642,1,502,15.2146711349487,269.13623046875,11.6456031799316,19.2873020172119
85.3905583719759,22.0693138014052,5009,1642,1,511,16.3625411987305,292.149749755859,5.5976448059082,22.4499435424805
85.4175461394941,22.0685740091177,5010,1643,0,610,14.061354637146,105.183242797852,4.45652008056641,20.3469905853271
85.4240727393068,22.0688645986611,5011,1644,1,570,13.399561882019,281.918670654297,8.47629833221436,17.776388168335
85.4458691885082,22.0689991705968,5012,1645,1,486,15.831503868103,10.5250844955444,29.6987075805664,26.5518360137939
85.4039083373366,22.0683359317603,5013,1646,1,552,17.264274597168,142.329406738281,16.5115356445312,22.6053085327148
85.4048549800953,22.0704195484402,5014,1646,1,567,27.0445003509521,108.738212585449,20.5917110443115,38.2099456787109
85.4045616605629,22.0708752029991,5015,1646,1,596,21.7429389953613,103.071365356445,32.3209342956543,38.3014373779297
85.404868371141,22.0694139677795,5016,1646,1,548,21.5822906494141,103.79125213623,31.0840511322021,36.0138854980469
85.4037754093438,22.0718012307774,5017,1646,1,576,20.4793682098389,276.302490234375,23.3029823303223,27.0185127258301
85.4025799410122,22.069633169883,5018,1646,1,550,19.7216739654541,268.033752441406,16.3029708862305,25.9807624816895
85.4028141937998,22.0684876144787,5019,1646,1,555,15.6985340118408,244.973754882812,15.9309520721436,21.8174247741699
85.4033047223616,22.0711845246784,5020,1646,1,565,24.0701999664307,302.787109375,15.5860424041748,32.7414093017578
85.4053322241791,22.0707667790241,5021,1646,1,560,16.2347297668457,105.516914367676,29.2519645690918,22.2934970855713
85.4049036639629,22.071212608882,5022,1646,1,580,27.6022319793701,104.997406005859,16.5410041809082,37.6696166992188
85.406765755462,22.0690671345125,5023,1647,1,584,15.9408483505249,292.802673339844,11.235538482666,20.1494407653809
85.4061652885946,22.0706046901442,5024,1647,1,569,21.6820049285889,261.101715087891,12.8253307342529,27.8028774261475
85.4064477844304,22.0711467340764,5025,1647,1,579,15.5462942123413,276.770965576172,17.2027854919434,21.1896209716797
85.4063753406052,22.0697668008102,5026,1647,1,574,20.7992820739746,270,10.6006488800049,27.2029418945312
85.4060834951841,22.0689257189699,5027,1647,1,572,17.4032344818115,306.991180419922,8.45684432983398,22.226110458374
85.4055589938989,22.0685566237985,5028,1647,1,560,17.2059707641602,290.945220947266,9.38749217987061,21.771541595459
85.4060356803532,22.0701588813678,5029,1647,1,560,20.9041976928711,259.485595703125,12.1265182495117,28.9309520721436
85.4060873056267,22.0714700472633,5030,1647,1,567,15.7503099441528,275.840423583984,10.3533201217651,20.6639785766602
85.4303688408921,22.0685087114517,5031,1648,1,654,15.0439882278442,229.009582519531,9.13310146331787,19.4679222106934
85.4995683069628,22.0691640536514,5032,1649,1,483,15.9728136062622,123.960876464844,13.3959445953369,20.9045448303223
85.4991970986211,22.0695167963538,5033,1649,1,495,20.6261749267578,130.809997558594,7.59106826782227,28.4956130981445
85.4997531769653,22.0706155625784,5034,1649,1,496,16.5869617462158,90.7886657714844,11.7934293746948,21.6333084106445
85.4997947365466,22.0698370530289,5035,1649,1,494,21.3586444854736,108.331893920898,14.1668729782104,28.6181755065918
85.4992151770141,22.0699899427833,5036,1649,1,507,16.9191970825195,108.059127807617,10.7412805557251,22.8035087585449
85.4990467267505,22.0690010707852,5037,1649,1,499,17.4572486877441,125.921318054199,12.7158794403076,23.0867919921875
85.5085036350904,22.0691545287646,5038,1650,1,471,17.0426769256592,122.342803955078,10.4491271972656,22.0680770874023
85.5087412917792,22.0704180815627,5039,1650,1,475,18.4904918670654,96.3349838256836,8.95914649963379,23.6220245361328
85.5088359939174,22.0695191818228,5040,1650,1,468,16.5990028381348,119.678718566895,9.26182842254639,21.470911026001
85.4238193902317,22.0681780976106,5041,1651,1,575,15.3509254455566,291.923309326172,12.633430480957,20.0249843597412
85.487773393216,22.0687416327576,5042,1652,1,466,18.0497303009033,340.661987304688,21.8810005187988,25.2586612701416
85.4883524574565,22.0689308736823,5043,1652,1,473,16.3382263183594,322.863647460938,17.6030502319336,24.1867733001709
85.4889847260296,22.0689170784984,5044,1652,1,475,11.3485107421875,343.764129638672,15.5161628723145,16.0623779296875
85.4923346591887,22.0688034316406,5045,1653,1,492,18.1966514587402,189.828872680664,12.9056367874146,27.5862293243408
85.4936268245104,22.0693099478536,5046,1653,1,490,17.4032344818115,126.991195678711,18.213472366333,26.8514423370361
85.4930026914369,22.0693310496306,5047,1653,1,508,15.9963369369507,163.376434326172,13.7912673950195,23.0867919921875
85.4937365686715,22.0699422227194,5048,1653,1,507,16.8252487182617,114.000190734863,15.8416948318481,23.4093990325928
85.4928236515073,22.0687685076989,5049,1653,1,490,18.7862586975098,171.241241455078,11.0757675170898,25.6124973297119
85.4932906528552,22.0697062614962,5050,1653,1,511,17.9716033935547,128.267852783203,20.9333629608154,27.3678646087646
85.4469719733382,22.0685153556078,5051,1654,1,484,11.1210174560547,11.3982696533203,29.7490730285645,21.3775577545166
85.4476974598455,22.0683620553447,5052,1654,1,489,15.0604133605957,21.6513538360596,15.4934635162354,21.2602920532227
85.4460539137812,22.0682912324996,5053,1654,1,501,9.54510879516602,358.529052734375,19.3333492279053,17.9164733886719
85.4464004611131,22.068724210307,5054,1654,1,483,18.4485187530518,27.7627735137939,32,36
85.4466304015594,22.0681361725123,5055,1654,1,509,16.1226959228516,6.86097478866577,18.4193630218506,22
85.5006810779904,22.068669697839,5056,1655,1,481,18.62744140625,346.673156738281,15.6657791137695,25.8456954956055
85.5012000329447,22.0690466526237,5057,1655,1,467,6.71186351776123,347.286651611328,18.8541584014893,8.48528099060059
85.5013858492136,22.0686173188237,5058,1655,1,485,15.2343816757202,11.8907260894775,18.5003833770752,26.4007568359375
85.4051914355785,22.0674665588883,5059,1656,1,566,15.93874168396,280.756072998047,9.82559490203857,20.3469905853271
85.4053471560576,22.0680539530224,5060,1656,1,561,15.1124095916748,302.097839355469,6.02850341796875,19.8746070861816
85.4270488992794,22.0679229449633,5061,1657,1,589,19.7658023834229,59.8669166564941,16.7471790313721,25.7681980133057
85.4264938129035,22.0693581301009,5062,1657,1,583,21.2361145019531,77.8184661865234,14.5342063903809,29.3087024688721
85.4271457989988,22.0687020820562,5063,1657,1,573,15.2818193435669,55.2352447509766,22.6785049438477,21.8403301239014
85.4264968357901,22.0681629467349,5064,1657,1,608,20.5510063171387,68.8451766967773,21.2574844360352,28.2311878204346
85.4265907706386,22.0700700624994,5065,1657,1,572,15.6839876174927,61.193546295166,14.3374423980713,21.4941844940186
85.426645220537,22.0687057741916,5066,1657,1,593,23.9883918762207,61.9726371765137,12.4200057983398,32.6190147399902
85.4262287326904,22.0697419006513,5067,1657,1,588,17.2756881713867,49.7617073059082,15.99853515625,24.2899150848389
85.4269039339787,22.0672473001499,5068,1657,1,605,15.0894947052002,83.0127487182617,13.3552560806274,19.8997478485107
85.4501978409812,22.0679716820944,5069,1658,1,505,15.2073221206665,354.532806396484,6.66785049438477,20.4939022064209
85.4503229558041,22.067522582522,5070,1658,1,516,15.5767669677734,350.193267822266,5.84131240844727,21.1187114715576
85.4172253166708,22.0683710695081,5071,1659,1,619,16.915563583374,101.66674041748,4.01361656188965,22.3606796264648
85.4179294650459,22.0706781182318,5072,1659,1,619,15.9265842437744,93.2946243286133,10.7335224151611,21.9544982910156
85.4177117035121,22.0689648525804,5073,1659,1,614,15.3360767364502,109.20174407959,4.45652008056641,19.5959186553955
85.4182686534742,22.0696269102285,5074,1659,1,607,15.4109964370728,99.4164199829102,11.4619264602661,20.4205780029297
85.4176336500931,22.0680749608051,5075,1659,1,606,16.0570697784424,109.124664306641,4.57749938964844,21
85.4172377018194,22.0691929254252,5076,1659,1,626,17.7806396484375,111.762069702148,4.44571113586426,22.4499435424805
85.4173126479871,22.0675775856666,5077,1659,1,609,17.3639888763428,112.348564147949,7.98124694824219,22.7815723419189
85.4178236745621,22.0698376933132,5078,1659,1,618,17.9800930023193,100.187187194824,9.33392238616943,23.7907543182373
85.4691624594154,22.0673665407163,5079,1660,1,478,15.0604133605957,338.3486328125,6.08625888824463,20.5669631958008
85.5018849583396,22.0684391003874,5080,1661,1,474,17.763650894165,85.5961608886719,8.08870220184326,22.6936111450195
85.5021189101171,22.0675168687736,5081,1661,1,472,15.4052257537842,76.2273559570312,8.84847259521484,19.8242282867432
85.501755942659,22.067855931369,5082,1661,1,477,16.6735610961914,74.9248886108398,12.5159511566162,21.4476108551025
85.5022097449765,22.0680656281717,5083,1661,1,464,15.4109964370728,80.5835876464844,14.5159511566162,21.6101837158203
85.3946162626427,22.0662039572654,5084,1662,1,521,16.3125457763672,5.9260311126709,10.6209602355957,22.0227146148682
85.432662921606,22.0667704073589,5085,1663,0,635,14.061354637146,105.183242797852,9.46706199645996,18.6547584533691
85.4331292110115,22.0665994339485,5086,1663,0,626,14.7683372497559,100.756080627441,10.6272201538086,18.9208869934082
85.4324120701673,22.0663798417198,5087,1663,0,635,16.8134994506836,151.875106811523,11.2810459136963,25.7681980133057
85.4039890098387,22.0663537386394,5088,1664,1,536,13.2939004898071,251.799789428711,12.3134136199951,18.1383571624756
85.4053166584888,22.066164135959,5089,1664,1,540,17.7007923126221,192.497360229492,16.6378326416016,32.8937683105469
85.4045909381303,22.0665115107885,5090,1664,1,554,17.2114372253418,261.628631591797,15.2979469299316,23.021728515625
85.4048109732293,22.0670973201424,5091,1664,1,560,16.969388961792,303.426849365234,20.4331207275391,27.4590606689453
85.4041333656642,22.0667913214926,5092,1664,1,547,15.0560741424561,291.456451416016,16.9093894958496,21.6564083099365
85.4049535499876,22.065853553096,5093,1664,1,534,3.28782248497009,282.363220214844,18.8227195739746,17.9164733886719
85.4045554745657,22.0675899906095,5094,1664,1,541,18.1674976348877,268.568176269531,16.785831451416,26.4575138092041
85.4447098756868,22.0663961847163,5095,1665,1,530,16.5929775238037,55.6586875915527,12.3628196716309,21.1896209716797
85.4439865899254,22.0667200549056,5096,1665,1,535,18.0497303009033,19.3380222320557,11.2681589126587,25.3968505859375
85.44440543426,22.0669857282924,5097,1665,1,519,15.3048810958862,41.4885444641113,18.0568981170654,22.226110458374
85.4500564015982,22.0667235065545,5098,1666,0,537,9.6920690536499,349.809906005859,14.2889747619629,17
85.4495775333138,22.0666344401414,5099,1666,0,537,13.009973526001,6.43587732315063,17.4673767089844,23.4307498931885
85.4505052613436,22.0663994243695,5100,1666,0,540,14.7105169296265,38.6648216247559,14.9862117767334,23
85.4484122038998,22.0664224957437,5101,1667,0,536,14.0333452224731,318.98583984375,27.8407001495361,23.8327503204346
85.4488840808176,22.0662594282926,5102,1667,0,540,25.2669773101807,344.620483398438,29.9745540618896,48.7134475708008
85.4494218214994,22.0663079332903,5103,1668,0,551,21.1963996887207,353.609375,20.565990447998,35.7910614013672
85.4401987108051,22.0667234743277,5104,1669,1,508,17.8970909118652,119.678718566895,17.8247756958008,23.7065391540527
85.4387402650151,22.0660735473191,5105,1669,1,512,16.4459285736084,166.469345092773,15.8925724029541,24.4948978424072
85.4394735233116,22.0659506320055,5106,1669,1,501,8.49785423278809,107.568305969238,21.9112434387207,12.0830459594727
85.4398302039964,22.0676633618315,5107,1669,1,511,15.2426443099976,32.5872116088867,14.6933765411377,20.8806133270264
85.4400996103303,22.0671741466072,5108,1669,1,512,17.1089286804199,84.6501312255859,9.56751537322998,22.0680770874023
85.4397118455028,22.0664124500333,5109,1669,1,508,22.3177051544189,138.511444091797,20.9186515808105,29.8663692474365
85.3913802257415,22.0652632101473,5110,1670,1,507,17.8017673492432,264.137176513672,15.0025911331177,25.2982215881348
85.3908888206049,22.0655327589055,5111,1670,1,493,16.5869617462158,270.788665771484,18.9834365844727,24.9599685668945
85.3913919374362,22.0659151665992,5112,1670,1,507,15.8008251190186,262.507751464844,20.5818214416504,22.583179473877
85.4426260987498,22.06753183856,5113,1671,1,524,19.9447154998779,298.328765869141,15.9728412628174,30.1827774047852
85.4424436400786,22.0668063293027,5114,1671,1,515,23.5687160491943,284.143798828125,12.5277652740479,31.5277652740479
85.4420780368453,22.0664373584651,5115,1671,1,516,22.9297943115234,312.720794677734,12.1216259002686,31.30495262146
85.4431822055445,22.067686421143,5116,1671,1,518,16.8926486968994,31.7294616699219,6.66811752319336,23.5796527862549
85.4440594656827,22.0678360527881,5117,1671,1,507,15.3493061065674,22.1730289459229,7.39464664459229,20.3469905853271
85.4437509703816,22.0673526810903,5118,1671,1,527,11.1250200271606,28.8757400512695,6.71470832824707,18.2756671905518
85.4426328225095,22.0662680744255,5119,1671,1,532,15.9728136062622,303.960876464844,17.5789947509766,23.1300678253174
85.4417877680142,22.0659796057877,5120,1671,1,515,20.2718601226807,301.447204589844,15.0876770019531,26.4952831268311
85.4418455876038,22.0654448842228,5121,1671,1,520,15.5012283325195,264.911437988281,7.81189155578613,19.9749851226807
85.4454137784403,22.0655740484825,5122,1672,1,514,15.2362670898438,75.1734771728516,13.9556903839111,23.4093990325928
85.445060228227,22.0659274810059,5123,1672,1,527,15.2146711349487,89.1362380981445,19.2725582122803,23.9374179840088
85.4000897207769,22.0650327262217,5124,1673,1,538,15.0372133255005,101.443344116211,4.55294609069824,19.078784942627
85.4351913867233,22.0657608609528,5125,1674,0,565,13.2486848831177,157.356292724609,7.16134834289551,19.1049728393555
85.4362204275812,22.0665392775514,5126,1674,0,554,14.9785928726196,43.9266777038574,8.10643768310547,20.2484569549561
85.4346461456413,22.06767443927,5127,1674,0,563,14.0731868743896,65.8660507202148,20.5548934936523,28.4604988098145
85.4346886352789,22.0670523433096,5128,1674,0,569,14.3695497512817,39.8106269836426,20.5742664337158,24.0831890106201
85.4348560941094,22.0653363619497,5129,1674,0,549,8.87285327911377,144.503494262695,21.0987854003906,26.645824432373
85.4351291550574,22.0664735021997,5130,1674,0,576,11.4643363952637,48.1538543701172,20.4653663635254,21.6564083099365
85.4358155164206,22.0662423623535,5131,1674,0,564,11.8202381134033,111.852722167969,9.7994270324707,24.6170673370361
85.4347851306195,22.0661519160481,5132,1674,0,571,11.78089427948,160.661987304688,17.5127086639404,16.5831241607666
85.4052442197092,22.0651856075056,5133,1675,0,553,12.0810556411743,316.710784912109,17.5664100646973,18.1107711791992
85.404972864585,22.0648061985712,5134,1675,0,553,8.79004764556885,317.936340332031,17.955545425415,13.076696395874
85.4128476926916,22.0670054576602,5135,1676,1,635,17.5821304321289,303.804351806641,12.6372385025024,23.8327503204346
85.4125530358967,22.0661870107642,5136,1676,1,651,22.3094425201416,317.6806640625,27.5378837585449,32.526912689209
85.4125984120257,22.0656305394701,5137,1676,1,654,18.1643543243408,279.349151611328,19.2807655334473,28.248893737793
85.4135575527996,22.066131630207,5138,1676,1,669,15.5767669677734,350.193267822266,20.3903713226318,23.6854381561279
85.4120157809569,22.0659432870176,5139,1676,1,647,9.25755310058594,287.568298339844,22.7261161804199,13.076696395874
85.4110617243161,22.0662789944549,5140,1676,1,616,17.5344123840332,357.651092529297,17.3934383392334,27.3861274719238
85.4130777909493,22.0662433466054,5141,1676,1,666,19.3895149230957,340.661987304688,25.3610458374023,27.0554981231689
85.41252892823,22.0674262594523,5142,1676,1,617,13.8570070266724,281.504547119141,14.9357604980469,19.4679222106934
85.4123374232893,22.0666790810273,5143,1676,1,624,15.9476308822632,313.526062011719,22.2117500305176,20.6155281066895
85.4429822396959,22.0653862589803,5144,1677,1,533,15.6419734954834,174.692687988281,5.67407608032227,20.6397666931152
85.5230698548819,22.0659213527967,5145,1678,1,472,16.5166816711426,27.7627735137939,18.3670921325684,28.2665882110596
85.5242825981239,22.0664241065851,5146,1679,1,455,16.2822704315186,340.129333496094,21.5894718170166,25.2982215881348
85.5249276969909,22.0662236940358,5147,1679,1,459,15.0135221481323,353.531402587891,15.6620845794678,23.3238067626953
85.5243828775743,22.0659644160898,5148,1679,1,470,17.1270656585693,338.642150878906,21.5894718170166,26.5894718170166
85.5238753279132,22.0660318373171,5149,1679,1,464,16.1135749816895,335.268768310547,14.8421316146851,22
85.4520081209939,22.0656726482628,5150,1680,0,549,12.3745098114014,346.344085693359,37.3222923278809,20.5912609100342
85.4515894862424,22.0650207702507,5151,1680,0,546,13.3556146621704,194.74609375,20.1854667663574,21.8174247741699
85.4513344670927,22.0654978866585,5152,1680,0,545,6.81356143951416,249.931793212891,15.0485553741455,10.3923044204712
85.4527584785968,22.065515289512,5153,1680,0,534,12.2005319595337,144.623657226562,15.6207590103149,17.3493518829346
85.4508744201662,22.0653003028429,5154,1680,0,541,12.5402765274048,157.162673950195,20.9779300689697,18.5472373962402
85.456847001188,22.0654715302276,5155,1681,1,504,19.9479522705078,334.649841308594,7.27876281738281,26.343879699707
85.4570430139585,22.0650371325847,5156,1681,1,514,16.327672958374,337.473907470703,15.6054344177246,23.643180847168
85.4575379458949,22.0658692692428,5157,1681,1,493,17.1271171569824,346.22412109375,10.8875455856323,23.2163734436035
85.4560295080791,22.0652070433414,5158,1681,1,505,15.7976589202881,0.874163568019867,15.5884571075439,21.9544982910156
85.456531468067,22.0651118518234,5159,1681,1,508,19.9479522705078,334.649841308594,9.81085395812988,26.5141468048096
85.4585039367617,22.065168036251,5160,1682,1,499,17.9840431213379,356.187774658203,14.0054368972778,24.556058883667
85.4591629664339,22.0652443909968,5161,1682,1,503,18.1783046722412,341.609588623047,9.76725387573242,24.8596057891846
85.4101456801085,22.0647074659651,5162,1683,1,654,16.7767105102539,326.054931640625,9.63004875183105,23.5584373474121
85.4096780079476,22.0644424908627,5163,1683,1,652,16.3396244049072,310.038116455078,9.70203113555908,20.9761772155762
85.4096699473077,22.0650026731769,5164,1683,1,639,15.0922164916992,323.6845703125,7.90596103668213,21.0475654602051
85.4541793822415,22.064832459613,5165,1684,1,502,15.0718269348145,209.794876098633,4.56098365783691,20.1494407653809
85.5208085333416,22.0658681567967,5166,1685,1,465,15.2426443099976,327.412780761719,8.38130378723145,20.856653213501
85.5206094436301,22.0653886861048,5167,1685,1,463,16.8400630950928,305.623046875,10.313512802124,21.931713104248
85.4603486485886,22.0648739014945,5168,1686,1,486,16.2958793640137,77.0329895019531,11.0165319442749,22.0680770874023
85.4595389069001,22.0660674390131,5169,1686,1,487,16.4529438018799,358.324859619141,8.13533592224121,25.4558448791504
85.4603607484736,22.0656016218389,5170,1686,1,479,15.734302520752,57.4223785400391,12.9165210723877,20.9045448303223
85.4601417225715,22.0660630005431,5171,1686,1,477,17.1350917816162,33.0941314697266,10.7673921585083,23.0867919921875
85.5005318488068,22.0664528179899,5172,1687,1,496,17.1075229644775,350.311431884766,21.147144317627,25.4558448791504
85.5019901055343,22.0652584023415,5173,1687,1,474,19.7977924346924,79.500358581543,26.7046413421631,32.124755859375
85.5022477225651,22.0664300459481,5174,1687,1,465,18.6958713531494,64.909782409668,23.8891296386719,28.4780616760254
85.5022533297167,22.0656706717235,5175,1687,1,473,21.5753517150879,79.2439193725586,26.3406639099121,32.2024841308594
85.5015406268235,22.0654383450559,5176,1687,1,500,15.6253213882446,70.2958984375,21.205436706543,20.7364406585693
85.4996849899894,22.0660422334071,5177,1687,1,497,16.3382263183594,322.863647460938,11.6312017440796,24.2280826568604
85.499211247873,22.0655224845595,5178,1687,1,493,16.5869617462158,270.788665771484,9.05669975280762,21.3775577545166
85.5010066495253,22.0662164515522,5179,1687,1,509,15.8355712890625,28.1485576629639,20.4405784606934,27.1477432250977
85.5017546829175,22.065976736489,5180,1687,1,487,23.411548614502,80.7365036010742,15.4021816253662,32.0936126708984
85.4415999259148,22.0642891501547,5181,1688,1,517,17.1847801208496,317.936340332031,10.993673324585,22.1133441925049
85.4598159015229,22.0644896938385,5182,1689,1,505,15.0560741424561,111.456466674805,9.77583026885986,19
85.4360915470315,22.0639615734846,5183,1690,1,525,17.9068660736084,342.106536865234,13.1371116638184,23.0867919921875
85.4012675305774,22.0633590927044,5184,1691,1,536,17.6048316955566,323.234283447266,8.74825477600098,24.839485168457
85.4014628394347,22.0638122730234,5185,1691,1,526,15.2836151123047,295.7919921875,16.7515907287598,20.5912609100342
85.4007323233465,22.0632610031016,5186,1691,1,530,17.298942565918,323.418975830078,10.3150424957275,23.4520778656006
85.4076859617863,22.0634591905757,5187,1692,1,633,12.035623550415,236.105575561523,7.28136444091797,23.2378997802734
85.4071676235409,22.0634951024388,5188,1692,1,627,10.9298257827759,253.978164672852,13.6323595046997,20.0997505187988
85.409599910879,22.0633017795011,5189,1693,1,645,15.2426443099976,212.587219238281,11.6649875640869,24.9799919128418
85.4087221374089,22.0633191452975,5190,1693,1,637,15.3763236999512,210.150863647461,14.2044439315796,21.0475654602051
85.41943668417,22.0635806471149,5191,1694,1,591,6.91254281997681,32.2802734375,13.259331703186,13.152946472168
85.4410269523627,22.0638495123424,5192,1695,1,519,17.8036231994629,345.998687744141,9.70375442504883,24.6576557159424
85.4404775856752,22.0637718554357,5193,1695,1,511,11.8321437835693,3.54383873939514,17.3909645080566,19.5959186553955
85.4057007261205,22.0634450914612,5194,1696,1,597,17.7889251708984,297.38818359375,9.54845809936523,24.4131107330322
85.4055672229691,22.0629760567719,5195,1696,1,604,15.4495325088501,268.299835205078,13.2098512649536,21.9089031219482
85.4501435355936,22.0646705642,5196,1697,0,525,10.4446954727173,135.374298095703,14.6671180725098,15.6204996109009
85.4486549720842,22.06377285942,5197,1697,0,527,12.6105031967163,114.929489135742,13.3832950592041,18.6010761260986
85.4503575784173,22.0640044111393,5198,1697,0,524,10.4716501235962,106.76049041748,13.2672529220581,20.3469905853271
85.4492438498921,22.0645370223688,5199,1697,0,542,14.687068939209,140.038375854492,15.8946342468262,19.5448207855225
85.4498732705651,22.064049532391,5200,1697,0,524,7.9397668838501,116.164482116699,8.09954166412354,12.2474489212036
85.4491902013303,22.0639809393556,5201,1697,0,538,11.4147653579712,203.96630859375,11.4981956481934,24.1867733001709
85.4501089563027,22.0634252850142,5202,1697,0,516,13.9531221389771,157.52961730957,13.2093095779419,23.0434379577637
85.4218201116779,22.0635759559875,5203,1698,1,586,16.8839244842529,1.62988305091858,26.9286041259766,30.3644523620605
85.4222164442348,22.0632547699679,5204,1698,1,602,16.2721652984619,4.24028587341309,20.464958190918,25.9807624816895
85.421203602625,22.0631211830404,5205,1698,1,605,16.0406436920166,356.557159423828,22.4811058044434,25.9229621887207
85.4212338587187,22.063580911454,5206,1698,1,588,8.71406078338623,57.6571998596191,25.6580924987793,10.9544515609741
85.4006338515619,22.0629810011554,5207,1699,1,529,15.6777086257935,311.097961425781,8.25339412689209,20.2731342315674
85.4105538296727,22.0630610850974,5208,1700,0,628,8.16967964172363,181.72297668457,30.2974624633789,16.1245155334473
85.4116467438388,22.0631468995747,5209,1701,0,643,11.1333141326904,180,14.5990047454834,20.7846088409424
85.4111304808222,22.0630592406106,5210,1701,0,643,12.4799385070801,217.198852539062,17.2679882049561,26.5706596374512
85.4124749678927,22.0632287901603,5211,1702,0,627,18.3948307037354,146.965209960938,25.9561595916748,35.1567916870117
85.4169394906038,22.0632970514571,5212,1703,1,591,9.08776664733887,1.54634976387024,22.3159141540527,17.4355964660645
85.4178213259982,22.0631530103618,5213,1703,1,604,15.4032869338989,349.163421630859,7.08004760742188,21.0950222015381
85.4522624057555,22.0636340627491,5214,1704,1,509,14.0864448547363,130.809997558594,12.3897151947021,18.5472373962402
85.4514912759924,22.0635618361757,5215,1704,1,505,15.1806592941284,194.74609375,12.9718532562256,22.4499435424805
85.4016734902596,22.0628607300849,5216,1705,1,548,14.076699256897,321.704833984375,6.95797538757324,19.3132076263428
85.4547541183258,22.0633484678059,5217,1706,1,494,17.371997833252,199.338012695312,15.3144407272339,27.1661548614502
85.4577242129519,22.0632415075119,5218,1706,1,505,25.318286895752,175.289779663086,17.9752941131592,36.9729614257812
85.4560336969748,22.0632221247432,5219,1706,1,502,19.6462440490723,197.594573974609,15.3464870452881,28.248893737793
85.4589480146681,22.063554361064,5220,1706,1,501,16.4109535217285,161.190216064453,13.9149322509766,23.1300678253174
85.4574338707111,22.0627032746102,5221,1706,1,484,16.4529438018799,178.324859619141,11.1139936447144,22.3383083343506
85.4565518416213,22.0629501469997,5222,1706,1,493,16.0748920440674,185.156509399414,22.8416118621826,22
85.4552157929735,22.0636972283267,5223,1706,1,505,10.4818563461304,197.655990600586,23.3549327850342,14.7648229598999
85.4572979255644,22.063627315359,5224,1706,1,528,22.5829200744629,174.640441894531,32.2903518676758,40.1248054504395
85.4582004154375,22.0631237452205,5225,1706,1,503,24.0508060455322,169.410827636719,18.1049995422363,34.626579284668
85.4130766718719,22.0628841822598,5226,1707,1,627,21.2639045715332,211.42057800293,17.4209327697754,30.6104564666748
85.41018274238,22.0634421470013,5227,1707,1,646,17.5712184906006,142.164566040039,20.4087390899658,27.8388214111328
85.4098364476604,22.0626277635871,5228,1707,1,623,16.4344043731689,151.124267578125,18.7949638366699,23.2808933258057
85.4141070292298,22.0629767049548,5229,1707,1,653,24.12815284729,183.868011474609,12.9370880126953,33.5857124328613
85.4118903859629,22.063496527915,5230,1707,1,658,18.0426635742188,163.050674438477,26.8934173583984,32.2955093383789
85.4127931860403,22.0640655225938,5231,1707,1,673,18.4327068328857,234.678497314453,21.758918762207,26.4764041900635
85.4104346732037,22.0627372841223,5232,1707,1,623,23.7092018127441,152.486389160156,19.3437805175781,33.4664001464844
85.411448784666,22.0630102320574,5233,1707,1,643,11.1333141326904,180,14.5990047454834,20.7846088409424
85.4106900084551,22.0634147112312,5234,1707,1,628,20.1097812652588,175.266357421875,30.2974624633789,46.4219779968262
85.4109531189874,22.0625111526209,5235,1707,1,612,23.4672679901123,187.42658996582,20.6936874389648,33.2866325378418
85.4026747414225,22.0620851083379,5236,1708,1,570,16.6768531799316,357.522552490234,6.84196758270264,22.4944438934326
85.404238374583,22.0621158638164,5237,1709,1,578,17.884557723999,352.312835693359,17.8564701080322,24.4744758605957
85.408495316842,22.0665299856672,5238,1709,1,585,17.4477005004883,282.8125,9.13419914245605,22.5610275268555
85.4066788411366,22.0641270172753,5239,1709,1,605,16.5635051727295,339.615753173828,9.02943801879883,22.4053573608398
85.4047638840933,22.0629153086154,5240,1709,1,581,26.0066242218018,277.727264404297,26.0183410644531,35.679126739502
85.4041820106703,22.0637757919729,5241,1709,1,542,16.7729034423828,289.054534912109,26.0499534606934,21.9544982910156
85.4054424506053,22.0647260112449,5242,1709,1,560,19.4010047912598,328.194702148438,21.6220073699951,30.8058433532715
85.4047537323354,22.0649914782967,5243,1709,1,547,17.2011985778809,288.532897949219,17.955545425415,23.2163734436035
85.4092320047515,22.0654329673022,5244,1709,1,623,16.895435333252,296.451721191406,12.8431367874146,23.8956069946289
85.4071288790861,22.0649215912411,5245,1709,1,584,17.9970970153809,330.552856445312,21.2680168151855,23.7697277069092
85.4042996747497,22.0644941963668,5246,1709,1,534,16.5126361846924,286.057250976562,26.8250751495361,22.0907211303711
85.5243692409946,22.0632380856835,5247,1710,1,460,19.3774280548096,172.24137878418,11.6097631454468,26.4764041900635
85.5248270293109,22.0630858129372,5248,1710,1,449,7.02910041809082,175.985107421875,14.1178817749023,13.3790884017944
85.5239266997391,22.0634508530045,5249,1710,1,473,11.6248073577881,175.185592651367,25.9406490325928,21.4242858886719
85.5230896436056,22.0631227942284,5250,1710,1,447,8.75004863739014,208.473724365234,18.1543960571289,15.3948040008545
85.522618261544,22.0633520825439,5251,1710,1,456,16.9747047424316,165.25390625,14.5796899795532,24.3104915618896
85.5252489910307,22.063308637176,5252,1710,1,456,15.6419734954834,174.692687988281,15.4375610351562,21.0713081359863
85.4149454723076,22.0643707610222,5253,1711,1,655,28.9962768554688,78.9107894897461,9.68143081665039,39.3700408935547
85.4145156509207,22.0649013214605,5254,1711,1,667,23.7776203155518,87.8668212890625,22.248628616333,31.8433666229248
85.4159365919436,22.0674271257862,5255,1711,1,648,14.9811954498291,115.403739929199,17.1720924377441,20.8326663970947
85.4160248778684,22.0629388307192,5256,1711,1,616,19.6218681335449,78.7260437011719,21.2585258483887,25.9807624816895
85.4149482811026,22.0657937894698,5257,1711,1,649,20.5929546356201,88.1240768432617,7.68630027770996,27.3313007354736
85.4154764956896,22.0650185557381,5258,1711,1,625,21.6551818847656,101.918663024902,11.4673480987549,28.8790588378906
85.4165849008452,22.0667354296289,5259,1711,1,616,17.9716033935547,128.267852783203,7.98436164855957,23.8746719360352
85.4160625422694,22.0633898209058,5260,1711,1,610,20.4787540435791,79.2439193725586,23.6098823547363,27.0554981231689
85.4163134172794,22.0685637375074,5261,1711,1,648,16.5738067626953,99.5152893066406,12.5392951965332,21.6333084106445
85.4150857499753,22.0639107310235,5262,1711,1,647,21.6296653747559,69.4181365966797,20.5589065551758,27.9821376800537
85.4856485537691,22.0624470700229,5263,1712,1,487,12.1109733581543,302.342803955078,13.5201930999756,17.9722003936768
85.4854785715893,22.0628728205763,5264,1712,1,472,15.0557641983032,322.426452636719,7.66841316223145,19.6468830108643
85.4355498631774,22.0620651998702,5265,1713,1,554,16.869255065918,44.2266311645508,10.2591829299927,22.3159141540527
85.4141278314458,22.0615155909928,5266,1714,1,621,14.5735578536987,300.306732177734,9.93313026428223,19.4935894012451
85.4139350783134,22.0619301143685,5267,1714,1,619,17.111270904541,255.3427734375,10.4859704971313,22.2934970855713
85.5179724959609,22.0623630737367,5268,1715,1,461,15.4886951446533,281.089202880859,10.799391746521,20.3224010467529
85.5179709893288,22.0628781748721,5269,1715,1,453,15.194580078125,300.881164550781,9.12887954711914,19.4679222106934
85.4170382890878,22.0625059488977,5270,1716,1,614,12.2618885040283,358.861999511719,5.41175079345703,16.6733322143555
85.4169906534056,22.061901271412,5271,1716,1,630,18.211950302124,355.485198974609,8.63054084777832,25.059928894043
85.4175410049271,22.0617709280944,5272,1716,1,641,16.3125457763672,5.9260311126709,13.9393730163574,22.583179473877
85.4158809612027,22.0617100568274,5273,1716,1,638,20.4714698791504,358.012145996094,10.3942775726318,28.0713367462158
85.4164617646538,22.0620439004418,5274,1716,1,629,18.0671043395996,353.160522460938,11.1721496582031,25.1793575286865
85.416535987678,22.0615679781767,5275,1716,1,653,10.7239513397217,5.23082685470581,18.6648387908936,21.023796081543
85.4180259377438,22.0616323820304,5276,1716,1,637,15.4514846801758,15.3950500488281,12.5581007003784,20.6639785766602
85.415919316572,22.0612321008198,5277,1716,1,657,6.39341402053833,342.050537109375,13.2418365478516,13.1148767471313
85.5238236641207,22.062411006681,5278,1717,1,440,15.1464996337891,190.102355957031,8.21480369567871,20.7846088409424
85.4080680033196,22.0625265699338,5279,1718,1,619,18.3112564086914,197.457260131836,10.4857597351074,25.6515102386475
85.4093517650323,22.0611336991406,5280,1718,1,588,19.0531520843506,184.300628662109,12.3879280090332,28.3901386260986
85.4087230585035,22.0624040801424,5281,1718,1,622,18.7577800750732,201.629150390625,9.9539623260498,25.0199928283691
85.4077523600928,22.0629771308741,5282,1718,1,622,14.6101026535034,250.713150024414,17.4386081695557,19.0262985229492
85.4103482150039,22.0615372764185,5283,1718,1,589,15.6385688781738,157.32551574707,8.88523292541504,20.9284496307373
85.4084279690449,22.0620004048299,5284,1718,1,603,14.5430164337158,191.517578125,7.12945747375488,20.5669631958008
85.4090222344777,22.0616208719879,5285,1718,1,598,16.9906711578369,205.971908569336,9.94874000549316,22.7596130371094
85.4088726240987,22.0610272732005,5286,1718,1,586,16.6050033569336,192.539978027344,13.0604286193848,24.7991943359375
85.40954119247,22.0615974520305,5287,1718,1,603,17.5344123840332,182.348892211914,6.74790573120117,23.4946804046631
85.5206237818178,22.0621957510812,5288,1719,1,444,17.7644462585449,233.937789916992,14.7857666015625,24.4948978424072
85.5208332425033,22.0616968699751,5289,1719,1,440,14.1568088531494,208.630432128906,10.2138624191284,20.2977828979492
85.5207502954092,22.0629458953415,5290,1719,1,456,18.7935771942139,239.601577758789,10.0670852661133,24.3310508728027
85.5195417628497,22.0617416910079,5291,1720,1,445,15.5012283325195,95.0885696411133,10.0545501708984,20.1742401123047
85.5195398676923,22.0621971396796,5292,1720,1,445,15.2541790008545,85.6890106201172,13.4715709686279,19.6468830108643
85.4074927247314,22.0606525255285,5293,1721,1,583,8.38709354400635,121.894096374512,9.32164192199707,12.6885776519775
85.4079621951301,22.0609551330734,5294,1721,1,580,15.3947200775146,129.81201171875,10.2364358901978,21.1187114715576
85.4069915665046,22.0607443004234,5295,1721,1,588,17.9246864318848,210.470031738281,11.2987842559814,23.7486839294434
85.4478451003228,22.0611724435244,5296,1722,1,496,16.5738067626953,80.4847106933594,10.9845056533813,21.8403301239014
85.5176814227662,22.061813935484,5297,1723,1,458,15.5910530090332,299.971282958984,9.22068023681641,19.6214160919189
85.5221528709962,22.0620642973333,5298,1724,1,456,16.015022277832,154.143707275391,15.6381464004517,24.4131107330322
85.5215624902338,22.0617232570245,5299,1724,1,440,13.3847274780273,182.079162597656,11.22536277771,17.8605709075928
85.405795090365,22.0604222316179,5300,1725,1,592,16.253963470459,82.7289657592773,10.654200553894,22.6936111450195
85.4060526384928,22.0608133734999,5301,1725,1,587,15.8984146118164,59.7480316162109,15.8070707321167,21.4242858886719
85.402948472266,22.0604861740153,5302,1726,1,580,17.5957164764404,354.532806396484,12.0239105224609,24.2693214416504
85.4019278239191,22.0603363622175,5303,1726,1,587,14.0382347106934,313.526062011719,7.3864688873291,24.3926219940186
85.4024558901758,22.0604292771942,5304,1726,1,580,17.9602222442627,357.710510253906,10.7954025268555,24.4335842132568
85.4450470560054,22.0608857046715,5305,1727,1,520,15.5506248474121,212.881408691406,8.85594367980957,21.8174247741699
85.4439006251793,22.0604898771853,5306,1728,1,497,15.0557641983032,217.57356262207,10.9772605895996,21.9772605895996
85.4455942862518,22.0604975591878,5307,1729,1,513,11.2302265167236,201.689300537109,8.26677322387695,16.4012203216553
85.4525927690094,22.0658435855861,5308,1730,1,538,30.5087585449219,23.301513671875,36.9112663269043,52.6592826843262
85.4480626482314,22.0629741571104,5309,1730,1,517,22.9359912872314,158.455520629883,14.4452610015869,30.9677257537842
85.4492031585917,22.0672155268959,5310,1730,1,513,15.9180030822754,328.012969970703,8.36718368530273,20.8806133270264
85.4498812012698,22.0660184889291,5311,1730,1,567,9.4868335723877,21.2003288269043,23.9571151733398,24.3926219940186
85.4530835099016,22.064875119356,5312,1730,1,513,19.3895149230957,160.661987304688,15.1686553955078,26.8328151702881
85.4485641544755,22.064168125118,5313,1730,1,536,17.1270656585693,158.642135620117,7.01220321655273,24.1039409637451
85.4474847150675,22.0650360556495,5314,1730,1,554,18.6958713531494,295.090209960938,9.04658317565918,24.2693214416504
85.4510238657162,22.0660281395216,5315,1730,1,543,16.2809467315674,39.4582710266113,26.1582489013672,26.9814758300781
85.4469443763267,22.0629871780341,5316,1730,1,535,21.4951095581055,141.335174560547,11.2229919433594,29.0860786437988
85.448837840503,22.064917440282,5317,1730,1,555,18.3691749572754,171.025787353516,6.9151725769043,24.4948978424072
85.4837966459689,22.0609706363179,5318,1731,1,470,15.3149747848511,313.526062011719,4.51922035217285,19.2873020172119
85.5267041037618,22.0611291102248,5319,1732,1,447,16.015022277832,205.856292724609,15.2708549499512,22.3606796264648
85.5261456872846,22.0618509130353,5320,1732,1,446,15.1933631896973,249.681793212891,10.2680902481079,19.7737197875977
85.5259820628292,22.0613365357464,5321,1732,1,437,18.0010395050049,244.596267700195,13.4578094482422,24.7588367462158
85.488974942175,22.0606862322676,5322,1733,1,503,17.7644462585449,53.9377937316895,14.0892763137817,24.8596057891846
85.5195108642645,22.0608637300427,5323,1734,1,446,15.4816999435425,52.6350593566895,7.50152492523193,19.6977157592773
85.4119175159235,22.0595549334415,5324,1735,0,623,9.78401470184326,317.480041503906,13.0038900375366,21.8403301239014
85.4114293718662,22.0595513400231,5325,1735,0,623,7.9397668838501,296.164489746094,17.6269149780273,13.4536237716675
85.4182605052816,22.0596684786042,5326,1736,1,646,15.4514846801758,344.604949951172,5.69146251678467,20.3224010467529
85.4427592015367,22.0614365831601,5327,1737,1,500,20.7479267120361,104.413780212402,28.6478080749512,35.4400901794434
85.4395518156043,22.0604332684397,5328,1737,1,517,16.1248207092285,260.201873779297,12.5182800292969,20.9523277282715
85.44131091433,22.0599337811311,5329,1737,1,508,18.645975112915,157.432861328125,4.68505477905273,26.5329990386963
85.4420891088167,22.0606567171058,5330,1737,1,508,24.0324554443359,145.843734741211,30.3498687744141,35.8887176513672
85.4400626352489,22.0595620926092,5331,1737,1,502,16.2451782226562,182.547149658203,17.0468978881836,22.6274166107178
85.4412015930134,22.0606897459769,5332,1737,1,524,16.2913475036621,165.45849609375,9.06927680969238,23.7697277069092
85.4405775199389,22.0594106215936,5333,1737,1,501,15.831503868103,169.474914550781,17.0468978881836,22.3159141540527
85.4406212100008,22.0601224785568,5334,1737,1,520,19.3986759185791,152.237228393555,10.6489524841309,25.6709957122803
85.4396933079616,22.0611866680109,5335,1737,1,521,16.2192974090576,234.699417114258,16.2722778320312,23.2163734436035
85.4398438515063,22.0600082054078,5336,1737,1,523,15.9685668945312,219.312683105469,12.8166809082031,24.3926219940186
85.402616767216,22.0590705758273,5337,1738,0,618,11.4426898956299,313.526062011719,10.7174701690674,18.2208671569824
85.4032351504623,22.0591112443643,5338,1738,0,621,13.544602394104,336.784210205078,10.9377365112305,18.8679618835449
85.4021562026954,22.0594786113417,5339,1738,0,606,14.9677362442017,304.570434570312,8.66779136657715,20.4694900512695
85.4028989240391,22.0594387283044,5340,1738,0,613,14.0229482650757,350.047637939453,13.0424194335938,19.1572437286377
85.514971799989,22.0605471703511,5341,1739,1,459,16.8357200622559,273.106719970703,10.8444194793701,21.6564083099365
85.5157890531029,22.0610720544237,5342,1739,1,458,18.1163501739502,347.813385009766,9.36059761047363,24.5967483520508
85.5164396274899,22.0611115579096,5343,1739,1,461,17.2829132080078,351.222076416016,12.1676597595215,23.345235824585
85.5151927121,22.0609684340218,5344,1739,1,446,16.3382263183594,322.863647460938,20.4763507843018,24.7991943359375
85.5149557525817,22.0599114449572,5345,1739,1,460,16.8387413024902,284.113098144531,15.969012260437,23.5159511566162
85.4381295754861,22.0594760942797,5346,1740,1,518,18.8194789886475,37.4408226013184,9.30375957489014,25.0199928283691
85.5139560791916,22.0599021941141,5347,1741,1,457,18.8843002319336,13.8720817565918,15.059531211853,25.8456954956055
85.5130895330795,22.0598641305015,5348,1741,1,457,21.248950958252,352.345153808594,8.54287719726562,28.9654960632324
85.5135302097829,22.060191210282,5349,1741,1,446,16.6768531799316,357.522552490234,15.5429382324219,23.1084403991699
85.5126882781143,22.0601889228868,5350,1741,1,441,17.0120525360107,337.609649658203,18.2574768066406,22.912878036499
85.5115876543067,22.059935652137,5351,1741,1,443,15.7546186447144,351.198974609375,16.6295337677002,22.1359443664551
85.5123015706363,22.059900622043,5352,1741,1,447,21.2203044891357,341.864105224609,10.8726997375488,29
85.4530334824777,22.0588309331087,5353,1742,1,472,15.4109964370728,99.4164199829102,7.16060447692871,19.6723155975342
85.4210857271278,22.0584144581838,5354,1743,1,629,15.6804733276367,149.507629394531,13.9388647079468,20.7605400085449
85.5210392669471,22.0593817802595,5355,1744,1,436,15.1186561584473,51.5238838195801,6.94941520690918,19.2873020172119
85.4897635379904,22.0602062996172,5356,1745,1,495,17.5477390289307,75.7385864257812,11.6954936981201,23.6220245361328
85.4903957101924,22.0599684343877,5357,1745,1,476,15.0372133255005,78.5566558837891,12.656268119812,20.5182838439941
85.4908366103153,22.0591524176783,5358,1745,1,470,16.918586730957,69.4853897094727,6.74397850036621,21.9772605895996
85.4900669777829,22.0595879535114,5359,1745,1,489,17.9085369110107,71.5076370239258,9.34674453735352,22.7376346588135
85.4120230069335,22.058849769058,5360,1746,0,646,13.7167615890503,313.526062011719,17.4021282196045,20
85.4118220894419,22.0582469001569,5361,1746,0,649,6.66103649139404,238.223678588867,26.483325958252,13.747727394104
85.4123548042249,22.0582584634868,5362,1746,0,654,16.9055194854736,276.1953125,22.4154357910156,23.643180847168
85.4014163726962,22.0616377253784,5363,1747,1,562,16.9191970825195,288.059112548828,8.23252868652344,22.6053085327148
85.3987086075284,22.0581100057334,5364,1747,1,529,15.1663017272949,307.229888916016,13.9706707000732,20.8086528778076
85.399364379429,22.0604755178239,5365,1747,1,542,18.8229007720947,332.879241943359,23.2306861877441,28.5657138824463
85.4007920052325,22.061171179805,5366,1747,1,543,16.7639865875244,278.610443115234,15.534571647644,21.8860683441162
85.398949512947,22.0597409529478,5367,1747,1,527,22.1498851776123,274.621551513672,22.2575912475586,33.0756721496582
85.4019871305549,22.0617147759715,5368,1747,1,580,13.6752243041992,282.653411865234,9.16987228393555,22.8691940307617
85.3999074400417,22.0610485164592,5369,1747,1,525,15.5506248474121,327.118591308594,31.6321411132812,25.7681980133057
85.4001185534578,22.0603355797354,5370,1747,1,554,11.9951486587524,293.905487060547,21.955717086792,16.5227108001709
85.4015346005302,22.061193404437,5371,1747,1,565,15.9265842437744,266.705383300781,11.230993270874,23.4307498931885
85.4007469929636,22.0605143068511,5372,1747,1,566,16.9593906402588,329.365509033203,18.5103416442871,23.3238067626953
85.417360280639,22.0583252936302,5373,1748,1,662,10.3470125198364,344.926422119141,15.7417392730713,14.5945196151733
85.4168531871102,22.0581778123671,5374,1748,1,668,15.1707000732422,3.65093612670898,9.80083274841309,21.1423740386963
85.4378040559501,22.0584290270469,5375,1749,1,530,15.1304931640625,103.146598815918,8.01892852783203,19.8494338989258
85.4383517489461,22.0583556847072,5376,1749,1,523,15.0720729827881,105.904846191406,6.05433177947998,19.8746070861816
85.4381993498481,22.058813495854,5377,1749,1,529,14.1707134246826,82.5361328125,11.2232303619385,19.570384979248
85.5213869219334,22.0593266386011,5378,1750,1,430,13.3818340301514,45.0418968200684,10.138388633728,18.4661846160889
85.4057109954834,22.0584733654239,5379,1751,0,621,12.614086151123,54.1074981689453,12.7732772827148,19.3649158477783
85.4056522612355,22.0579448284424,5380,1751,0,615,12.3570261001587,124.154922485352,11.9234485626221,25.6709957122803
85.4057779302786,22.0589325321121,5381,1751,0,614,14.9971961975098,46.4739265441895,11.212854385376,24.4335842132568
85.4400014895556,22.0583064352986,5382,1752,1,487,15.6741724014282,89.1628112792969,20.0340824127197,23.6220245361328
85.4395236353408,22.0584317953239,5383,1752,1,501,17.5022964477539,87.7646484375,17.1472358703613,25.4754791259766
85.4164227503217,22.0578886950635,5384,1753,1,678,17.1319332122803,355.985107421875,8.12206363677979,23.021728515625
85.4159412707078,22.0579937366339,5385,1753,1,677,15.6419734954834,354.692687988281,11.7523012161255,21.3541564941406
85.3963934654135,22.0575114933501,5386,1754,1,508,15.0720729827881,285.904846191406,10.7331619262695,19.5959186553955
85.4540682715438,22.05805050621,5387,1755,1,475,16.8654975891113,13.1680669784546,14.378306388855,27.1845550537109
85.45353971001,22.0579331640759,5388,1755,1,475,16.5523204803467,6.67213344573975,14.378306388855,24.3926219940186
85.5106555960792,22.0582487629881,5389,1756,0,464,11.1087551116943,221.262100219727,16.8451232910156,17.4068946838379
85.5102183838939,22.0584598827732,5390,1756,0,463,11.8111228942871,288.282287597656,28.671314239502,22.3383083343506
85.5107246457892,22.0587162130265,5391,1756,0,461,17.0120525360107,337.609649658203,23.5145874023438,25.5538654327393
85.5060044434281,22.0604052372451,5392,1757,1,459,24.9973678588867,88.992301940918,15.4664897918701,33.0302886962891
85.5059134302773,22.0582647898209,5393,1757,1,443,16.9564476013184,142.500625610352,13.0587568283081,23.1300678253174
85.5047643976114,22.0597303398734,5394,1757,1,468,22.7980442047119,275.036376953125,17.3655643463135,30.4630928039551
85.505685098815,22.0591341372698,5395,1757,1,466,22.2459869384766,120.077896118164,16.1497917175293,28.7749900817871
85.5052491489164,22.0606010523279,5396,1757,1,473,15.3273506164551,333.834381103516,10.3433885574341,22.1133441925049
85.5064607556914,22.0606467574283,5397,1757,1,449,15.0093240737915,93.5066680908203,20.2240409851074,19.5192203521729
85.5060704079937,22.0596041107273,5398,1757,1,449,22.7899875640869,117.929740905762,16.344690322876,31.5753059387207
85.5044241223583,22.0592676706669,5399,1757,1,470,18.9279441833496,293.237487792969,25.0050888061523,36.5376510620117
85.5043046790418,22.0582293405595,5400,1757,1,449,15.071494102478,241.837249755859,20.6161766052246,22.4499435424805
85.5055453854303,22.0596098736378,5401,1757,1,474,20.2941970825195,125.206329345703,19.9224052429199,27.6405506134033
85.4076142681808,22.05711536754,5402,1758,1,568,14.9811954498291,295.403747558594,9.95619773864746,19.570384979248
85.4095843339992,22.0569595803317,5403,1759,1,596,15.2970485687256,317.265045166016,13.3544130325317,19.2353839874268
85.4100156674453,22.0572271487475,5404,1759,1,594,14.4574422836304,297.461700439453,15.6307945251465,23.9374179840088
85.4161665867755,22.0567133640685,5405,1760,1,677,16.768404006958,191.569458007812,11.7306528091431,22.6495037078857
85.4167918782951,22.0567919105749,5406,1760,1,677,15.9366588592529,172.180801391602,12.7734365463257,21.6794834136963
85.4385205513985,22.0574146421126,5407,1761,1,516,12.7001667022705,118.229583740234,10.7434539794922,18.9208869934082
85.4381972368177,22.0569749263893,5408,1761,1,509,16.5566139221191,135.818359375,7.06758499145508,21.771541595459
85.4886889408161,22.0584830452629,5409,1762,1,496,9.38501930236816,150.250701904297,14.9541416168213,12.6885776519775
85.4899562832131,22.0584301970891,5410,1762,1,481,17.4062824249268,173.67610168457,10.8611459732056,23.4307498931885
85.4894454845823,22.0584517210463,5411,1762,1,490,12.6297903060913,171.134811401367,15.2690515518188,16.6132469177246
85.4885041143403,22.05749501878,5412,1762,1,484,15.9408483505249,112.802688598633,8.08689498901367,21.771541595459
85.4892050812815,22.0580388957977,5413,1762,1,470,15.1806592941284,165.25390625,23.294075012207,25.6709957122803
85.488500588564,22.0580108736897,5414,1762,1,490,16.1614475250244,126.455375671387,14.9146461486816,21.023796081543
85.3990200872677,22.0561851970875,5415,1763,1,538,15.8008251190186,262.507751464844,12.3790636062622,21.1660099029541
85.4089216208011,22.0564485375706,5416,1764,1,591,17.6528472900391,302.758575439453,16.0231094360352,22.715633392334
85.4084408914687,22.0563276195978,5417,1764,1,582,15.7106437683105,309.890563964844,15.9333038330078,21.1896209716797
85.4555732358285,22.056569982202,5418,1765,1,467,15.9078435897827,91.6486740112305,13.4736318588257,21.8403301239014
85.4182408218782,22.0560861162769,5419,1766,0,651,21.9892063140869,156.03369140625,20.0460929870605,33.1058921813965
85.5383797156828,22.0572889114614,5420,1767,1,424,16.5060367584229,185.014007568359,7.0851583480835,21.9089031219482
85.5388617041122,22.0571614068338,5421,1767,1,415,8.16967964172363,181.72297668457,9.89240169525146,15.716233253479
85.4115743319428,22.0566362090119,5422,1768,0,579,13.3847274780273,182.079162597656,11.8159427642822,19.261360168457
85.4116299913957,22.0558566150786,5423,1768,0,563,12.2306394577026,207.25798034668,25.2357368469238,18.8944435119629
85.4119157879258,22.0562864627374,5424,1768,0,567,6.95395755767822,262.272735595703,25.13232421875,18.3303031921387
85.3947359655001,22.0555093809228,5425,1769,1,525,15.8355712890625,331.851440429688,12.7376346588135,22.7376346588135
85.4343273127366,22.0558427778343,5426,1770,1,581,16.8252487182617,114.000190734863,15.2681798934937,25.8650341033936
85.4346921209165,22.0561766013304,5427,1770,1,570,16.6617755889893,123.227005004883,11.404821395874,25.3574447631836
85.4364745240809,22.0558571932671,5428,1771,0,542,14.9567070007324,80.280647277832,29.6650199890137,24.9799919128418
85.4361264123301,22.0561918134685,5429,1771,0,545,11.7821483612061,164.393905639648,21.2192687988281,18.9208869934082
85.4358699009006,22.055708902714,5430,1771,0,560,17.3897609710693,14.3642520904541,18.7351474761963,30.3809146881104
85.3962599591169,22.0554127644243,5431,1772,1,524,16.0406951904297,22.0445404052734,21.7875289916992,25.3574447631836
85.5435127049118,22.0567900349227,5432,1773,1,420,15.0270137786865,161.241516113281,9.75030899047852,20.5669631958008
85.4117308109091,22.0553427445787,5433,1774,0,531,14.6708402633667,221.262100219727,23.4249973297119,47.528938293457
85.4511110653529,22.0555845361892,5434,1775,1,536,12.8172407150269,352.368103027344,17.5871982574463,19
85.4515764670522,22.0557229182606,5435,1775,1,527,16.0131778717041,360,4.57853698730469,21.1660099029541
85.5110781437158,22.0574971787057,5436,1776,1,466,15.6741933822632,259.901885986328,12.5815238952637,20.9761772155762
85.5099956307759,22.0570236392714,5437,1776,1,438,18.8913192749023,265.189208984375,7.64064407348633,24.7386341094971
85.5100263770952,22.0580886417356,5438,1776,1,453,27.8000812530518,256.967224121094,18.5395603179932,40.8778686523438
85.5096469097603,22.0577744849695,5439,1776,1,426,12.4286317825317,247.004013061523,30.2579116821289,26.2868785858154
85.5103645093137,22.0561053163795,5440,1776,1,436,15.4788961410522,242.680297851562,15.4352312088013,20.1246109008789
85.5114172141542,22.0590925497055,5441,1776,1,463,25.4400825500488,346.88818359375,13.7852954864502,35.2562065124512
85.510602519222,22.058781768283,5442,1776,1,461,17.0120525360107,337.609649658203,23.5145874023438,25.5538654327393
85.5102477922869,22.0591467264924,5443,1776,1,446,15.3696298599243,322.234466552734,19.2590637207031,24.0416297912598
85.510326643615,22.0566029623285,5444,1776,1,445,17.9828586578369,256.113983154297,7.56999588012695,23.9582977294922
85.4076239199067,22.0554062078357,5445,1777,1,573,24.3823471069336,269.481719970703,15.0606250762939,35.0856094360352
85.4075960116762,22.0547545282557,5446,1777,1,567,15.0894947052002,263.012756347656,16.8819637298584,20.856653213501
85.40821197679,22.0555892277267,5447,1777,1,586,15.345890045166,277.727264404297,6.65384769439697,19.3390789031982
85.4079777776273,22.0550350149811,5448,1777,1,579,15.7829179763794,242.343490600586,17.9100456237793,20.5912609100342
85.4077151458629,22.0559208895793,5449,1777,1,568,17.2871227264404,273.020599365234,17.7689418792725,23.7697277069092
85.3934967952677,22.0546625228964,5450,1778,1,525,16.8761386871338,314.649017333984,14.900411605835,25.2982215881348
85.3938063355995,22.0552135488253,5451,1778,1,519,19.9584350585938,313.526062011719,13.6460456848145,26.6270542144775
85.3940346908731,22.0547704710464,5452,1778,1,538,12.4731349945068,310.444641113281,28.8119468688965,23.021728515625
85.3930892431351,22.0549218980835,5453,1778,1,508,17.3299713134766,330.132720947266,15.5437240600586,23.9582977294922
85.5178846567322,22.0558726724233,5454,1779,1,441,15.1933631896973,69.6817932128906,6.44517135620117,20.8326663970947
85.5206883653739,22.0558328141279,5455,1780,1,429,16.0056114196777,9.52776718139648,21.1069393157959,23.1948261260986
85.4016505798941,22.055143607853,5456,1781,1,563,15.071494102478,241.837249755859,22.1383304595947,23.5584373474121
85.4012998985164,22.0556842006001,5457,1781,1,573,17.2756881713867,229.761703491211,15.0734672546387,24.3310508728027
85.4058454501208,22.0594658837928,5458,1781,1,602,17.5305404663086,47.5523719787598,9.77423858642578,28.0713367462158
85.4049024205015,22.0561843032562,5459,1781,1,579,25.1788997650146,123.327896118164,19.8308296203613,35.8329467773438
85.4030425863861,22.0558664830866,5460,1781,1,607,27.333459854126,178.085723876953,17.1262321472168,39.8622627258301
85.4032333213601,22.0563383163838,5461,1781,1,627,17.7883529663086,175.369934082031,7.50125122070312,24.3926219940186
85.4056293101047,22.0569161388023,5462,1781,1,593,26.3018112182617,139.740951538086,9.45932769775391,36.0416412353516
85.4065932897252,22.0595012674656,5463,1781,1,579,18.3332176208496,57.8568458557129,17.6519260406494,24.2074375152588
85.4039548847834,22.0564171196239,5464,1781,1,619,21.2639045715332,148.57942199707,13.3750247955322,29.3598365783691
85.4036732718274,22.0589236097904,5465,1781,1,634,19.0255088806152,357.129913330078,6.10224723815918,25.4950981140137
85.4283990092548,22.0549050879546,5466,1782,0,648,12.1871881484985,51.2110862731934,15.1929264068604,19.0525588989258
85.5115433792073,22.0556199651348,5467,1783,1,446,21.5043621063232,200.522689819336,10.1180572509766,30.1827774047852
85.5137531582227,22.0556692162076,5468,1783,1,443,19.8600120544434,177.260177612305,15.7714462280273,28.8270702362061
85.5110877672765,22.0559293302943,5469,1783,1,450,15.6132612228394,222.814544677734,14.5218906402588,20.7364406585693
85.5122547524138,22.055622092974,5470,1783,1,457,22.5101699829102,171.615264892578,16.6550350189209,35.4964790344238
85.5130965828269,22.0557125717519,5471,1783,1,448,22.7396850585938,171.113220214844,16.432559967041,35.1141014099121
85.5105733204528,22.0556686671109,5472,1783,1,439,17.3654937744141,196.84977722168,13.853120803833,29.2916374206543
85.5112490681104,22.0563561756703,5473,1783,1,455,15.1663017272949,232.770111083984,8.34719753265381,19.570384979248
85.5117831208021,22.0560912455845,5474,1783,1,460,16.4344043731689,208.875732421875,21.0793952941895,21.9089031219482
85.4131836075825,22.0544254622775,5475,1784,0,592,14.4983911514282,246.648178100586,12.0890102386475,28.0713367462158
85.5400569876972,22.0554874583389,5476,1785,1,412,15.258415222168,7.27246618270874,7.35085678100586,20.0249843597412
85.5484969871356,22.0554761509187,5477,1786,1,411,16.6637649536133,0.826270282268524,8.56608772277832,22.6053085327148
85.4215684030237,22.0546006881415,5478,1787,0,645,11.1496105194092,301.335784912109,12.1873569488525,17.5783958435059
85.4213514241098,22.0541683862048,5479,1787,0,645,12.9410963058472,257.636779785156,13.0417022705078,21.3541564941406
85.4210181281754,22.0546328728551,5480,1787,0,645,14.8568391799927,282.496307373047,32.2111625671387,29.1719036102295
85.5426263061249,22.0552551392566,5481,1788,1,416,20.4915351867676,356.689300537109,7.63358497619629,27.3313007354736
85.5418314813548,22.0551894666192,5482,1788,1,414,15.4965877532959,347.410980224609,14.0726566314697,20.6397666931152
85.5421832007476,22.0556045220718,5483,1788,1,407,15.1707000732422,356.349060058594,13.8166370391846,20.3224010467529
85.5431898139374,22.0552331194314,5484,1788,1,417,16.2316627502441,359.150451660156,8.13157081604004,22.0454082489014
85.4108794422788,22.0555505597832,5485,1789,1,572,26.5497856140137,138.303817749023,22.670503616333,45.2216758728027
85.4191414473796,22.0572577208089,5486,1789,1,652,23.9427070617676,124.280006408691,11.9726657867432,32.4807624816895
85.4102690517511,22.0539772470845,5487,1789,1,555,18.8610572814941,93.4402389526367,21.9474868774414,26.0959758758545
85.4133307643802,22.0597478130155,5488,1789,1,651,22.8129806518555,332.497375488281,18.8194408416748,34.5976867675781
85.4171216523414,22.0548882150642,5489,1789,1,599,21.502986907959,182.511810302734,6.08785629272461,29.325756072998
85.4117658502162,22.0547733265919,5490,1789,1,559,18.9835090637207,306.577423095703,17.124210357666,25.4558448791504
85.4131832465341,22.0546702312964,5491,1789,1,592,14.4983911514282,246.648178100586,12.0890102386475,28.0713367462158
85.4119644034106,22.0568355810486,5492,1789,1,581,17.0376415252686,188.097305297852,13.8440113067627,22.8035087585449
85.4135046794043,22.0578048572091,5493,1789,1,672,19.248498916626,198.001281738281,12.8578281402588,26.0576286315918
85.4108550059497,22.0561148889115,5494,1789,1,584,28.1511268615723,136.073333740234,11.7742328643799,38.2883796691895
85.5390149035766,22.0553065176157,5495,1790,1,414,16.3457584381104,11.8907260894775,9.76536750793457,21.6333084106445
85.5392902642218,22.0549167447937,5496,1790,1,429,16.4225368499756,52.2624435424805,11.2769403457642,21.6333084106445
85.5385723709519,22.0550538140074,5497,1790,1,423,15.1631021499634,342.384460449219,6.50479316711426,21.3775577545166
85.4068407765283,22.0536232783139,5498,1791,1,570,15.3020992279053,314.771179199219,5.63664722442627,19.4422225952148
85.5490427951817,22.0550506958003,5499,1792,1,420,15.8750429153442,20.4321918487549,7.11982536315918,21.3775577545166
85.5497114748,22.0549349715695,5500,1792,1,412,15.5506248474121,32.8814010620117,9.17875862121582,20.3715496063232
85.4592741209763,22.054046099299,5501,1793,1,452,15.2146711349487,90.8637619018555,13.6398572921753,20.1742401123047
85.4321417832382,22.053571536496,5502,1794,1,575,15.5858039855957,116.164482116699,10.9584054946899,21.1660099029541
85.3964396117997,22.0534931634297,5503,1795,1,533,16.7639865875244,81.3895568847656,10.6681346893311,21.8174247741699
85.3966141954234,22.0530428714507,5504,1795,1,533,16.5113277435303,120.780395507812,13.8276071548462,24.2693214416504
85.4210771707376,22.0532668477118,5505,1796,0,634,14.6269521713257,292.149749755859,17.924186706543,23.1732597351074
85.5155004558485,22.0540767635013,5506,1797,1,434,16.3896751403809,118.29077911377,13.366231918335,22.6936111450195
85.5153104808523,22.0545652377017,5507,1797,1,444,11.2773342132568,103.071365356445,11.4391994476318,15.65247631073
85.4151729454218,22.0533043310984,5508,1798,0,581,12.7096567153931,181.096633911133,8.72745704650879,17.3493518829346
85.4156398017629,22.053173590061,5509,1798,0,581,13.057074546814,162.674850463867,8.72745704650879,18.2208671569824
85.5418141508508,22.0543111956735,5510,1799,1,430,15.6317949295044,313.526062011719,6.65452194213867,21.8860683441162
85.5423591178981,22.0543822623365,5511,1799,1,440,15.7540073394775,338.455505371094,16.6364116668701,23.9165210723877
85.4246528831995,22.0533560442795,5512,1800,0,709,7.45764875411987,221.262100219727,18.0482139587402,10.6301460266113
85.4250192070176,22.0539784531358,5513,1800,0,720,7.79274034500122,282.105255126953,7.14632177352905,11
85.4252977482367,22.055282102437,5514,1800,0,717,3.58297944068909,285.183227539062,11.5293712615967,5.56776428222656
85.42529877988,22.0532208864678,5515,1800,0,717,5.48387813568115,215.767120361328,16.9270057678223,7.34846925735474
85.4229894707549,22.0537610895896,5516,1800,0,693,12.4098682403564,224.925674438477,10.4339179992676,16.1245155334473
85.4258900923982,22.0539549534412,5517,1800,0,720,1.8033983707428,204.285308837891,14.9736652374268,5
85.4245729426225,22.0548182653914,5518,1800,0,714,5.90539169311523,293.351837158203,11.6983375549316,11.4455232620239
85.4240707967627,22.0545112532936,5519,1800,0,709,7.98650693893433,259.901885986328,11.375072479248,10.5830049514771
85.4222948350622,22.0542022907685,5520,1800,0,676,14.405104637146,282.912994384766,8.53975486755371,19.5192203521729
85.4257859145857,22.0531387775119,5521,1800,0,717,14.0583839416504,194.98486328125,19.2554378509521,22.6715679168701
85.4056155521142,22.0531036993528,5522,1801,1,569,16.9028491973877,299.947357177734,12.761568069458,26.8328151702881
85.4058302843259,22.0535269167222,5523,1801,1,555,14.3565282821655,298.721801757812,11.5353507995605,18.8679618835449
85.4053403572795,22.0534879679973,5524,1801,1,550,16.8400630950928,305.623046875,17.034854888916,24.839485168457
85.4156211059032,22.0530984197572,5525,1802,1,581,13.057074546814,162.674850463867,8.72745704650879,18.2208671569824
85.4149970356189,22.0530189799746,5526,1802,1,574,15.8116245269775,177.379119873047,8.59125518798828,21.8860683441162
85.4161566863708,22.0535861176529,5527,1802,1,583,15.258415222168,172.727523803711,10.0410566329956,20.0249843597412
85.4156535745595,22.0536079091262,5528,1802,1,600,12.2510938644409,146.178848266602,8.8642406463623,25.9229621887207
85.4151679827819,22.0535113752164,5529,1802,1,588,17.7581520080566,176.909561157227,8.57361030578613,24.9599685668945
85.4165337603149,22.0532873154528,5530,1802,1,574,15.8395147323608,184.362716674805,5.1291332244873,20.9523277282715
85.416115806218,22.0529624206584,5531,1802,1,565,15.3361530303955,166.344100952148,8.2905101776123,21.6333084106445
85.3962379605796,22.0527072900655,5532,1803,1,526,16.0251998901367,166.086639404297,18.3007144927979,23.1732597351074
85.3955458833379,22.052895019378,5533,1803,1,540,11.9387083053589,165.819488525391,16.43505859375,16.9115352630615
85.4099300405996,22.0530056212715,5534,1804,1,561,13.0023031234741,107.568305969238,15.1296291351318,20.3224010467529
85.4386841023116,22.0531765234689,5535,1805,1,502,15.4052257537842,76.2273559570312,6.75637149810791,20.3715496063232
85.4510961620359,22.0533155997239,5536,1806,0,502,11.9185943603516,162.136291503906,9.00091934204102,19.1049728393555
85.4515842122164,22.0530661603306,5537,1806,0,499,13.057074546814,162.674850463867,6.87780380249023,21.4242858886719
85.450778682039,22.0529561541511,5538,1806,0,502,13.6961107254028,149.092620849609,9.83781623840332,19.6977157592773
85.4389475593441,22.0529628394449,5539,1807,1,499,15.4236927032471,57.6571998596191,6.91792583465576,19.5959186553955
85.3938090817056,22.0527557977171,5540,1808,1,514,21.4376544952393,225.606353759766,22.226245880127,33.4065856933594
85.3932022201333,22.0531330562421,5541,1808,1,526,13.7041254043579,225.076843261719,17.3591594696045,18.0277557373047
85.3937261685135,22.0521725095599,5542,1808,1,509,15.4689445495605,266.602661132812,18.5490379333496,22.6936111450195
85.3927028755927,22.0531409781249,5543,1808,1,521,13.4399728775024,217.889038085938,15.4498510360718,17.6635208129883
85.4127933957719,22.0525245292277,5544,1809,1,552,14.1204090118408,275.611755371094,24.1098175048828,27.495454788208
85.5478740207643,22.0543483919351,5545,1810,1,429,18.2139778137207,322.884674072266,9.63604640960693,24.1660919189453
85.5461924031132,22.0537939671886,5546,1810,1,418,13.6384315490723,299.342254638672,15.9799919128418,18.3303031921387
85.5476158397125,22.0548285684336,5547,1810,1,414,17.1957187652588,319.038269042969,11.290566444397,23.0651245117188
85.5471857109872,22.0539321255402,5548,1810,1,441,17.9563293457031,333.925689697266,22.1310691833496,30.1496276855469
85.5465020179247,22.0543031701404,5549,1810,1,410,8.89980697631836,345.6357421875,24.1746463775635,13.2287569046021
85.5472281631439,22.054547320736,5550,1810,1,417,16.727388381958,338.072814941406,17.8371086120605,22.7815723419189
85.5467703186118,22.0536364204126,5551,1810,1,437,16.0570697784424,289.124664306641,11.4680862426758,20.1990089416504
85.54837765837,22.0546853130679,5552,1810,1,427,15.1505851745605,331.428955078125,9.6402530670166,20.0249843597412
85.4527278614348,22.05454436746,5553,1811,1,495,16.2045154571533,101.391395568848,11.9972648620605,21.4242858886719
85.4497576761753,22.0543160840297,5554,1811,1,527,20.1720161437988,285.535888671875,19.1760597229004,29.325756072998
85.4491493897196,22.0551761207914,5555,1811,1,507,15.194580078125,239.118850708008,9.05983448028564,20.0748596191406
85.4532000689611,22.0541000846114,5556,1811,1,480,21.1001491546631,116.503623962402,17.6101627349854,28.1247215270996
85.4502437199151,22.0532477043617,5557,1811,1,523,20.0970325469971,128.865905761719,19.9614486694336,26.9443874359131
85.4494572921939,22.0532655363927,5558,1811,1,518,23.7191104888916,259.243927001953,10.740406036377,31
85.4488726890231,22.0540400928849,5559,1811,1,492,16.6508769989014,281.064727783203,13.3883790969849,22.538854598999
85.4506638088098,22.0525131244646,5560,1811,1,490,15.6205587387085,138.405426025391,14.2761497497559,21.2132034301758
85.4506745706806,22.0529903737537,5561,1811,1,505,19.036548614502,138.468505859375,13.4232749938965,26.2488098144531
85.4527367297403,22.055179975582,5562,1811,1,502,17.239387512207,113.351829528809,10.3766117095947,22.158519744873
85.4122235828619,22.0521359936256,5563,1812,1,554,15.754919052124,330.685607910156,9.08296394348145,21.0475654602051
85.4724448759468,22.0528331876531,5564,1813,1,444,14.0433769226074,359.011199951172,24.0192241668701,26.0192241668701
85.4732925122163,22.0527543622568,5565,1814,1,462,15.0135221481323,353.531402587891,16.6642265319824,24.4744758605957
85.4217208869472,22.0519014524834,5566,1815,0,627,9.7823543548584,182.870086669922,11.8941688537598,17.9722003936768
85.4215037026656,22.0527063637937,5567,1815,0,643,11.8370170593262,216.674240112305,10.1029396057129,18.3575592041016
85.4231648657752,22.0516947875634,5568,1815,0,633,18.4270725250244,221.355102539062,22.8206520080566,24.4744758605957
85.4223948685415,22.0522866035203,5569,1815,0,629,10.2855854034424,205.350158691406,10.5000705718994,20.0748596191406
85.4215576684089,22.0531629145159,5570,1815,0,634,15.3986511230469,294.633270263672,11.7402076721191,31.2249908447266
85.4229945290511,22.052171629047,5571,1815,0,636,13.7586860656738,218.096984863281,11.0237312316895,23.7065391540527
85.5366775599447,22.0530200160387,5572,1816,1,421,15.6205587387085,221.594573974609,19.8725318908691,22.9564800262451
85.5376345759666,22.0534556838627,5573,1816,1,441,5.86770009994507,146.905868530273,25.0060749053955,8.36660003662109
85.5379089483975,22.0529429898589,5574,1816,1,423,15.4032869338989,169.163421630859,16.0935096740723,22.9564800262451
85.5386427678955,22.0534177553044,5575,1816,1,436,13.0585870742798,137.93635559082,19.8594818115234,17.9164733886719
85.5370504545804,22.0545417425135,5576,1816,1,427,15.8487319946289,306.307464599609,9.89853286743164,22.3159141540527
85.5381149279659,22.0533712329195,5577,1816,1,439,6.71186351776123,167.286666870117,22.625617980957,9.32737922668457
85.5367765641086,22.0536028123381,5578,1816,1,429,19.5108089447021,267.347198486328,13.1727027893066,25.4165306091309
85.5385311594549,22.05276986233,5579,1816,1,416,5.80981254577637,165.25390625,19.9027519226074,8
85.5375280475267,22.0548053244521,5580,1816,1,425,18.3053283691406,352.502807617188,8.97672080993652,24.5764122009277
85.5373527611034,22.052725312918,5581,1816,1,420,8.90866279602051,186.32389831543,17.2713775634766,11.6619033813477
85.411636613644,22.0517748048088,5582,1817,1,550,15.8132963180542,301.408447265625,8.54278469085693,20.1494407653809
85.4178255805217,22.051425846265,5583,1818,1,583,15.6370315551758,287.034881591797,20.5425186157227,28.7923603057861
85.4186773662294,22.0521950251428,5584,1818,1,593,16.4529438018799,1.67513990402222,8.88865280151367,21.8174247741699
85.4180093507592,22.0525052009803,5585,1818,1,578,16.6169986724854,321.542236328125,16.9261093139648,22.8035087585449
85.4181349043978,22.0517763384263,5586,1818,1,598,18.7662143707275,291.966796875,25.647533416748,31.8119468688965
85.5217362680406,22.0529048299506,5587,1819,1,439,15.9353160858154,138.303817749023,19.7369747161865,28.7923603057861
85.5210193510615,22.0522782888482,5588,1819,1,430,15.7829179763794,117.656509399414,14.7669534683228,21.7485637664795
85.5215517696391,22.0522921394903,5589,1819,1,422,7.19226694107056,128.119216918945,19.8802185058594,9.74679470062256
85.4261355122436,22.0511514420505,5590,1820,0,669,18.0276489257812,169.299133300781,11.9812469482422,26.4952831268311
85.5498580270707,22.0525326314055,5591,1821,1,432,15.0986232757568,114.223899841309,8.16401290893555,19.2093734741211
85.5448715851059,22.0524263842712,5592,1822,1,437,15.6741724014282,90.8371887207031,7.98391532897949,20.1494407653809
85.5445818165747,22.054325377767,5593,1822,1,415,16.164909362793,33.4345207214355,14.2726173400879,22.3830299377441
85.5452392802002,22.0535395865313,5594,1822,1,419,15.9574565887451,75.0432891845703,15.6524753570557,20
85.545179813297,22.052986323815,5595,1822,1,428,15.8877048492432,63.4779167175293,15.878363609314,21.6564083099365
85.5448481145474,22.051971028401,5596,1822,1,436,13.128623008728,87.9852294921875,9.85224628448486,17.0293865203857
85.5450253641065,22.0540514431353,5597,1822,1,419,17.2199192047119,47.5730972290039,14.7247247695923,23.7697277069092
85.541725810569,22.0529649357651,5598,1823,1,427,16.3580436706543,270,8.64079284667969,21.6564083099365
85.5417312212309,22.0520336737865,5599,1823,1,433,15.4052257537842,283.772644042969,12.2129249572754,21.1660099029541
85.5419269566201,22.0525354571676,5600,1823,1,433,18.7355175018311,276.942901611328,12.2129249572754,26.4575138092041
85.5208805171043,22.0518309385915,5601,1824,1,423,10.6299266815186,163.9794921875,17.1904640197754,15.033296585083
85.4283022936996,22.0511302362175,5602,1825,1,642,15.9931287765503,131.148376464844,4.74359512329102,20.7123146057129
85.4281378596118,22.0506298970273,5603,1825,1,630,14.3525152206421,138.858993530273,7.52488994598389,18.7349948883057
85.4366263484912,22.0531764463997,5604,1826,0,556,8.11020278930664,91.6486740112305,24.6219253540039,14.5945196151733
85.4362454800253,22.0518750269088,5605,1826,0,564,12.2918128967285,54.3154640197754,13.7930469512939,21.023796081543
85.4367390049273,22.0515041233509,5606,1826,0,568,9.01101970672607,63.9272041320801,16.7403621673584,17.2336883544922
85.4365399345816,22.0510031200683,5607,1826,0,564,11.0138139724731,86.3767547607422,16.4772891998291,19.2093734741211
85.4362191805526,22.0535432901375,5608,1826,0,557,17.6218757629395,129.232330322266,21.0390281677246,31.7017345428467
85.4364981376359,22.0526838782385,5609,1826,0,557,7.58098840713501,54.175594329834,16.8285484313965,11.9163751602173
85.4209561880236,22.0503663538783,5610,1827,0,555,12.5200729370117,215.671997070312,11.9607219696045,21.470911026001
85.4374886515078,22.0505945532115,5611,1828,0,542,14.6810922622681,76.4239959716797,17.4257698059082,18.9472961425781
85.4351066238673,22.0515885002328,5612,1829,0,592,7.11677694320679,223.744537353516,16.7790565490723,14
85.4352591123886,22.0511580120212,5613,1829,0,591,14.0326375961304,248.845169067383,23.9065551757812,20.4939022064209
85.4356582900347,22.0503141947497,5614,1829,0,602,2.72853422164917,265.064849853516,31.3906440734863,26.1916007995605
85.4355068452508,22.0541707091681,5615,1829,0,602,14.7531623840332,89.1079177856445,23.7690773010254,23.1516742706299
85.4348852656328,22.0535564746102,5616,1829,0,603,12.8748798370361,285.608337402344,29.6278533935547,18.9736652374268
85.434813738835,22.0530295683378,5617,1829,0,605,12.4338493347168,266.802062988281,31.4486808776855,18.6010761260986
85.4351784284631,22.0526708962416,5618,1829,0,603,6.9906063079834,122.342803955078,14.2546043395996,13.076696395874
85.4353270918413,22.0522095141988,5619,1829,0,603,8.19895553588867,106.532035827637,13.8676910400391,16.4924221038818
85.4358959777182,22.051051806079,5620,1829,0,591,12.6778736114502,55.5981864929199,17.7328643798828,16.7928562164307
85.5525984664755,22.0522872478376,5621,1830,1,436,23.2343482971191,287.220520019531,13.672887802124,31.0805397033691
85.5534545927958,22.052646966237,5622,1830,1,449,11.6637773513794,13.2976903915405,22.4429244995117,16.5529460906982
85.5527639052238,22.0532994568978,5623,1830,1,425,12.3869791030884,297.819854736328,11.4853410720825,19.1311264038086
85.5526721075656,22.0528352419811,5624,1830,1,440,23.2111682891846,319.89404296875,15.350399017334,36.1109390258789
85.5542709877421,22.0525858748884,5625,1830,1,438,13.12096118927,49.3980255126953,10.0483875274658,16.6733322143555
85.5528872644905,22.0518894356631,5626,1830,1,453,15.5012283325195,275.088562011719,26.0805397033691,25.278450012207
85.5524372676121,22.0514679669523,5627,1830,1,441,15.4689445495605,266.602661132812,10.8117618560791,20.2484569549561
85.4220474348464,22.0501905749246,5628,1831,0,573,13.0585870742798,317.936340332031,14.4630928039551,30.4630928039551
85.4216558936186,22.0504870818565,5629,1831,0,575,10.4533376693726,220.926223754883,14.4630928039551,16
85.5420485253407,22.0515382910278,5630,1832,1,442,15.6458721160889,292.371734619141,7.09491062164307,20.2977828979492
85.5419967012138,22.0510678028957,5631,1832,1,451,15.9982089996338,295.403747558594,11.9082183837891,20.7846088409424
85.4090488795079,22.0501327614781,5632,1833,1,536,15.2426443099976,147.412780761719,14.611795425415,22.2036037445068
85.4083936838107,22.0501668493275,5633,1833,1,541,16.6768531799316,177.522552490234,14.8574542999268,24.5356884002686
85.4085033513602,22.0496582753185,5634,1833,1,523,2.05655097961426,143.056304931641,23.0123023986816,7.28010988235474
85.4079512217436,22.0499453308191,5635,1833,1,530,11.6637773513794,166.70231628418,17.46462059021,19.0525588989258
85.4122379210138,22.0501331983339,5636,1834,1,547,17.2282791137695,197.832733154297,10.8625211715698,23.4520778656006
85.4116412167361,22.0496983971257,5637,1834,1,524,7.32032632827759,237.142227172852,18.190055847168,11.4455232620239
85.4115368429522,22.0502713133295,5638,1834,1,546,15.6345834732056,220.376342773438,10.9332323074341,20.2731342315674
85.4148182425949,22.0498486185465,5639,1835,1,534,22.4597015380859,157.27294921875,15.2976741790771,30.789608001709
85.4149548825478,22.0504439985438,5640,1835,1,552,19.6354598999023,135.435974121094,12.3502235412598,27.0185127258301
85.4140810631463,22.0499166930227,5641,1835,1,543,17.5817413330078,156.731079101562,13.3661079406738,24.7386341094971
85.414373214165,22.0494650199216,5642,1835,1,529,17.5433654785156,141.090835571289,17.2249488830566,23.6008472442627
85.4154346381985,22.0507620760569,5643,1835,1,551,18.5440940856934,129.460723876953,13.602105140686,23.6643199920654
85.43619644747,22.050043838923,5644,1836,0,596,9.10160827636719,70.5674667358398,20.7093658447266,23.1084403991699
85.4509059986756,22.0499653042687,5645,1837,1,465,19.205738067627,156.639221191406,30.8372535705566,29.1719036102295
85.4503397535141,22.0502105561029,5646,1837,1,486,22.343822479248,189.063354492188,21.161808013916,34.423828125
85.4513258793851,22.0504676182319,5647,1837,1,475,20.6805992126465,108.359359741211,19.7373790740967,26.9443874359131
85.4498247869182,22.0498004916611,5648,1837,1,460,6.26025533676147,193.655899047852,19.3324909210205,11.7473402023315
85.4509553273833,22.0508567606639,5649,1837,1,491,17.0745887756348,86.1732177734375,10.0185127258301,26.4575138092041
85.5639028016889,22.0511639545691,5650,1838,1,418,15.519458770752,66.5069580078125,17.6363563537598,20.688159942627
85.5631792846889,22.0517976200711,5651,1838,1,421,15.8750429153442,339.567810058594,16.0901184082031,21.7944946289062
85.5636502303668,22.0515987917953,5652,1838,1,426,20.1842594146729,66.3281707763672,13.4044322967529,27.5862293243408
85.5637721918585,22.050577790497,5653,1838,1,426,15.0560741424561,111.456466674805,20.1439743041992,19.4935894012451
85.4170543486769,22.0507209465154,5654,1839,1,568,16.4713935852051,282.005035400391,6.96537208557129,21.4476108551025
85.4164905035964,22.0504350682592,5655,1839,1,555,18.9059009552002,286.696411132812,11.0659999847412,24.5967483520508
85.4162439207056,22.0499380348337,5656,1839,1,541,17.763650894165,274.403839111328,15.0579881668091,28.248893737793
85.4175301338485,22.0505337877223,5657,1839,1,585,12.8748798370361,254.391677856445,16.4014225006104,17.5783958435059
85.4165082949905,22.0492164458736,5658,1839,1,553,15.221923828125,246.936386108398,14.1428861618042,20.0997505187988
85.4169548766706,22.0511844945919,5659,1839,1,571,16.6508769989014,258.935272216797,6.51921463012695,22.2934970855713
85.429695873319,22.0493397643038,5660,1840,1,606,16.442943572998,158.552947998047,12.6138076782227,21.8403301239014
85.4303455844484,22.0494421535846,5661,1840,1,610,15.3020992279053,225.228820800781,15.4074211120605,20.5182838439941
85.4300162567224,22.0498096304831,5662,1840,1,613,21.3766098022461,174.304107666016,8.90946388244629,29.3768615722656
85.4293217316999,22.0497448501787,5663,1840,1,617,15.6913747787476,172.939239501953,10.7344131469727,21.4242858886719
85.4308287845545,22.0497736076311,5664,1840,1,621,15.3090515136719,199.338012695312,14.7478857040405,21.2837963104248
85.4378262303876,22.0496685545087,5665,1841,0,566,13.9125480651855,83.3467559814453,16.7874755859375,20.1990089416504
85.5633755384071,22.0504577615759,5666,1842,1,429,17.6094226837158,169.024276733398,13.9852390289307,28.6879768371582
85.5630330985496,22.0500794905806,5667,1842,1,412,15.7602376937866,193.262878417969,25.7032070159912,25.2586612701416
85.5627793220983,22.0505568367865,5668,1842,1,422,16.5076885223389,204.067977905273,14.7479257583618,24.8193473815918
85.4234091667979,22.049062593286,5669,1843,0,609,13.8845682144165,146.027709960938,28.0786170959473,22.4944438934326
85.4221350599069,22.0486460874369,5670,1843,0,583,14.006139755249,211.274337768555,15.4110736846924,19.6723155975342
85.4225744662778,22.0497387840992,5671,1843,0,602,14.7683372497559,280.756072998047,11.826343536377,19.0525588989258
85.4228119155834,22.0491136892541,5672,1843,0,610,8.03739452362061,251.374313354492,12.5987787246704,13.5277490615845
85.4240498184625,22.0495820417532,5673,1843,0,610,13.8014583587646,129.362289428711,27.6224918365479,20.1990089416504
85.4219185454994,22.0490648634186,5674,1843,0,593,5.45920658111572,244.596267700195,12.9885349273682,9.32737922668457
85.4256721199857,22.0497884517196,5675,1843,0,605,10.8296957015991,217.534149169922,27.1787853240967,17.2046508789062
85.4248078592242,22.0497136183401,5676,1843,0,609,11.9463729858398,158.455520629883,25.0998249053955,23.7276210784912
85.4219520922057,22.0495285265852,5677,1843,0,591,4.96593475341797,289.286834716797,12.9885349273682,9.69536018371582
85.4230925696611,22.0497048131587,5678,1843,0,613,4.35693264007568,254.391677856445,15.0122594833374,8.5440034866333
85.4212524105278,22.0485508880742,5679,1844,0,570,14.8015556335449,231.637512207031,28.4291076660156,19.9749851226807
85.4210806013257,22.0489832733727,5680,1844,0,572,18.0044441223145,275.066070556641,25.4969940185547,24.0624179840088
85.4312856233646,22.0489307699019,5681,1845,1,612,16.6923236846924,241.410308837891,7.61582183837891,21.2367610931396
85.5554634829266,22.0513317801682,5682,1846,1,440,17.1196708679199,65.6296768188477,10.7292671203613,22.6053085327148
85.5542900661756,22.0498744505794,5683,1846,1,451,15.6345834732056,139.623657226562,14.1032238006592,20.3469905853271
85.5557304397242,22.0502619436399,5684,1846,1,442,17.2959461212158,119.154373168945,9.19623470306396,23
85.5549546819691,22.0501083823573,5685,1846,1,447,16.8267250061035,164.265319824219,6.86321640014648,22.9346904754639
85.5555051152831,22.0508343534908,5686,1846,1,447,19.3314113616943,85.3074493408203,8.76956748962402,25.6515102386475
85.4830342875855,22.0499509225868,5687,1847,1,448,26.2134056091309,271.908813476562,24.1711082458496,36.6060104370117
85.4832203600315,22.0489941120614,5688,1847,1,446,18.7208557128906,223.456970214844,23.5047912597656,26.3818111419678
85.4832656945917,22.050517205853,5689,1847,1,453,17.7113151550293,307.112762451172,18.216552734375,23.7697277069092
85.4828720134601,22.0494810336749,5690,1847,1,444,27.7003116607666,254.13818359375,29.3566627502441,39.7366333007812
85.4836503563522,22.0494137928214,5691,1847,1,464,15.1355638504028,144.935745239258,8.09365653991699,20.8806133270264
85.4387768459768,22.0486060125379,5692,1848,0,515,15.60400390625,81.5583038330078,9.43167686462402,21.2837963104248
85.415384742073,22.0484884941913,5693,1849,1,527,19.5408058166504,283.35791015625,16.6534042358398,26.8514423370361
85.4155539692975,22.0495911744094,5694,1849,1,534,15.2220001220703,280.416839599609,7.97914409637451,20.3715496063232
85.4152320324542,22.0491848856656,5695,1849,1,525,15.0093240737915,273.506652832031,19.2533054351807,21.7255611419678
85.4149196866429,22.048092927946,5696,1849,1,523,15.3509254455566,291.923309326172,14.3614463806152,19.7737197875977
85.4157112061107,22.049056125746,5697,1849,1,538,18.4177780151367,273.529357910156,16.7963581085205,25.2388591766357
85.4371419784063,22.0482149425799,5698,1850,0,597,11.3141193389893,97.0624313354492,35.0585327148438,20.9761772155762
85.4365640095315,22.0495919897642,5699,1850,0,603,7.61692953109741,11.1668348312378,36.052619934082,15.4272489547729
85.4368771352772,22.0486681552665,5700,1850,0,603,5.09678840637207,137.348175048828,26.5086536407471,19.4679222106934
85.4368838921654,22.0491959016547,5701,1850,0,603,13.448844909668,83.1071090698242,29.7458457946777,27.2396774291992
85.3900195337341,22.0473923601117,5702,1851,0,549,11.8472127914429,81.0044403076172,,11.5325622558594
85.3899972489821,22.0479021948947,5703,1851,0,544,10.7306880950928,30.0730304718018,,12.806248664856
85.3904761941347,22.0478313575694,5704,1851,0,543,12.2029829025269,77.963249206543,15.6875896453857,17.5214157104492
85.425850274784,22.0479261991541,5705,1852,1,597,19.4963130950928,271.327117919922,13.0335445404053,25.7875938415527
85.4254083342528,22.0475565712813,5706,1852,1,592,16.4884204864502,288.577178955078,16.9587135314941,25
85.4254310258933,22.0483826258956,5707,1852,1,583,20.9096698760986,276.160369873047,15.8473749160767,26.608268737793
85.4257808215762,22.0487027603577,5708,1852,1,591,17.627311706543,290.388732910156,12.2875928878784,23.2378997802734
85.4175616757276,22.0486160176937,5709,1853,1,541,16.5633354187012,134.671493530273,10.8708057403564,21.3541564941406
85.4180429140593,22.0487950369484,5710,1853,1,533,17.9917964935303,145.143524169922,8.70571708679199,24.7991943359375
85.4163647666175,22.0474940738945,5711,1853,1,517,19.5172176361084,169.47492980957,15.3166608810425,28.3196048736572
85.4153927185521,22.0475106059517,5712,1853,1,518,18.3724346160889,179.255325317383,16.4425601959229,28.213472366333
85.4172574287328,22.0474128457268,5713,1853,1,511,16.5523204803467,173.327865600586,18.5482006072998,23.9374179840088
85.418797739762,22.0488901677817,5714,1853,1,527,15.1302089691162,155.476486206055,6.25876998901367,20.3960781097412
85.4174726855573,22.0478865889649,5715,1853,1,527,14.5112047195435,145.457153320312,10.0144309997559,19.4164886474609
85.4241115036177,22.0480771066075,5716,1854,0,553,10.328574180603,188.169921875,20.6009140014648,19.078784942627
85.4238653375657,22.0476083447042,5717,1854,0,541,11.9601058959961,249.611282348633,15.522668838501,26.7581768035889
85.4130218505754,22.0474634831599,5718,1855,1,526,15.4418287277222,18.2115325927734,11.2069311141968,21.9772605895996
85.4132905942598,22.0472612271415,5719,1856,1,526,13.3556146621704,14.7460861206055,12.2304658889771,17.7482395172119
85.4137466623519,22.0471013051583,5720,1856,1,529,15.3273506164551,26.1656303405762,7.01239109039307,20.6397666931152
85.4911715859992,22.048313097873,5721,1857,1,456,14.7985134124756,113.79711151123,13.985200881958,19.4422225952148
85.4910735365708,22.0476300730455,5722,1857,1,453,15.2818193435669,124.764762878418,12.6524276733398,27.9821376800537
85.3899654779284,22.0466511501601,5723,1858,0,547,13.8570070266724,101.504539489746,,14.3874950408936
85.422421786036,22.0468553765246,5724,1859,1,531,10.3422431945801,199.338012695312,5.70822715759277,17.2046508789062
85.4223883179607,22.0463932530132,5725,1859,1,515,4.42543601989746,313.526062011719,7.31038570404053,21.023796081543
85.4276573571387,22.0467457107234,5726,1860,0,574,14.805814743042,167.743026733398,6.48575401306152,20.44504737854
85.4903082458782,22.0474404679023,5727,1861,1,462,12.935640335083,153.190078735352,14.1484489440918,20.3469905853271
85.5405009493998,22.0472714945032,5728,1862,1,442,12.1175584793091,260.103851318359,8.45078182220459,15.8113880157471
85.5398975542291,22.0486841109243,5729,1862,1,437,15.7503099441528,275.840423583984,11.0583572387695,20.4939022064209
85.5413626207822,22.0504523250211,5730,1862,1,431,20.4374713897705,285.965454101562,23.7803745269775,31.6543827056885
85.5408127375842,22.0495004262601,5731,1862,1,441,20.6901912689209,329.048553466797,18.2408351898193,28.7576084136963
85.5401685662179,22.0491670078437,5732,1862,1,434,20.5765724182129,312.618621826172,19.9529609680176,28.5657138824463
85.5415658385233,22.0497133884176,5733,1862,1,459,16.2976188659668,295.766632080078,24.0576133728027,25.4165306091309
85.5416736327187,22.0508429470094,5734,1862,1,446,15.4840288162231,288.107269287109,16.8219871520996,27.495454788208
85.5410106761354,22.0476566472471,5735,1862,1,466,15.0037641525269,220.105972290039,22.4941387176514,27.1845550537109
85.5403894968965,22.0487498233364,5736,1862,1,455,21.2858467102051,297.582855224609,15.6583461761475,30.4959011077881
85.5021110061559,22.0485038801932,5737,1863,1,440,15.8132963180542,58.5915565490723,21.6342849731445,22.6495037078857
85.5020839986942,22.0474750386618,5738,1863,1,450,17.9101142883301,98.7562484741211,11.7049283981323,24.7386341094971
85.5016179127582,22.0481987812885,5739,1863,1,457,15.6188821792603,45.2553405761719,19.1926021575928,27.3861274719238
85.5021378139494,22.0480432000123,5740,1863,1,448,21.3790664672852,67.8502426147461,20.4718799591064,29.1376037597656
85.502002707579,22.0469477283985,5741,1863,1,450,13.5096406936646,98.8346099853516,10.0117893218994,17.9443588256836
85.4151520662977,22.0463719927322,5742,1864,1,521,15.7503099441528,84.1595611572266,5.71183967590332,20
85.4150898900065,22.0470729213004,5743,1864,1,519,10.5174341201782,88.7345962524414,18.6740798950195,15.1327457427979
85.3907242443691,22.0477176347976,5744,1865,1,536,17.7363586425781,87.0608901977539,10.5855236053467,24.2899150848389
85.3907555182684,22.0486970082689,5745,1865,1,512,14.8852672576904,16.9961700439453,18.0004653930664,20.688159942627
85.3899621122198,22.0482656269565,5746,1865,1,536,16.2660942077637,6.79686641693115,,17.6351928710938
85.390617541758,22.0470223478102,5747,1865,1,528,18.183385848999,92.8618927001953,10.198166847229,24.3310508728027
85.390567228532,22.0460979262128,5748,1865,1,524,12.8055830001831,116.804206848145,14.3484058380127,17.5214157104492
85.3906700048146,22.048169614004,5749,1865,1,530,17.149112701416,54.2249641418457,10.2183952331543,24.0831890106201
85.3899913719893,22.0471178058181,5750,1865,1,551,15.6260232925415,98.9955520629883,,17.0293865203857
85.390588475777,22.0465498067382,5751,1865,1,528,17.5577449798584,95.2041168212891,10.7620506286621,22.8035087585449
85.3953040782673,22.0463922252643,5752,1866,1,534,15.8812351226807,353.903472900391,7.09795188903809,21.4009342193604
85.395857860303,22.0462508053442,5753,1866,1,548,16.015022277832,334.143707275391,10.7509288787842,21.2367610931396
85.396912153195,22.0467936654424,5754,1866,1,544,15.3762311935425,357.300994873047,6.23954582214355,22.4053573608398
85.3965525530943,22.047119831237,5755,1866,1,522,11.1007566452026,317.000518798828,14.8506202697754,18.3575592041016
85.3964082364071,22.0463233248295,5756,1866,1,542,17.1936702728271,332.590850830078,7.09447860717773,23
85.3959347262091,22.0469138051391,5757,1866,1,522,14.03551197052,334.426330566406,14.7928876876831,19.1049728393555
85.5574123377242,22.0476514641734,5758,1867,1,455,13.009973526001,6.43587732315063,14.5126352310181,21.1660099029541
85.5557659411673,22.0472222486303,5759,1867,1,449,17.5016460418701,18.351224899292,18.7771949768066,24.2487106323242
85.5581176641619,22.0472658327319,5760,1867,1,442,20.5416278839111,70.8377304077148,11.7541313171387,28.3372554779053
85.5545043658684,22.0477318924825,5761,1867,1,453,16.3099308013916,26.2667713165283,7.01211166381836,21.5406589508057
85.5567564455047,22.0477305516581,5762,1867,1,452,16.9554767608643,342.703521728516,15.7864427566528,23.8956069946289
85.5564560704889,22.0481458308487,5763,1867,1,431,12.0647449493408,329.676635742188,13.2934970855713,16.6132469177246
85.5564691543912,22.0472118061243,5764,1867,1,458,15.5357761383057,332.237213134766,25.0882987976074,25.3968505859375
85.5572379454468,22.0484119288625,5765,1867,1,427,5.52539682388306,12.891471862793,12.8013544082642,10.5830049514771
85.5549763266542,22.0475840495168,5766,1867,1,449,15.0557641983032,37.5735626220703,5.67989730834961,20.2977828979492
85.4304012716921,22.0460781252798,5767,1868,1,554,16.1135749816895,204.731216430664,7.08197212219238,22.6274166107178
85.4308365426618,22.0457386245023,5768,1868,1,540,13.0916767120361,219.129837036133,9.99499893188477,17.4355964660645
85.4298426710895,22.0460294480721,5769,1868,1,537,13.7133541107178,220.88117980957,6.02036190032959,18.3847770690918
85.4399728797192,22.0460904654751,5770,1869,0,529,14.9581880569458,75.7865905761719,34.7678451538086,29.0344619750977
85.4403897922489,22.0457970617042,5771,1869,0,533,15.8008251190186,82.5077514648438,12.6078472137451,31.1608734130859
85.440436506047,22.0462610897163,5772,1869,0,529,14.2350854873657,80.6995849609375,12.8564128875732,26.907247543335
85.4373413198945,22.0456492863888,5773,1870,0,513,14.6269521713257,247.850250244141,14.2939758300781,40.6816902160645
85.4897466208102,22.0460757313992,5774,1871,1,456,15.0427894592285,95.2518081665039,4.95232772827148,20.9523277282715
85.4388261316967,22.0464608785745,5775,1872,0,580,9.96098232269287,348.660461425781,22.3900375366211,21.3775577545166
85.4379755841005,22.0471909968938,5776,1872,0,575,3.00199842453003,261.004455566406,24.1242084503174,21.3541564941406
85.4391529739618,22.045296123483,5777,1872,0,570,10.2717113494873,185.467178344727,26.4728755950928,17.0587215423584
85.4392688279789,22.0457536951455,5778,1872,0,578,10.7860670089722,165.567764282227,35.6100540161133,19.5959186553955
85.438762287836,22.0470126430988,5779,1872,0,566,16.869255065918,44.2266311645508,25.26344871521,23.2378997802734
85.4382685693501,22.0467641884053,5780,1872,0,573,0.746818602085114,340.661987304688,15.0716114044189,13.9283885955811
85.4282164653887,22.0461860601943,5781,1873,1,555,16.768404006958,168.430541992188,5.33884620666504,22.0227146148682
85.4290619655742,22.0474452859964,5782,1873,1,581,12.5618162155151,111.591796875,14.9684867858887,16.8819427490234
85.4289003996959,22.0465836632854,5783,1873,1,567,22.1183757781982,147.925506591797,10.2648220062256,30.675724029541
85.4295777129748,22.0471172060986,5784,1873,1,562,15.0270137786865,161.241516113281,8.47658157348633,19.8494338989258
85.4287173055825,22.0460427352451,5785,1873,1,548,20.5876636505127,140.800521850586,10.2172031402588,27.7848873138428
85.4288400348745,22.0454707829404,5786,1873,1,524,15.9982089996338,115.403739929199,11.1753702163696,22.0680770874023
85.4296122381901,22.0466330925894,5787,1873,1,554,16.1226959228516,173.139022827148,8.47658157348633,21.8632106781006
85.4282736397102,22.0469406186784,5788,1873,1,582,13.2593288421631,172.632888793945,7.62433242797852,18.3847770690918
85.4152287806328,22.0452726294966,5789,1874,1,518,17.5022964477539,92.2353515625,5.9119930267334,22.2485961914062
85.4154787898745,22.0447160149497,5790,1874,1,519,15.4886951446533,101.089202880859,11.770281791687,23.259407043457
85.4152985785989,22.0459230632451,5791,1874,1,516,15.4109964370728,80.5835876464844,7.84388446807861,19.7737197875977
85.5416825241019,22.0460265438185,5792,1875,1,448,19.4837703704834,254.542129516602,14.3168296813965,27.1477432250977
85.5414072988498,22.0454457873975,5793,1875,1,427,15.6615419387817,236.241287231445,18.1661548614502,22.4499435424805
85.5413089585256,22.0471073308755,5794,1875,1,458,17.239387512207,246.648178100586,15.2400178909302,23.5159511566162
85.5416547638415,22.0466944885235,5795,1875,1,453,19.7658023834229,239.866912841797,16.3004302978516,26.68332862854
85.5412261455205,22.0461821558243,5796,1875,1,434,18.416524887085,256.470489501953,15.1566314697266,25.4754791259766
85.4272593612003,22.0467146455364,5797,1876,1,581,15.754919052124,150.685607910156,5.5923023223877,21
85.4246949439138,22.0476365236295,5798,1876,1,564,19.0100860595703,301.57470703125,10.2395267486572,27.6767044067383
85.4268170667576,22.046423713086,5799,1876,1,578,15.0303010940552,164.14045715332,4.41589546203613,21.023796081543
85.4237636687955,22.0466502052679,5800,1876,1,551,25.1594429016113,277.019287109375,20.282751083374,34.7419052124023
85.4235261472587,22.0452190356022,5801,1876,1,517,16.7767105102539,213.945068359375,10.5371189117432,25.3771553039551
85.4227183843576,22.044986665924,5802,1876,1,512,20.4915351867676,176.68928527832,12.6929397583008,30.0998344421387
85.4256603262708,22.0457970871371,5803,1876,1,562,16.0748920440674,174.843490600586,4.45517921447754,21.4476108551025
85.424238077422,22.0455334157936,5804,1876,1,548,18.9519214630127,209.356262207031,8.13818359375,26.2106857299805
85.4274425696018,22.0471900016965,5805,1876,1,597,13.367359161377,158.697525024414,9.92459678649902,22.3159141540527
85.4262262050203,22.0461298804294,5806,1876,1,571,17.1066074371338,177.588531494141,4.92445755004883,23.2378997802734
85.4293972708271,22.0448431442808,5807,1877,1,513,15.0270137786865,198.758483886719,10.1132411956787,20.2977828979492
85.430433173376,22.0444648540624,5808,1877,1,512,19.6942043304443,212.046615600586,14.8859672546387,26.5329990386963
85.4309325271932,22.0446500238827,5809,1877,1,518,15.3273506164551,206.165634155273,11.364483833313,21.6101837158203
85.4298928836537,22.04471357485,5810,1877,1,518,18.7242450714111,187.316329956055,20.5549926757812,26.9258232116699
85.4325705074072,22.0448104223931,5811,1878,1,539,17.2202053070068,187.20051574707,16.2577171325684,25.0199928283691
85.4317954066178,22.0446252419833,5812,1878,1,520,18.0497303009033,199.338012695312,19.6217079162598,29.068883895874
85.4313080432547,22.0448843292659,5813,1878,1,530,15.2073221206665,185.467178344727,7.14348411560059,21.1660099029541
85.4322832625026,22.0444274400227,5814,1878,1,523,17.5016460418701,198.351226806641,19.1032562255859,28.4077453613281
85.5583719059192,22.0458920474352,5815,1879,1,443,15.6741933822632,100.098114013672,5.43171405792236,20.2731342315674
85.4266322684157,22.04445019128,5816,1880,1,528,18.1163501739502,192.186614990234,12.8151550292969,24.839485168457
85.4258829224026,22.0444362060042,5817,1880,1,523,17.1319332122803,184.014892578125,15.191704750061,25.6320114135742
85.4250425466479,22.0443727297955,5818,1880,1,524,15.4050712585449,184.492431640625,11.9601211547852,21.2602920532227
85.5458172242956,22.0456117041319,5819,1881,1,461,16.2429656982422,44.1348075866699,8.86446475982666,21.7485637664795
85.4187176756921,22.049839345761,5820,1882,1,548,26.473503112793,164.413436889648,26.8353061676025,42.4499702453613
85.4242310835544,22.0500329625641,5821,1882,1,614,26.1375331878662,165.741317749023,22.7893600463867,39.4968338012695
85.4233596415867,22.0476597062484,5822,1882,1,555,26.395544052124,155.32536315918,15.5383968353271,37.2021522521973
85.4222856624151,22.0551175192335,5823,1882,1,655,21.4899120330811,311.795349121094,5.40073776245117,28.65309715271
85.4215781313324,22.0557415432043,5824,1882,1,618,24.879035949707,316.465606689453,10.1494293212891,33.823070526123
85.4301336208173,22.0516230188121,5825,1882,1,639,16.9564476013184,37.4993743896484,14.5552520751953,23.4093990325928
85.4255354735881,22.0560365172721,5826,1882,1,705,19.8600120544434,357.260162353516,7.50458908081055,28.3372554779053
85.4326606457731,22.0489969688703,5827,1882,1,592,22.8639869689941,74.2023086547852,11.4044551849365,30.3315010070801
85.4311829872168,22.0518581221869,5828,1882,1,607,20.0535564422607,27.4630107879639,9.45427894592285,28.0178508758545
85.4256855651112,22.057475938671,5829,1882,1,663,20.46142578125,0.662851214408875,14.9488391876221,27.6043472290039
85.4598595885099,22.044495064699,5830,1883,1,474,16.8199214935303,341.691314697266,11.7852354049683,25.2388591766357
85.4592625296382,22.0445530779738,5831,1883,1,465,15.8116245269775,2.62087512016296,7.14671421051025,21.3541564941406
85.458716646765,22.0446056360558,5832,1883,1,465,15.1631021499634,342.384460449219,7.34852123260498,22.1133441925049
85.460088267945,22.0449041328054,5833,1883,1,461,15.1806592941284,345.25390625,15.1889839172363,21.9089031219482
85.4724033587086,22.0445903184323,5834,1884,1,454,15.8718719482422,345.043609619141,11.9761400222778,22.6936111450195
85.4729393675534,22.0446901024716,5835,1884,1,454,17.884557723999,7.6871542930603,11.3719758987427,24.2280826568604
85.4990274997119,22.0448044689373,5836,1885,1,450,15.1355638504028,324.935729980469,9.0499382019043,20.0499382019043
85.4403520076117,22.0451067840593,5837,1886,1,531,15.9203977584839,107.568305969238,9.03703689575195,28.3901386260986
85.4407284837841,22.0498002622115,5838,1886,1,501,21.3819179534912,169.840240478516,13.9485597610474,29.6647930145264
85.4299507810121,22.0715926243005,5839,1886,1,586,34.2817993164062,9.47591304779053,40.3946685791016,53.4883155822754
85.4388024763413,22.0491976082581,5840,1886,1,518,25.0389022827148,121.776321411133,10.8150825500488,33.5708198547363
85.4377810215224,22.0450994582131,5841,1886,1,506,29.5291385650635,238.591567993164,16.2183990478516,40.9267654418945
85.4318095843888,22.0698661645063,5842,1886,1,608,25.5451431274414,71.4945068359375,10.6789646148682,34.9141807556152
85.4362687347357,22.0540085171469,5843,1886,1,575,16.8168125152588,121.02938079834,9.38027191162109,33.7638854980469
85.4295213068076,22.0713686875044,5844,1886,1,585,23.7933444976807,345.25390625,29.2354965209961,35.9444007873535
85.4354847040996,22.0571771562967,5845,1886,1,592,15.3696298599243,142.234451293945,14.0682916641235,20.6639785766602
85.4347814074429,22.0691643022109,5846,1886,1,574,15.3361530303955,166.344100952148,25.0687561035156,21.4941844940186
85.3974064191284,22.0440770396162,5847,1887,1,563,16.2822704315186,340.129333496094,7.42094421386719,21.7255611419678
85.3966967432216,22.0434010567059,5848,1887,1,576,15.0037641525269,319.89404296875,14.1033306121826,19.6977157592773
85.3969074711511,22.0443094204308,5849,1887,1,558,17.4377861022949,326.654571533203,11.852388381958,23.0867919921875
85.3964812064808,22.0438552172002,5850,1887,1,557,17.1943702697754,327.989990234375,13.9501075744629,25.6124973297119
85.4350743346965,22.0438574334643,5851,1888,1,492,15.9265842437744,93.2946243286133,8.82422161102295,21
85.558015611945,22.0448616344782,5852,1889,1,437,16.4294147491455,121.894096374512,7.75109481811523,21.4009342193604
85.5580965420794,22.0454344545119,5853,1889,1,442,15.1663017272949,127.229881286621,8.68733596801758,19.2873020172119
85.4145889131471,22.0438633959614,5854,1890,1,530,15.1492929458618,98.7098999023438,7.49857330322266,19.2093734741211
85.4141150002687,22.0440178121035,5855,1890,1,539,15.9015922546387,90,4.62339210510254,20.0748596191406
85.4141733854076,22.0433140778806,5856,1890,1,535,16.4123115539551,94.7906799316406,5.01091194152832,20.9761772155762
85.5576433930053,22.0445257380524,5857,1891,1,441,16.2624797821045,133.526062011719,8.95156097412109,21.6794834136963
85.4397270464088,22.0433432647217,5858,1892,1,470,17.9482975006104,179.236480712891,10.5127105712891,25.1197128295898
85.4409509900574,22.0432486668148,5859,1892,1,462,15.7546186447144,171.198974609375,18.2060031890869,23.259407043457
85.4404650164075,22.0433465970784,5860,1892,1,463,20.8188228607178,168.873046875,15.1333827972412,30.4630928039551
85.4391850724964,22.0433741153884,5861,1892,1,479,10.3422431945801,199.338012695312,11.6916580200195,19.6214160919189
85.557424509299,22.0444860109296,5862,1893,1,446,12.5402765274048,157.162673950195,11.3838529586792,19.5192203521729
85.5569232919908,22.0443475271592,5863,1893,1,438,15.2073221206665,174.532821655273,7.78949642181396,20.1742401123047
85.3923751593895,22.0424690770779,5864,1894,1,543,19.5563278198242,6.97947835922241,21.9195442199707,30.5450477600098
85.3941411092493,22.0434758184456,5865,1894,1,538,16.5738067626953,279.515289306641,5.90225219726562,20.9523277282715
85.3931036790384,22.0425595205412,5866,1894,1,544,16.2721652984619,4.24028587341309,18.313362121582,23.4307498931885
85.394756997775,22.0427957191269,5867,1894,1,561,20.466646194458,293.982238769531,7.43451499938965,26.3818111419678
85.3949643847388,22.0433300361165,5868,1894,1,566,17.627311706543,290.388732910156,12.9421863555908,23.8117618560791
85.3908020039672,22.0426326387193,5869,1894,1,540,8.80494976043701,320.138275146484,14.6280670166016,12.0830459594727
85.3947782728631,22.0437522302072,5870,1894,1,561,16.0570697784424,289.124664306641,14.366888999939,20.7123146057129
85.3940498017869,22.0422253177309,5871,1894,1,557,15.4236927032471,302.342803955078,10.4823093414307,22.7815723419189
85.3941372413566,22.0427741351233,5872,1894,1,542,17.004976272583,295.403747558594,10.4519653320312,23.366641998291
85.4129321871742,22.0423904243959,5873,1895,1,559,15.6370315551758,107.034889221191,5.72897243499756,19.6214160919189
85.4149260795527,22.0422896144968,5874,1896,1,535,15.8355712890625,28.1485576629639,12.6867122650146,23.1516742706299
85.4333795874979,22.0424441739167,5875,1897,1,497,15.6913747787476,187.060760498047,6.35690975189209,20.6397666931152
85.4515849399934,22.0424891610307,5876,1898,1,470,22.5962791442871,43.1981544494629,23.9306716918945,32.5729942321777
85.4513064058191,22.042902491378,5877,1898,1,472,15.9486675262451,40.5031242370605,17.6063652038574,22.427661895752
85.4521108876883,22.0419970725389,5878,1898,1,479,18.5343837738037,26.7835845947266,26.0910530090332,28.2311878204346
85.4503646571793,22.042543389625,5879,1898,1,480,17.8666324615479,336.314147949219,12.6243915557861,24.7588367462158
85.4506317645125,22.0429311465516,5880,1898,1,465,11.1250200271606,28.8757400512695,10.0995531082153,18.8679618835449
85.4508809761723,22.042519515862,5881,1898,1,485,19.2724266052246,350.047637939453,10.6014308929443,26.1151294708252
85.4514934870436,22.0419637974338,5882,1898,1,487,15.6615419387817,56.2412872314453,26.0910530090332,26
85.4573741448645,22.042303462275,5883,1899,1,478,17.1895637512207,336.131103515625,13.0034971237183,24.1867733001709
85.4565134460831,22.0421623615944,5884,1899,1,475,15.1707000732422,356.349060058594,16.0419044494629,22.3606796264648
85.4584935907154,22.0425025314193,5885,1899,1,481,8.63901805877686,336.562591552734,11.9893474578857,17.7482395172119
85.4578876032121,22.0422590929803,5886,1899,1,482,18.3660106658936,337.849212646484,11.5777950286865,24.7386341094971
85.412163717891,22.0417619385159,5887,1900,1,562,12.966028213501,175.699371337891,14.1162166595459,19.1572437286377
85.4110208811085,22.0417059789218,5888,1900,1,554,17.5297527313232,189.438247680664,8.98386096954346,23.7486839294434
85.4115681594306,22.0417011692632,5889,1900,1,557,17.0255031585693,167.79313659668,8.22871494293213,23.5584373474121
85.4105193252244,22.0418147320601,5890,1900,1,563,8.87285327911377,215.496505737305,17.0404796600342,19.5448207855225
85.3998467876012,22.0409182628183,5891,1901,1,593,16.7097949981689,345.851440429688,8.84163093566895,22.912878036499
85.4003969898273,22.0407309828773,5892,1901,1,607,13.2593288421631,352.632873535156,14.4275970458984,21.2602920532227
85.5530845997006,22.0423493438684,5893,1902,1,472,15.9283237457275,44.0860252380371,9.48066234588623,21.3541564941406
85.4971427894059,22.0419465211529,5894,1903,1,433,15.9671211242676,227.664566040039,10.5226602554321,21.1187114715576
85.4964187059111,22.0420519185897,5895,1903,1,431,19.4211711883545,217.74462890625,15.4514894485474,25.4754791259766
85.4966116764951,22.0425574259519,5896,1903,1,440,14.1303615570068,282.222991943359,14.7187538146973,18.8679618835449
85.4969360391799,22.0413633273632,5897,1903,1,426,14.1707134246826,262.5361328125,8.32466697692871,18.3303031921387
85.4117882885515,22.0405453770954,5898,1904,1,527,6.83593654632568,163.258407592773,11.5622091293335,13.1909055709839
85.4126636718396,22.0409540595342,5899,1904,1,546,16.8134994506836,208.124893188477,13.3099737167358,22.3383083343506
85.4131567955506,22.0406640002692,5900,1904,1,543,16.3125457763672,174.073959350586,10.3310508728027,22
85.4110875410459,22.0405890006257,5901,1904,1,531,8.30241870880127,162.794708251953,12.9772605895996,12.6885776519775
85.4123291684382,22.0405801460623,5902,1904,1,524,8.45249843597412,186.672134399414,14.1453485488892,17.8605709075928
85.4606723113515,22.0407851471555,5903,1905,1,492,13.5987319946289,68.1072158813477,6.00870132446289,19.078784942627
85.4783660981917,22.0410217808469,5904,1906,1,443,15.8580598831177,33.1635971069336,9.69108009338379,20.6397666931152
85.5445512768708,22.0430715842301,5905,1907,1,452,21.5728511810303,276.549713134766,11.1309852600098,28.9309520721436
85.54420554752,22.0453894695141,5906,1907,1,446,16.6580486297607,264.496002197266,19.1642360687256,23.259407043457
85.544230687183,22.0439262646978,5907,1907,1,440,18.2941112518311,262.876251220703,17.9180583953857,25.6124973297119
85.5442345393084,22.0416856714637,5908,1907,1,431,15.9408483505249,247.197311401367,20.1993370056152,23.1732597351074
85.5441162759919,22.0425616680456,5909,1907,1,440,15.5012283325195,264.911437988281,22.4716873168945,23.6854381561279
85.5445700231026,22.0421129326452,5910,1907,1,448,22.6389865875244,245.613891601562,8.3660831451416,30.1993370056152
85.5456138483589,22.0412802688842,5911,1907,1,448,13.6310348510742,195.485809326172,8.6796178817749,18.2208671569824
85.5450452004908,22.0416979394127,5912,1907,1,455,16.2231483459473,212.280288696289,8.0422477722168,21.0713081359863
85.5445174397195,22.0448907319111,5913,1907,1,459,20.0047740936279,264.831085205078,13.8956508636475,27.349588394165
85.5440505402903,22.0444361226689,5914,1907,1,441,18.1006050109863,262.069244384766,17.4896659851074,27.0554981231689
85.4147397140741,22.0405570594006,5915,1908,1,529,16.0251998901367,166.086639404297,3.53230667114258,22.1810722351074
85.4156654047529,22.0415964308237,5916,1908,1,517,19.3704700469971,96.0245056152344,20.9747657775879,29.2745628356934
85.4157438776777,22.0409309129285,5917,1908,1,510,17.7227764129639,99.6005783081055,17.5095252990723,28.5306854248047
85.4151488216481,22.0408144541592,5918,1908,1,532,15.2970485687256,137.265045166016,14.5417175292969,20.6155281066895
85.413897180682,22.0404742247985,5919,1908,1,530,16.6768531799316,177.522552490234,8.72928714752197,22.3159141540527
85.4157148732702,22.042111136153,5920,1908,1,521,11.4470901489258,63.5482788085938,14.6643381118774,17.9722003936768
85.4152842609188,22.0403287920565,5921,1908,1,514,8.12105464935303,135.913970947266,14.1864175796509,16.5831241607666
85.4487442459588,22.040408451743,5922,1909,0,509,17.6218757629395,309.232330322266,6.97001075744629,23.9374179840088
85.4785063623562,22.0407487323927,5923,1910,1,443,16.5301189422607,54.534984588623,9.08296394348145,20.7364406585693
85.4512635589995,22.0409735411321,5924,1911,1,506,19.4715270996094,60.0903739929199,8.88929748535156,25.3574447631836
85.4535317166231,22.0406330340081,5925,1911,1,486,16.8993129730225,332.957580566406,9.9167308807373,22.5610275268555
85.4527457051859,22.040511538914,5926,1911,1,484,16.9359645843506,10.6190271377563,7.1452465057373,23.021728515625
85.4522612418595,22.0404398411788,5927,1911,1,499,15.5506248474121,32.8814010620117,9.10183048248291,20.5426387786865
85.4510436021066,22.0413780342547,5928,1911,1,508,15.221923828125,66.9363861083984,7.64335250854492,21.4009342193604
85.4515469024232,22.0403766424405,5929,1911,1,509,15.7106437683105,50.109432220459,8.69483947753906,20.4939022064209
85.4537689375208,22.0411765477264,5930,1911,1,474,15.1505851745605,331.428955078125,11.1597852706909,20.2237491607666
85.3913330957074,22.0395862472634,5931,1912,1,571,14.5101823806763,255.317321777344,9.75896644592285,19.9749851226807
85.5462121796691,22.0412584194266,5932,1913,1,450,15.3046522140503,196.494323730469,6.42927646636963,19.9499378204346
85.4170724830147,22.0396886003107,5933,1914,1,528,15.9223117828369,26.9956207275391,11.724157333374,22.5166606903076
85.4176758743074,22.0396274431752,5934,1914,1,515,15.6248760223389,26.5889377593994,16.7302322387695,24.7386341094971
85.4405294166921,22.0397438478967,5935,1915,1,479,17.516902923584,235.141174316406,10.6486330032349,25.5147018432617
85.4421592519895,22.0422619403113,5936,1915,1,467,17.4877300262451,27.7627735137939,12.9166498184204,23.345235824585
85.4410472221754,22.0421504088334,5937,1915,1,484,21.0766353607178,8.37203121185303,18.3847770690918,32.526912689209
85.4397559958095,22.0402041017746,5938,1915,1,474,15.9728136062622,236.039123535156,7.39902305603027,22.9346904754639
85.4395593527968,22.0425347696857,5939,1915,1,463,15.3763236999512,329.84912109375,16.0906314849854,20.7364406585693
85.4405508379827,22.0425614377218,5940,1915,1,459,11.5948934555054,357.588531494141,19.502025604248,16.3707046508789
85.4401768081546,22.040623831227,5941,1915,1,486,18.2383651733398,259.243927001953,5.5899600982666,23.6220245361328
85.4416108571784,22.041938821097,5942,1915,1,484,16.8926486968994,31.7294616699219,13.384485244751,22.4499435424805
85.4400717256506,22.0412455191074,5943,1915,1,487,19.050724029541,270,11.1628608703613,24.2280826568604
85.4411574961649,22.0425976450918,5944,1915,1,459,8.45582008361816,15.1483030319214,21.2877941131592,11.9163751602173
85.4107043034806,22.03979062449,5945,1916,1,542,18.7623176574707,47.4767761230469,23.8204574584961,25
85.4121798662142,22.0396325104173,5946,1916,1,544,24.633228302002,7.0292706489563,14.935941696167,35.0285606384277
85.4129131606737,22.0393623421409,5947,1916,1,550,15.984227180481,30.8202266693115,24.0278472900391,25.2388591766357
85.4113122921956,22.0395915166942,5948,1916,1,545,26.782434463501,2.45062589645386,19.6603336334229,39.5600814819336
85.4102313742068,22.0401433627641,5949,1916,1,543,15.9076251983643,54.8706474304199,11.3618183135986,20.6155281066895
85.4117583173291,22.0399221716469,5950,1916,1,534,16.0200500488281,1.72296488285065,27.6590156555176,21.6564083099365
85.41069197662,22.0393102589218,5951,1916,1,566,16.6836910247803,9.95237255096436,35.7390785217285,28.4780616760254
85.4117634255995,22.039345165249,5952,1916,1,562,19.4421119689941,9.14723014831543,30.7394599914551,31.5911388397217
85.3969837094005,22.0394459438009,5953,1917,1,625,17.1698341369629,354.387939453125,17.9367027282715,24.2899150848389
85.3976835121455,22.0393115235482,5954,1917,1,641,17.0939292907715,359.195770263672,23.274621963501,27.910572052002
85.3982945650664,22.0396438972027,5955,1917,1,619,25.5385723114014,24.5549221038818,23.3222217559814,36.9594383239746
85.3992411823181,22.0394788205126,5956,1917,1,605,25.0546970367432,358.941833496094,32.0898132324219,38.2622528076172
85.3986622502929,22.0393122574806,5957,1917,1,633,23.338098526001,25.4796600341797,35.1678009033203,40.5462684631348
85.3965020334348,22.0393854266646,5958,1917,1,623,15.8562498092651,342.305419921875,16.5538425445557,22.9564800262451
85.3931481590375,22.0413990046836,5959,1918,1,568,18.1261367797852,8.33988857269287,15.6689224243164,25.4950981140137
85.3932201223776,22.0406641499162,5960,1918,1,605,13.6249103546143,18.6961479187012,24.6355094909668,21.7255611419678
85.3920722623433,22.0393437011121,5961,1918,1,592,18.1113891601562,222.304229736328,16.8654460906982,29.6984844207764
85.3946588349199,22.0421962833377,5962,1918,1,567,14.7614030838013,290.970062255859,7.62433242797852,21.8403301239014
85.3941880429664,22.0419195008608,5963,1918,1,557,13.3259525299072,298.989410400391,8.7172794342041,19.5448207855225
85.3917190794751,22.040044479259,5964,1918,1,587,17.7363586425781,267.060882568359,6.28897476196289,22.6495037078857
85.3922762264486,22.0405002839964,5965,1918,1,602,17.8213558197021,313.526062011719,15.1987552642822,25.7487869262695
85.3937286505059,22.0413804427928,5966,1918,1,568,20.8551445007324,339.436767578125,8.33604049682617,29.3598365783691
85.3926267741039,22.0394745566229,5967,1918,1,603,15.0270137786865,198.758483886719,23.6971244812012,29.9666481018066
85.3944045871505,22.0414225750698,5968,1918,1,579,16.3579864501953,329.999877929688,13.977557182312,22.0454082489014
85.4482659876203,22.0398100659675,5969,1919,0,509,14.3296699523926,291.663055419922,13.7494602203369,19.2353839874268
85.5018615104349,22.040268135623,5970,1920,1,430,15.0298137664795,154.275268554688,7.94430637359619,19.9749851226807
85.5537142788278,22.0414881246228,5971,1921,1,475,16.9472408294678,67.0342178344727,12.0682849884033,21.3307285308838
85.5542509340769,22.0409251916045,5972,1921,1,469,16.6312599182129,69.9317855834961,10.9122695922852,22.0680770874023
85.5536177753402,22.0420884815886,5973,1921,1,466,15.9728136062622,56.0391159057617,9.98299026489258,20.688159942627
85.5543719632245,22.0404062093628,5974,1921,1,471,16.1439018249512,92.435302734375,9.66631698608398,20.7364406585693
85.5540959586016,22.0418299569251,5975,1921,1,463,15.3360767364502,70.7982559204102,12.2465238571167,19.6214160919189
85.4159677876018,22.0402886146327,5976,1922,1,517,16.5619926452637,318.112762451172,11.0132989883423,22.0454082489014
85.4155203613029,22.0395054115965,5977,1922,1,544,25.6184558868408,343.258392333984,44.1127700805664,46.357307434082
85.4149332649905,22.0392851047148,5978,1922,1,530,27.2990055084229,340.963409423828,30.0797576904297,39.0512466430664
85.4159371421893,22.0397521520157,5979,1922,1,536,20.2002849578857,339.393371582031,24.2693634033203,28.5657138824463
85.4144693935036,22.0395009397944,5980,1922,1,525,18.0197010040283,354.67041015625,29.7776279449463,27.8388214111328
85.4610227851609,22.0395551489084,5981,1923,1,485,16.0570697784424,109.124664306641,9.52509212493896,24.2899150848389
85.41926002371,22.0392628125027,5982,1924,1,513,17.3299713134766,29.8672657012939,8.63066864013672,23.259407043457
85.4197450616777,22.039225930492,5983,1924,1,507,15.4048480987549,36.5337753295898,13.4614477157593,20.688159942627
85.4406519934024,22.0392816679559,5984,1925,1,474,16.5619926452637,221.887237548828,14.7443723678589,22.3606796264648
85.4424267041582,22.039318161142,5985,1926,0,514,14.6786079406738,294.998718261719,29.6077404022217,30.935417175293
85.5554033561302,22.0402381759065,5986,1927,1,451,16.0012722015381,96.5675964355469,7.98014545440674,21.0950222015381
85.4180394111346,22.0388269232905,5987,1928,1,531,15.1355638504028,35.0642585754395,6.71083450317383,19.5959186553955
85.4449173919626,22.0390301483126,5988,1929,0,526,11.7774505615234,320.075500488281,28.7168025970459,21.6564083099365
85.4456362913645,22.0391075087858,5989,1929,0,530,14.0585489273071,47.8343925476074,35.1448745727539,20.8326663970947
85.4443885170542,22.0392120556163,5990,1929,0,519,13.4128227233887,348.515197753906,23.2280120849609,28.0891437530518
85.4468911654322,22.0390804989546,5991,1930,0,503,9.49020767211914,38.2951583862305,24.2981491088867,19.8997478485107
85.4475393405164,22.039050293801,5992,1930,0,500,12.3745098114014,13.6559066772461,30.4068717956543,23.9582977294922
85.4464404689123,22.0392758555525,5993,1930,0,509,13.636739730835,54.9293060302734,20.4487323760986,20.3715496063232
85.4514398328172,22.0393061072025,5994,1931,1,509,15.6132612228394,137.185455322266,10.8507242202759,23.9374179840088
85.4601579095922,22.0391718419265,5995,1932,1,487,25.4353179931641,180,21.8515090942383,37.7888870239258
85.459380031589,22.0389002920988,5996,1932,1,477,15.5852813720703,181.773620605469,24.4365615844727,21.1187114715576
85.4604703046309,22.0396681944907,5997,1932,1,498,16.9082546234131,132.405380249023,22.5312881469727,28.6006984710693
85.4593261815973,22.039412750208,5998,1932,1,487,16.5635051727295,200.384246826172,17.384204864502,23.4307498931885
85.4597450733426,22.0396655574002,5999,1932,1,507,18.8531837463379,196.147079467773,24.7121906280518,35.3128852844238
85.3952241790923,22.0380277797484,6000,1933,1,620,15.0894947052002,276.987243652344,10.2071418762207,18.9736652374268
85.3998263566556,22.0382666850132,6001,1934,1,608,15.7106437683105,129.890563964844,6.76054000854492,20.7605400085449
85.5541568101184,22.0397037048074,6002,1935,1,466,15.2358055114746,152.638977050781,6.549880027771,21.1660099029541
85.5536397786375,22.0395464386821,6003,1935,1,469,15.5800094604492,162.894378662109,6.549880027771,21.7485637664795
85.39496209141,22.0377700272867,6004,1936,1,613,15.519458770752,293.493041992188,10.023796081543,19.8494338989258
85.5521320228362,22.0397327020379,6005,1937,1,489,4.56219482421875,150.865783691406,22.8038997650146,10.3440799713135
85.5511892247654,22.0393985766415,6006,1937,1,478,16.183219909668,167.108520507812,10.5463762283325,22.3159141540527
85.5525851726484,22.0395565190838,6007,1937,1,478,18.8124485015869,148.701797485352,16.2310028076172,27.2763633728027
85.5520177178611,22.0392799649126,6008,1937,1,473,18.4442653656006,169.560699462891,7.74296379089355,25.1594905853271
85.4490919537014,22.0381231071175,6009,1938,1,551,15.5152082443237,285.416564941406,8.20355033874512,19.3390789031982
85.5470612569426,22.0409808414514,6010,1939,1,458,17.2701854705811,271.511352539062,14.9801368713379,24.6779251098633
85.5482219902713,22.0384496501768,6011,1939,1,462,15.3779592514038,241.508666992188,5.63474655151367,19.7737197875977
85.5468477346153,22.039161924735,6012,1939,1,453,16.7342987060547,232.148025512695,7.96403694152832,21.9544982910156
85.5469736415696,22.0396840689612,6013,1939,1,467,19.3314113616943,274.692535400391,6.39313697814941,25.3574447631836
85.5469097303802,22.0402239626603,6014,1939,1,464,21.1467018127441,276.695587158203,7.55305290222168,27.910572052002
85.5477303258293,22.0390703992557,6015,1939,1,469,18.7208557128906,223.456970214844,9.51665496826172,24.145393371582
85.4027194221962,22.0369331806139,6016,1940,1,571,15.1707000732422,183.650939941406,14.50537109375,22.3606796264648
85.4021812366048,22.0368607490234,6017,1940,1,570,17.2202053070068,187.20051574707,12.3525676727295,25.1197128295898
85.5230580961658,22.03810702219,6018,1941,1,432,12.5124950408936,301.150329589844,7.7559700012207,18.5741748809814
85.4469031926033,22.0371004878295,6019,1942,1,551,15.5012283325195,84.9114303588867,7.10251426696777,19.3907203674316
85.4480596253836,22.0372283720087,6020,1943,1,552,15.0472021102905,288.679107666016,13.287314414978,23.1084403991699
85.4480787274699,22.036467454375,6021,1943,1,560,13.8014583587646,309.362274169922,12.8860683441162,18.7616634368896
85.3946002947122,22.0361363136207,6022,1944,0,598,11.944652557373,268.889495849609,6.3784122467041,16.7032928466797
85.3952165454632,22.0360023023415,6023,1944,0,609,16.7841987609863,306.733795166016,10.0218639373779,24.6170673370361
85.3944139479205,22.0357117655302,6024,1944,0,606,21.3491268157959,342.652496337891,13.7890338897705,29
85.3950734365168,22.036451038356,6025,1944,0,608,16.3075675964355,228.803253173828,9.6685152053833,20.8326663970947
85.4002715486307,22.0363178732948,6026,1945,1,573,15.2146711349487,89.1362380981445,5.71714305877686,19.2873020172119
85.4003781494566,22.0358524158689,6027,1945,1,571,15.6741933822632,100.098114013672,7.19375133514404,20
85.4208313092925,22.0366259829737,6028,1946,1,508,14.1204090118408,95.6117706298828,15.0475654602051,20.6155281066895
85.4208958513743,22.035975935855,6029,1946,1,502,12.8055830001831,116.804206848145,7.56122779846191,17.4928550720215
85.4001483618357,22.035465061744,6030,1947,1,577,14.5268936157227,91.8134307861328,7.49534034729004,18.4390888214111
85.4413223964435,22.0358697342603,6031,1948,1,490,14.0594329833984,357.035980224609,9.45235824584961,20.5912609100342
85.3906275175202,22.0360502225818,6032,1949,1,587,21.1537322998047,347.108520507812,13.9077816009521,30.5450477600098
85.3912218288101,22.0367239919813,6033,1949,1,569,19.6149158477783,351.642730712891,17.0331516265869,26.608268737793
85.3898745349059,22.036384932369,6034,1949,1,568,16.727388381958,338.072814941406,,18.2208671569824
85.3901443365801,22.0359872732324,6035,1949,1,591,19.1727104187012,329.403747558594,14.4515705108643,25.3771553039551
85.3919275527574,22.0367453009545,6036,1949,1,565,16.8451328277588,20.8796787261963,16.7296104431152,24.2899150848389
85.389841356835,22.0351845511362,6037,1949,1,602,16.7131805419922,328.833953857422,,17.1755638122559
85.3910601165478,22.0362678581116,6038,1949,1,589,16.6768531799316,357.522552490234,14.2833938598633,24.6779251098633
85.390537643381,22.0366088390663,6039,1949,1,563,13.8935060501099,353.989929199219,22.1810913085938,18.7349948883057
85.4441143761736,22.0362608597581,6040,1950,1,516,15.4048480987549,323.466217041016,15.4531564712524,25.826343536377
85.4438490376311,22.0356798520779,6041,1950,1,516,11.9951486587524,293.905487060547,10.418158531189,15.7797336578369
85.4434198224629,22.0360760921212,6042,1950,1,501,15.3779592514038,298.491333007812,10.2419786453247,19.8494338989258
85.5490875089816,22.0370838407818,6043,1951,1,461,17.5297527313232,189.438247680664,14.2790508270264,26.153392791748
85.5497725575623,22.0369486942895,6044,1951,1,454,16.8587474822998,189.014511108398,20.0571918487549,24.145393371582
85.548620973196,22.036846409893,6045,1951,1,445,14.7148847579956,190.416152954102,20.7682285308838,25.5342903137207
85.5266342117231,22.036414110624,6046,1952,1,450,6.02681827545166,26.7262935638428,15.9020099639893,12.4096736907959
85.5484292661461,22.0366605801764,6047,1953,1,441,6.13286638259888,203.68586730957,17.5342903137207,10
85.4512586776556,22.036080827966,6048,1954,1,513,15.2220001220703,79.5831680297852,18.0626220703125,22
85.4509894027116,22.0368698659184,6049,1954,1,507,19.6539154052734,40.7415542602539,33.110466003418,33.7194290161133
85.4507327617951,22.035521154932,6050,1954,1,532,15.227855682373,87.4102783203125,10.5709028244019,20.3224010467529
85.4504983612479,22.0369897428159,6051,1954,1,534,24.8119411468506,92.5413818359375,27.6430282592773,35.4118614196777
85.4507806562941,22.0386596206378,6052,1954,1,520,18.1621971130371,90,17.1659488677979,26.0959758758545
85.4507673855017,22.036210716337,6053,1954,1,534,17.2871227264404,86.9794006347656,17.9055976867676,22.2934970855713
85.4508039546034,22.0380471549283,6054,1954,1,518,23.7629547119141,98.0293807983398,22.4070205688477,34.7994270324707
85.4504322395045,22.0389963494597,6055,1954,1,533,20.1492748260498,90.6402282714844,15.3252058029175,26.3818111419678
85.4505265302659,22.0394946890034,6056,1954,1,537,15.3073949813843,102.105270385742,12.9060678482056,21.8632106781006
85.4503919587638,22.0377970112481,6057,1954,1,537,28.2023124694824,93.5066680908203,21.2451171875,39.8998756408691
85.4200530280952,22.0352828372684,6058,1955,1,512,15.93874168396,100.756080627441,6.41860198974609,20.0997505187988
85.440502270254,22.0354859577366,6059,1956,1,485,15.221923828125,293.063598632812,4.85626888275146,19.4164886474609
85.4425443560523,22.0351690168651,6060,1957,1,502,15.306206703186,328.636535644531,15.3604068756104,20.1990089416504
85.4425823020464,22.0356615805711,6061,1957,1,499,18.5946140289307,324.735168457031,10.6871290206909,24.8997993469238
85.443086443023,22.0357663477609,6062,1957,1,496,15.655312538147,320.839050292969,8.16659927368164,20.6155281066895
85.3907732039497,22.0347568831379,6063,1958,0,617,4.92708301544189,357.129913330078,25.4914016723633,10.0498752593994
85.3909605471902,22.035192301578,6064,1958,0,605,10.9498910903931,347.108520507812,15.5916948318481,18.2482872009277
85.3901050785629,22.0346067591269,6065,1958,0,619,6.99210405349731,20.6066207885742,23.8125267028809,11.3137083053589
85.3922884683731,22.0362906335751,6066,1958,0,579,12.7111492156982,11.0323762893677,13.3504590988159,17.4642486572266
85.390386380922,22.0357508157909,6067,1958,0,596,14.8852672576904,343.003845214844,18.5867881774902,22.5610275268555
85.3902941617047,22.0352308763373,6068,1958,0,607,13.2046375274658,340.661987304688,8.58681201934814,18.8679618835449
85.3917758678066,22.036301733774,6069,1958,0,577,15.9223117828369,26.9956207275391,15.3408756256104,23.4307498931885
85.3914400977624,22.0359143815366,6070,1958,0,590,14.8754739761353,33.5398712158203,19.7351703643799,21.0950222015381
85.3909339515291,22.0358449271205,6071,1958,0,599,12.7750692367554,16.5923690795898,17.0417404174805,22.715633392334
85.4399882396922,22.0349912676748,6072,1959,1,473,15.0427894592285,264.748199462891,7.63072109222412,19.6723155975342
85.45220137262,22.035991136468,6073,1960,1,520,19.4706859588623,355.799011230469,8.26720428466797,26.3628520965576
85.4518820916738,22.0354967199905,6074,1960,1,539,11.8370170593262,323.325775146484,18.1112251281738,18.1383571624756
85.4532046097748,22.0348427063572,6075,1960,1,534,16.3640842437744,91.600212097168,17.4478149414062,23.5796527862549
85.4524785451053,22.0355432739528,6076,1960,1,531,18.0426635742188,16.9493274688721,7.62785720825195,25.1197128295898
85.4532864729496,22.0354254205412,6077,1960,1,515,16.5566139221191,44.1816329956055,16.395149230957,26.1342678070068
85.4211560370834,22.0348469602322,6078,1961,1,491,16.3580436706543,90,12.4999217987061,21.1187114715576
85.4210356108775,22.0341273514879,6079,1961,1,492,16.1248207092285,80.2018737792969,9.52859687805176,21.0713081359863
85.3939765219102,22.0382214150463,6080,1962,1,585,19.1125640869141,256.312316894531,16.4246025085449,26.6645832061768
85.3903613848662,22.0340489440066,6081,1962,1,640,17.2202053070068,352.799468994141,22.2953968048096,27.2946872711182
85.3924777673497,22.0363063112883,6082,1962,1,577,15.831503868103,10.5250844955444,14.2089576721191,21.1187114715576
85.3948059918957,22.0367583872637,6083,1962,1,606,19.4715270996094,240.090377807617,7.47217178344727,25.4165306091309
85.3953268202452,22.0366650483659,6084,1962,1,620,11.3213710784912,235.012802124023,11.1483545303345,15.7480154037476
85.3945233866677,22.0371503684393,6085,1962,1,603,17.6536388397217,247.264236450195,15.3657073974609,23.259407043457
85.392140775912,22.0354854967208,6086,1962,1,597,23.8581581115723,352.710723876953,14.8997535705566,33.6303443908691
85.3929035986018,22.0357347956311,6087,1962,1,595,23.9816761016846,12.3259592056274,9.42513656616211,33.0907859802246
85.3910083532466,22.0338294850833,6088,1962,1,643,20.1837749481201,330.450958251953,24.491268157959,28.8790588378906
85.3937646491373,22.0354252912613,6089,1962,1,607,25.3997821807861,345.25390625,11.9346942901611,36.5923500061035
85.4406056325717,22.0345604706407,6090,1963,1,485,16.5566139221191,224.181640625,5.83232498168945,22.8910465240479
85.441312251419,22.0344866868401,6091,1963,1,494,15.3090515136719,199.338012695312,11.6836013793945,20.8086528778076
85.4552096962751,22.0347708840955,6092,1964,1,520,18.4877662658691,6.67213344573975,11.3495864868164,26.2297534942627
85.4557868081957,22.0348206407435,6093,1964,1,510,18.1823635101318,38.1474227905273,13.0281753540039,24.1867733001709
85.4547390400975,22.0344434897183,6094,1964,1,525,16.4206428527832,325.164703369141,15.5967578887939,22.1133441925049
85.4546648591772,22.0348941801033,6095,1964,1,514,18.7147045135498,342.958801269531,10.6066093444824,26.0959758758545
85.5226639723488,22.0352076554841,6096,1965,1,436,15.467698097229,201.024917602539,4.68815994262695,20.4694900512695
85.5216008822431,22.0348310739769,6097,1966,1,427,15.5055046081543,171.950408935547,7.09592151641846,20.7364406585693
85.520774346812,22.0351140658333,6098,1966,1,418,18.0481662750244,250.14013671875,33.9444122314453,28.809720993042
85.5208824887192,22.035978544781,6099,1966,1,439,17.9085369110107,288.492370605469,31.2583427429199,31.9061126708984
85.5205367736132,22.0355319777167,6100,1966,1,421,22.7014255523682,262.113739013672,30.4085369110107,32.5729942321777
85.5209187059143,22.0365837064321,6101,1966,1,423,15.6205587387085,318.405426025391,14.6157636642456,20.5182838439941
85.521074455431,22.03548395204,6102,1966,1,441,19.9067306518555,254.906188964844,33.8083076477051,37.5499649047852
85.5248595436308,22.034968375833,6103,1967,1,446,15.0727949142456,188.293884277344,6.87560653686523,20.3224010467529
85.5242979697752,22.0351533740303,6104,1967,1,448,15.8355712890625,208.148559570312,9.74337768554688,20.5912609100342
85.417334078539,22.0338336906846,6105,1968,1,521,15.7976589202881,179.125839233398,6.31002521514893,20.9045448303223
85.4178326557051,22.0338843197298,6106,1968,1,521,15.3617868423462,179.099746704102,7.67578792572021,20.4939022064209
85.4497985798566,22.0342537506298,6107,1969,1,552,22.5231456756592,30.6665744781494,21.9621047973633,35.2845573425293
85.4494618029423,22.0347620364179,6108,1969,1,557,19.49147605896,90,8.41830444335938,24.9599685668945
85.450906925731,22.0341765640566,6109,1969,1,542,21.7965278625488,13.1011581420898,26.3027763366699,34.5687713623047
85.451445249009,22.0342293771841,6110,1969,1,542,20.3804759979248,353.327880859375,26.3027763366699,31.0644493103027
85.4493174017131,22.0340853560764,6111,1969,1,573,15.1505851745605,28.571044921875,28.4289016723633,24.7588367462158
85.4504007139447,22.0339799505196,6112,1969,1,565,22.1799583435059,9.75320434570312,22.6132717132568,33.1662483215332
85.444087546231,22.0339143489343,6113,1970,1,501,16.6047134399414,206.661880493164,13.335560798645,25.3771553039551
85.4209905978521,22.0337231475023,6114,1971,1,491,16.6508769989014,101.064743041992,12.6909561157227,22.3383083343506
85.4211960800779,22.033307789173,6115,1971,1,490,15.7566556930542,101.737640380859,14.7293605804443,20.856653213501
85.5266132189756,22.0344741217773,6116,1972,1,450,15.467698097229,201.024917602539,15.3696203231812,21.0713081359863
85.5261401742575,22.0343302859279,6117,1972,1,443,19.5727863311768,205.915908813477,11.1717224121094,26.3058929443359
85.5256630730648,22.0344754059778,6118,1972,1,440,17.6915473937988,202.265670776367,10.2914066314697,24.6576557159424
85.4722266007801,22.0337832978542,6119,1973,1,475,15.5858039855957,116.164482116699,10.4083490371704,19.6977157592773
85.4721819555039,22.0332831298747,6120,1973,1,466,15.0170841217041,132.25617980957,8.13212203979492,20.3960781097412
85.4749514262496,22.0337223524206,6121,1974,1,463,17.2448501586914,131.330718994141,14.0609636306763,23.2163734436035
85.4753504509302,22.0348076353761,6122,1974,1,454,15.0778646469116,50.2699966430664,15.7295331954956,20.1494407653809
85.474166978262,22.0346617110582,6123,1974,1,473,16.2316627502441,359.150451660156,8.45773792266846,21.6794834136963
85.4747841369222,22.03474966784,6124,1974,1,471,20.8491363525391,41.0993881225586,12.3583431243896,29.8663692474365
85.47507949562,22.0342327677099,6125,1974,1,467,19.0955104827881,85.92529296875,12.6937675476074,25.278450012207
85.4746560815989,22.0333363661851,6126,1974,1,463,15.2358055114746,152.638977050781,13.6903963088989,21.023796081543
85.5360281206826,22.0340295836567,6127,1975,1,463,16.576322555542,313.526062011719,9.64973068237305,22.3383083343506
85.5382921047699,22.0342213831527,6128,1976,1,457,21.718074798584,23.6384868621826,15.4859409332275,30.740852355957
85.5390311936581,22.0340525743546,6129,1976,1,458,20.0535564422607,27.4630107879639,17.8723182678223,27.4043788909912
85.5371609492122,22.0341819096802,6130,1976,1,466,15.7546186447144,351.198974609375,8.64886474609375,21.6101837158203
85.537661467275,22.0342351747355,6131,1976,1,466,15.6065692901611,356.456146240234,12.3791484832764,20.9523277282715
85.536590197933,22.0343405534636,6132,1976,1,461,15.6034088134766,345.68212890625,11.771541595459,21.6101837158203
85.5332381535288,22.0338267799383,6133,1977,1,448,16.768404006958,348.430541992188,6.22026634216309,21.8860683441162
85.5337072296445,22.034021477726,6134,1977,1,450,16.1332664489746,341.737701416016,7.54316806793213,22
85.5344840962101,22.0339613397324,6135,1978,1,457,18.0671043395996,353.160522460938,10.4568786621094,24.3310508728027
85.5353345590813,22.0339406260892,6136,1978,1,460,17.6094226837158,10.9757261276245,11.9185056686401,24.9399280548096
85.5458512716523,22.0340840286071,6137,1979,1,448,15.1631021499634,17.6155452728271,7.4508695602417,20.3715496063232
85.4576263957729,22.033249387895,6138,1980,1,503,15.227855682373,92.5897216796875,7.60975456237793,19.0525588989258
85.4518765147906,22.033817543661,6139,1981,1,549,16.3625411987305,112.149765014648,8.0735912322998,21.9089031219482
85.451322990639,22.0328998199123,6140,1981,1,548,15.4467973709106,144.691543579102,5.70604705810547,20.7364406585693
85.4522621699903,22.0333831517394,6141,1981,1,534,15.8877048492432,116.522087097168,9.71963596343994,21.6564083099365
85.4518053546237,22.0330501272728,6142,1981,1,548,16.5929775238037,124.34130859375,5.88164329528809,21.5174350738525
85.5126184061551,22.034422004478,6143,1982,1,413,2.23944163322449,340.661987304688,41.8007469177246,10.5356540679932
85.5139048199031,22.0340223881255,6144,1982,1,443,22.2582988739014,15.914909362793,27.805196762085,35.9304885864258
85.514321450785,22.0336097814748,6145,1982,1,443,12.8531723022461,100.351501464844,22.3596744537354,21.1187114715576
85.5122895357405,22.0338742925982,6146,1982,1,425,21.2244815826416,301.150329589844,38.2108001708984,32.8329086303711
85.5136377676007,22.033240864763,6147,1982,1,436,21.0622749328613,168.360641479492,10.343391418457,29.0516777038574
85.512338543827,22.0334016929414,6148,1982,1,428,24.9939727783203,270,18.970817565918,33.6749153137207
85.5135530231176,22.0343926257057,6149,1982,1,425,22.9207210540771,2.92572021484375,36.1593971252441,38.5746040344238
85.5130237982675,22.0331943779803,6150,1982,1,437,20.0479488372803,179.322250366211,9.57598495483398,27.0554981231689
85.5133053914051,22.0339276465537,6151,1982,1,449,24.4708251953125,0.543432176113129,37.2359046936035,43.0581016540527
85.4443728182168,22.0329638863817,6152,1983,1,504,15.7503099441528,264.159576416016,5.18124008178711,20.2237491607666
85.4443667531321,22.0320335609206,6153,1983,1,498,15.2220001220703,259.583160400391,8.43523788452148,19.7989902496338
85.444490871069,22.0325105588307,6154,1983,1,501,15.9577550888062,265.064849853516,5.44977760314941,20.6155281066895
85.3993937960478,22.0371383018813,6155,1984,1,586,15.0702419281006,167.030670166016,20.4954395294189,20.1742401123047
85.3988546197462,22.0343887521976,6156,1984,1,601,22.522762298584,123.619171142578,17.0301818847656,34.2928581237793
85.3990821693407,22.0356988639642,6157,1984,1,590,22.0888767242432,88.8422622680664,29.2056465148926,33.0151481628418
85.3987907158744,22.0336441164674,6158,1984,1,588,21.4680404663086,132.65983581543,13.0178909301758,28.4604988098145
85.3989321535404,22.0374069428023,6159,1984,1,612,23.790283203125,122.642929077148,15.9625549316406,33.0454216003418
85.3991306954606,22.0361761048864,6160,1984,1,590,20.0979175567627,82.2727279663086,29.9836864471436,29.7657527923584
85.3983701214705,22.0325044822245,6161,1984,1,582,18.6102848052979,71.5449066162109,6.98169898986816,23.9582977294922
85.3993074470602,22.0352922059558,6162,1984,1,592,22.5121974945068,88.8663711547852,25.1923027038574,31.3368797302246
85.3991865554333,22.034826916066,6163,1984,1,591,20.7715873718262,98.0779571533203,18.4620018005371,28.5131549835205
85.3976236559542,22.0331602076044,6164,1984,1,602,15.0986232757568,114.223899841309,9.35658073425293,19.4422225952148
85.4457876589449,22.0318007444236,6165,1985,0,538,14.9824857711792,270,16.647439956665,19.2873020172119
85.4458832986124,22.032407273538,6166,1985,0,539,14.5101823806763,255.317321777344,15.8093242645264,19.4164886474609
85.3976836483985,22.0312694196089,6167,1986,1,597,16.8685035705566,136.89826965332,12.392071723938,24.5153007507324
85.3976740529696,22.0317221343688,6168,1986,1,609,9.55850791931152,88.604866027832,15.8958215713501,13.416407585144
85.4465365870692,22.0322865742594,6169,1987,0,563,14.5009117126465,259.957794189453,3.69730949401855,18.7349948883057
85.4461738044166,22.03310155763,6170,1987,0,553,13.8973569869995,253.638626098633,4.07801246643066,18.4390888214111
85.4456916387059,22.0329649108362,6171,1987,0,546,14.1837539672852,253.022445678711,22.1204719543457,18.8679618835449
85.4466038252183,22.0318005053009,6172,1987,0,561,14.5843992233276,258.179473876953,5.0289249420166,19
85.4467424232047,22.0327707981037,6173,1987,0,567,14.6309452056885,262.782257080078,2.99342155456543,18.5741748809814
85.4652033359001,22.0323658068117,6174,1988,0,526,16.9029960632324,320.267517089844,24.2800254821777,24.020824432373
85.4660485206745,22.0324912694219,6175,1988,0,536,11.3213710784912,304.987182617188,22.8794593811035,17.5783958435059
85.4678447514862,22.033222619864,6176,1988,0,537,10.0246963500977,4.20098495483398,16.6006546020508,24.4131107330322
85.4665249205822,22.0329338300153,6177,1988,0,531,24.3848838806152,321.062530517578,25.2691345214844,33.3016510009766
85.4668551035064,22.0324698844991,6178,1988,0,539,12.0842437744141,135.117385864258,22.0567741394043,19.1311264038086
85.4683518200023,22.0332101550767,6179,1988,0,534,5.17745542526245,5.46717882156372,21.1994323730469,15
85.4692960383661,22.0333324735172,6180,1988,0,540,10.7782182693481,187.819198608398,18.2616500854492,21.9089031219482
85.4672758293864,22.0339206745587,6181,1988,0,522,14.0914812088013,355.067779541016,11.4819774627686,28.5482044219971
85.469610199131,22.0337830015819,6182,1988,0,541,7.30288600921631,294.575836181641,38.0699768066406,11.7898263931274
85.5445768995315,22.0321898350002,6183,1989,1,448,14.7906875610352,254.694107055664,14.5291166305542,20.1246109008789
85.5441957595518,22.0333694545484,6184,1989,1,443,15.0093240737915,273.506652832031,9.9646692276001,19.2873020172119
85.5444036849721,22.0327818058131,6185,1989,1,441,17.1089286804199,264.650115966797,13.1095752716064,23.4307498931885
85.5472569542998,22.0326955725149,6186,1990,1,442,19.2726249694824,90.6718368530273,19.5768814086914,26.3058929443359
85.5470811506562,22.033485119933,6187,1990,1,450,15.8132963180542,58.5915565490723,14.4399271011353,21.3775577545166
85.5469425899321,22.0330500005267,6188,1990,1,456,17.7363586425781,87.0608901977539,18.6557006835938,25.4558448791504
85.5470307920858,22.0321842391836,6189,1990,1,452,13.6118650436401,105.718254089355,20.3371753692627,21.7025337219238
85.5474797074778,22.0331768330084,6190,1990,1,442,17.8017673492432,84.1371765136719,17.1661548614502,23.7697277069092
85.395505810745,22.0316898980549,6191,1991,1,651,7.60873079299927,104.213409423828,16.6533832550049,10.5830049514771
85.396832178991,22.0321353126098,6192,1991,1,616,22.8248291015625,70.6576995849609,24.4288349151611,32.2335243225098
85.3959672346997,22.0313772860008,6193,1991,1,632,19.9743156433105,157.664367675781,9.94745635986328,27.9463768005371
85.3963567649267,22.0329997342324,6194,1991,1,630,21.496826171875,94.178825378418,20.9571151733398,31.5277652740479
85.3966695404703,22.031551651376,6195,1991,1,622,20.7033996582031,112.314239501953,21.5834522247314,29.3938770294189
85.3967433520241,22.0310358334286,6196,1991,1,609,16.3625411987305,112.149765014648,18.8151054382324,21.9089031219482
85.3964266220421,22.0335333123798,6197,1991,1,633,16.2347297668457,105.516914367676,19.1007843017578,23.6008472442627
85.3950148424051,22.0312255653212,6198,1991,1,647,15.7573556900024,144.457458496094,13.5591039657593,21.3072757720947
85.4585880230284,22.0315065869257,6199,1992,1,484,19.2140369415283,66.4231491088867,13.8921031951904,25.690465927124
85.4588245303475,22.0320366012631,6200,1992,1,480,12.8879928588867,88.9732971191406,21.5854930877686,19.5192203521729
85.4583224742664,22.0318899692807,6201,1992,1,494,17.627311706543,69.6112823486328,14.7882013320923,24.5967483520508
85.4174981993609,22.0310828649056,6202,1993,1,491,15.1413259506226,180,11.1732597351074,22.0680770874023
85.4571794314562,22.0317598006712,6203,1994,1,502,7.86369848251343,198.211532592773,14.6593904495239,11.4455232620239
85.45737508554,22.0313108355837,6204,1994,1,484,13.1494779586792,190.647521972656,14.9891586303711,21.9089031219482
85.533226082118,22.0320003318628,6205,1995,1,453,13.3150901794434,260.024047851562,11.4069032669067,19.078784942627
85.5334550099638,22.0324115508933,6206,1995,1,459,14.6658334732056,240.945175170898,9.93383598327637,19.7484169006348
85.4073929884608,22.0308528611094,6207,1996,1,545,17.5477390289307,284.261413574219,10.5164794921875,22.158519744873
85.4072944760513,22.0314842334835,6208,1996,1,540,16.3580436706543,270,14.2249059677124,22.3159141540527
85.4577526550534,22.0310876558946,6209,1997,1,484,10.9498910903931,192.891479492188,14.8606452941895,15.9373769760132
85.3908740627257,22.0306261396388,6210,1998,1,625,17.4915866851807,242.912673950195,12.7833137512207,24.6576557159424
85.3900015712796,22.0312484837324,6211,1998,1,631,15.3161849975586,183.614532470703,,17.3205089569092
85.390681266239,22.0313896924152,6212,1998,1,645,14.9357252120972,206.942321777344,15.138277053833,21.3541564941406
85.3906898726283,22.0310962656237,6213,1999,0,634,17.5817413330078,203.268920898438,7.66558647155762,24.2487106323242
85.389867748291,22.0307933239516,6214,1999,0,624,10.874439239502,174.843490600586,,12.2474489212036
85.390259679385,22.0302135194941,6215,1999,0,,,,,
85.390588428679,22.0305823427492,6216,1999,0,620,12.1587429046631,216.943695068359,14.2653512954712,17.1464290618896
85.3974628566558,22.0302972406211,6217,2000,1,592,16.0570125579834,98.1894149780273,7.01336574554443,20.688159942627
85.397670258525,22.030721298957,6218,2000,1,592,15.5462942123413,96.7709579467773,7.23453617095947,20.4694900512695
85.4443232783677,22.0306982621689,6219,2001,1,488,13.4679260253906,246.811904907227,13.8105716705322,19.5448207855225
85.451338969008,22.0308686976594,6220,2002,1,539,16.5738067626953,99.5152893066406,8.50346183776855,21.4476108551025
85.4586577136489,22.0309649008012,6221,2003,1,484,15.4954147338867,145.90934753418,12.2882394790649,20.8806133270264
85.4581640187803,22.0309044830164,6222,2003,1,486,15.3046522140503,196.494323730469,12.5754728317261,20
85.4679203533195,22.0309899497895,6223,2004,1,467,15.7540073394775,158.455520629883,20.7857093811035,24.5967483520508
85.5423293980616,22.0318402590537,6224,2005,1,458,17.8134212493896,41.1656799316406,8.46810150146484,23.6008472442627
85.5427191664094,22.0314251099685,6225,2005,1,458,16.5955562591553,47.617000579834,6.83779335021973,21.9089031219482
85.4045068145597,22.0303031119827,6226,2006,1,524,20.1568965911865,120.420066833496,,19.2353839874268
85.4050012747545,22.030175330156,6227,2006,1,510,18.3663635253906,128.732345581055,,24.9599685668945
85.3974005964282,22.029965871305,6228,2007,1,,,,,
85.4056823377506,22.0301652839569,6229,2008,1,524,15.9663028717041,302.342803955078,,15.0996685028076
85.4429600474933,22.0380546428809,6230,2009,1,517,24.943531036377,219.129837036133,11.9306964874268,33.6303443908691
85.4480689040686,22.0393211407668,6231,2009,1,503,22.7343883514404,301.237548828125,24.6622257232666,32.4499626159668
85.4417442591079,22.040730038027,6232,2009,1,499,15.0922164916992,36.3154296875,15.527289390564,20.3224010467529
85.4423534033745,22.0384826304984,6233,2009,1,507,27.7003116607666,254.13818359375,13.8861675262451,37.0809936523438
85.4450286534562,22.0339235929644,6234,2009,1,514,19.4715270996094,240.090377807617,21.1183395385742,27.7848873138428
85.4488199020855,22.0412935433476,6235,2009,1,478,20.2782974243164,327.493347167969,14.3037662506104,27.8028774261475
85.4464827463514,22.0324475268889,6236,2009,1,559,15.4052257537842,256.227355957031,4.84143829345703,20.4939022064209
85.4489513236294,22.0405285154389,6237,2009,1,512,16.7342987060547,307.851989746094,10.2842712402344,21.5406589508057
85.4425722354113,22.04030509456,6238,2009,1,478,23.3567199707031,64.1048889160156,25.809907913208,35.3836135864258
85.4474056888985,22.0310274391454,6239,2009,1,575,27.3684978485107,241.109832763672,13.2907161712646,37.9077835083008
85.450444864377,22.0330967685088,6240,2010,1,561,15.3048810958862,138.511444091797,23.0747394561768,24.0624179840088
85.450200559344,22.0316131672702,6241,2010,1,577,30.6249942779541,71.4228286743164,28.5321826934814,46.7760620117188
85.4497807893263,22.030682833714,6242,2010,1,604,15.6868934631348,87.4898529052734,19.6766510009766,20.7123146057129
85.450467661421,22.0323479208122,6243,2010,1,550,18.7355175018311,96.9429016113281,35.3827590942383,32.863353729248
85.4506005458932,22.0305277163762,6244,2010,1,558,32.3526611328125,91.9781723022461,,38.0131568908691
85.4501033914184,22.0303396455665,6245,2010,1,594,21.3810062408447,88.3997955322266,,22.6715679168701
85.4505808613134,22.0312049807548,6246,2010,1,560,26.922945022583,83.9754943847656,32.3885650634766,38.9486846923828
85.4495868002884,22.0312853376515,6247,2010,1,607,12.8352546691895,50.9638214111328,19.0161228179932,19.7230834960938
85.4457974017835,22.0306567360304,6248,2011,0,523,14.687068939209,219.961624145508,14.5752906799316,19.8494338989258
85.4459621981315,22.0301927559453,6249,2011,0,,,,,
85.4482785116976,22.0303112402845,6250,2012,1,592,16.1600074768066,252.431701660156,,16.8819427490234
85.4484193884903,22.0309024610678,6251,2012,1,602,15.8487319946289,233.692520141602,16.2069110870361,23.1084403991699
85.4446688298714,22.0305827462991,6252,2013,1,496,15.3542242050171,253.519226074219,7.60566806793213,19.6468830108643
85.4694156039961,22.032398294248,6253,2014,1,497,22.3643989562988,175.185592651367,17.02174949646,32.4345512390137
85.4700986796279,22.033860384436,6254,2014,1,530,23.5786666870117,92.692138671875,26.2610149383545,31.1929473876953
85.4682380266974,22.0344607708297,6255,2014,1,492,16.8839244842529,358.3701171875,26.7445526123047,27.1108837127686
85.4673736856767,22.0313744906616,6256,2014,1,477,16.2875366210938,148.864776611328,18.160551071167,34.4818801879883
85.466437771738,22.034048560977,6257,2014,1,496,21.8003387451172,334.426330566406,16.6313438415527,30.3809146881104
85.4706670796682,22.033808687264,6258,2014,1,506,23.1172122955322,97.7272720336914,9.90622711181641,31.0805397033691
85.4672122556818,22.0319180771654,6259,2014,1,511,25.7201080322266,137.772994995117,14.8386611938477,35.2136344909668
85.4708098897965,22.0322784941295,6260,2014,1,469,15.7573556900024,144.457458496094,21.4673366546631,22.3383083343506
85.4663714035482,22.0318496907469,6261,2014,1,538,11.4836721420288,188.553344726562,38.7612838745117,20.3224010467529
85.4669163805762,22.0329806052598,6262,2014,1,543,15.6205587387085,318.405426025391,26.7958908081055,32.7414093017578
85.456559215725,22.0300880802399,6263,2015,1,502,19.659610748291,31.0316066741943,,18.4390888214111
85.4587809350311,22.0301913531027,6264,2016,1,469,15.3521461486816,151.174346923828,,15.5241746902466
85.464275187597,22.0302149204378,6265,2017,1,499,15.2563304901123,256.083435058594,,15.4919338226318
85.5100443092254,22.0308802865881,6266,2018,1,428,15.2220001220703,280.416839599609,10.7006578445435,21.1423740386963
85.5100438133531,22.0302185098918,6267,2018,1,,,,,
85.5432934493307,22.0301055676744,6268,2019,1,450,15.443058013916,90,,16.4924221038818
85.5427701265104,22.0300494769431,6269,2019,1,460,16.8123722076416,90,,15
85.4095443589917,22.1288689748511,6270,2020,0,465,2.12276935577393,152.237228393555,3.56776428222656,3
85.436366861647,22.1599846886483,6271,2020,0,479,3.97844171524048,276.770965576172,5.26387166976929,6.63324975967407
85.4961068048115,22.2005375599257,6272,2020,0,421,4.56219482421875,150.865783691406,4,8.18535232543945
85.441381348208,22.1147844500954,6273,2020,0,776,12.4115781784058,138.174728393555,12.5499706268311,22.5610275268555
85.4455886932969,22.1823759849969,6274,2020,0,474,1.87859082221985,180,3.08276271820068,3.46410155296326
85.5592245707665,22.2097435668986,6275,2020,0,421,3.60323047637939,204.285308837891,8.36716461181641,5.38516473770142
85.5421432153523,22.1902194750855,6276,2020,0,420,1.09502422809601,64.5962600708008,3.92480325698853,2
85.5389716872751,22.0477799464316,6277,2020,0,419,2.765212059021,306.455383300781,6.65212631225586,6.08276271820068
85.4368044108638,22.0619945206589,6278,2020,0,537,12.8298292160034,58.528678894043,10.3132076263428,17.0880069732666
85.5523539428555,22.2278109344873,6279,2020,0,444,12.7621955871582,256.389831542969,9.05538558959961,16.1864147186279
